{
    "name": "trying to fund one block too late",
    "steps": [
      {
        "step": "externalSteps",
        "path": "crowdfunding-fund.scen.json"
      },
      {
        "step": "setState",
        "currentBlockInfo": {
            "blockNonce": "123,001"
        }
      },
      {
        "step": "scCall",
        "txId": "fund-too-late",
        "tx": {
            "from": "address:donor1",
            "to": "address:the_crowdfunding_contract",
            "value": "0",
            "dcdtTokenName": "str:CrowdToken",
            "dcdtValue": "10,000,000,000",
            "function": "fund",
            "arguments": [],
            "gasLimit": "100,000,000",
            "gasPrice": "0"
        },
        "expect": {
            "status": "4",
            "message": "str:cannot fund after deadline",
            "gas": "*",
            "refund": "*"
        }
      },
      {
        "step": "checkState",
        "accounts": {
          "address:my_address": {
            "nonce": "1",
            "balance": "1,000,000",
            "storage": {}
          },
          "address:donor1": {
            "nonce": "*",
            "balance": "0",
            "storage": {},
            "dcdt": {
              "''CrowdToken": "150,000,000,000"
            }
          },
          "address:the_crowdfunding_contract": {
            "nonce": "0",
            "balance": "0",
            "storage": {
              "''owner": "address:my_address",
              "''target": "500,000,000,000",
              "''deadline": "123,000",
              "''dcdtTokenName": "str:CrowdToken",
              "''dcdtBalance": "250,000,000,000",
              "''deposit|address:donor1": "250,000,000,000"
            },
            "dcdt": {
              "''CrowdToken": "250,000,000,000"
            },
            "code": "file:../output/crowdfunding-dcdt.wasm"
          }
        }
      },
      {
        "step": "scCall",
        "txId": "check-status",
        "tx": {
            "from": "address:donor1",
            "to": "address:the_crowdfunding_contract",
            "value": "0",
            "function": "status",
            "arguments": [],
            "gasLimit": "100,000,000",
            "gasPrice": "0"
        },
        "expect": {
            "out": [ "2" ],
            "status": "0",
            "gas": "*",
            "refund": "*"
        }
      }
    ]
  }
