{
    "buildInfo": {
        "rustc": {
            "version": "1.67.0-nightly",
            "commitHash": "01fbc5ae789fc0c7a2da71d3cd908451f175e4eb",
            "commitDate": "2022-12-07",
            "channel": "Nightly",
            "short": "rustc 1.67.0-nightly (01fbc5ae7 2022-12-07)"
        },
        "contractCrate": {
            "name": "order-book-factory",
            "version": "0.0.0"
        },
        "framework": {
            "name": "dharitri-sc",
            "version": "0.39.5"
        }
    },
    "name": "Factory",
    "constructor": {
        "inputs": [
            {
                "name": "pair_template_address",
                "type": "Address"
            }
        ],
        "outputs": []
    },
    "endpoints": [
        {
            "name": "createPair",
            "mutability": "mutable",
            "inputs": [
                {
                    "name": "token_id_pair",
                    "type": "TokenIdPair"
                }
            ],
            "outputs": [
                {
                    "type": "Address"
                }
            ]
        },
        {
            "name": "getPair",
            "mutability": "readonly",
            "inputs": [
                {
                    "name": "token_id_pair",
                    "type": "TokenIdPair"
                }
            ],
            "outputs": [
                {
                    "type": "Option<Address>"
                }
            ]
        }
    ],
    "events": [],
    "hasCallback": false,
    "types": {
        "TokenIdPair": {
            "type": "struct",
            "fields": [
                {
                    "name": "first_token_id",
                    "type": "TokenIdentifier"
                },
                {
                    "name": "second_token_id",
                    "type": "TokenIdentifier"
                }
            ]
        }
    }
}
