{
    "buildInfo": {
        "rustc": {
            "version": "1.67.0-nightly",
            "commitHash": "01fbc5ae789fc0c7a2da71d3cd908451f175e4eb",
            "commitDate": "2022-12-07",
            "channel": "Nightly",
            "short": "rustc 1.67.0-nightly (01fbc5ae7 2022-12-07)"
        },
        "contractCrate": {
            "name": "str-repeat",
            "version": "0.0.0"
        },
        "framework": {
            "name": "dharitri-sc",
            "version": "0.39.5"
        }
    },
    "name": "StrRepeat",
    "constructor": {
        "inputs": [],
        "outputs": []
    },
    "endpoints": [
        {
            "name": "repeat",
            "mutability": "mutable",
            "inputs": [
                {
                    "name": "string",
                    "type": "bytes"
                },
                {
                    "name": "num_repeats",
                    "type": "u32"
                }
            ],
            "outputs": []
        },
        {
            "name": "getByteArrayLength",
            "mutability": "readonly",
            "inputs": [],
            "outputs": [
                {
                    "type": "u32"
                }
            ]
        },
        {
            "name": "getByteArray",
            "mutability": "readonly",
            "inputs": [],
            "outputs": [
                {
                    "type": "bytes"
                }
            ]
        }
    ],
    "events": [],
    "hasCallback": false,
    "types": {}
}
