{
    "name": "start lottery for the second time",
    "gasSchedule": "dummy",
    "steps": [
        {
            "step": "externalSteps",
            "path": "determine-winner-different-ticket-holders-winner-acc1.scen.json"
        },
        {
            "step": "scCall",
            "id": "start limited tickets, fixed deadline. Again.",
            "tx": {
                "from": "address:my_address",
                "to": "sc:lottery",
                "function": "start",
                "arguments": [
                    "str:lottery_name",
                    "str:LOTTERY-123456",
                    "1000",
                    "0x01|u32:200",
                    "0x01|u64:12345678905",
                    "0x",
                    "0x",
                    "0x"
                ],
                "gasLimit": "100,000,000",
                "gasPrice": "0"
            },
            "expect": {
                "out": [],
                "status": "",
                "gas": "*",
                "refund": "*"
            }
        },
        {
            "step": "checkState",
            "accounts": {
                "address:my_address": {
                    "nonce": "4",
                    "balance": "1,000,000",
                    "storage": {}
                },
                "address:acc1": {
                    "nonce": "1",
                    "balance": "1,000,000",
                    "dcdt": {
                        "str:LOTTERY-123456": "200"
                    },
                    "storage": {}
                },
                "address:acc2": {
                    "nonce": "1",
                    "balance": "1,000,000",
                    "storage": {}
                },
                "sc:lottery": {
                    "nonce": "0",
                    "balance": "0",
                    "storage": {
                        "str:lotteryInfo|nested:str:lottery_name": {
                            "0-token_identifier": "nested:str:LOTTERY-123456",
                            "1-ticket_price": "biguint:1000",
                            "2-tickets-left": "u32:200",
                            "3-deadline": "u64:12345678905",
                            "4-max_entries_per_user": "u32:800",
                            "5-prize_distribution": "nested:u8:100",
                            "6-prize_pool": "biguint:0"
                        }
                    },
                    "code": "file:../output/lottery-dcdt.wasm"
                }
            }
        }
    ]
}
