{
    "buildInfo": {
        "rustc": {
            "version": "1.80.1",
            "commitHash": "3f5fd8dd41153bc5fdca9427e9e05be2c767ba23",
            "commitDate": "2024-08-06",
            "channel": "Stable",
            "short": "rustc 1.80.1 (3f5fd8dd4 2024-08-06)"
        },
        "contractCrate": {
            "name": "check-pause",
            "version": "0.0.0"
        },
        "framework": {
            "name": "dharitri-sc",
            "version": "0.52.3"
        }
    },
    "name": "CheckPauseContract",
    "constructor": {
        "inputs": [],
        "outputs": []
    },
    "endpoints": [
        {
            "name": "checkPause",
            "mutability": "mutable",
            "inputs": [],
            "outputs": [
                {
                    "type": "bool"
                }
            ]
        },
        {
            "name": "pause",
            "onlyOwner": true,
            "mutability": "mutable",
            "inputs": [],
            "outputs": []
        },
        {
            "name": "unpause",
            "onlyOwner": true,
            "mutability": "mutable",
            "inputs": [],
            "outputs": []
        },
        {
            "name": "isPaused",
            "mutability": "readonly",
            "inputs": [],
            "outputs": [
                {
                    "type": "bool"
                }
            ]
        }
    ],
    "events": [
        {
            "identifier": "pauseContract",
            "inputs": []
        },
        {
            "identifier": "unpauseContract",
            "inputs": []
        }
    ],
    "dcdtAttributes": [],
    "hasCallback": false,
    "types": {}
}
