{
    "buildInfo": {
        "rustc": {
            "version": "1.85.0",
            "commitHash": "4d91de4e48198da2e33413efdcd9cd2cc0c46688",
            "commitDate": "2025-02-17",
            "channel": "Stable",
            "short": "rustc 1.85.0 (4d91de4e4 2025-02-17)"
        },
        "contractCrate": {
            "name": "factorial",
            "version": "0.0.0"
        },
        "framework": {
            "name": "dharitri-sc",
            "version": "1.0.1"
        }
    },
    "name": "Factorial",
    "constructor": {
        "inputs": [],
        "outputs": []
    },
    "upgradeConstructor": {
        "inputs": [],
        "outputs": []
    },
    "endpoints": [
        {
            "name": "factorial",
            "mutability": "mutable",
            "inputs": [
                {
                    "name": "value",
                    "type": "BigUint"
                }
            ],
            "outputs": [
                {
                    "type": "BigUint"
                }
            ]
        }
    ],
    "dcdtAttributes": [],
    "hasCallback": false,
    "types": {}
}
