{
    "name": "adder",
    "comment": "add then check",
    "gasSchedule": "v3",
    "steps": [
        {
            "step": "setState",
            "accounts": {
                "address:owner": {
                    "nonce": "1",
                    "balance": "0"
                }
            },
            "newAddresses": [
                {
                    "creatorAddress": "address:owner",
                    "creatorNonce": "1",
                    "newAddress": "sc:adder"
                }
            ]
        },
        {
            "step": "scDeploy",
            "id": "1",
            "tx": {
                "from": "address:owner",
                "contractCode": "drtsc:../output/adder.drtsc.json",
                "arguments": [
                    "5"
                ],
                "gasLimit": "5,000,000",
                "gasPrice": "0"
            },
            "expect": {
                "out": [],
                "status": "",
                "logs": "*",
                "gas": "*",
                "refund": "*"
            }
        },
        {
            "step": "scQuery",
            "id": "2",
            "tx": {
                "to": "sc:adder",
                "function": "getSum",
                "arguments": []
            },
            "expect": {
                "out": [
                    "5"
                ],
                "status": "",
                "logs": []
            }
        },
        {
            "step": "scCall",
            "id": "3",
            "tx": {
                "from": "address:owner",
                "to": "sc:adder",
                "function": "add",
                "arguments": [
                    "3"
                ],
                "gasLimit": "5,000,000",
                "gasPrice": "0"
            },
            "expect": {
                "out": [],
                "status": "",
                "logs": "*",
                "gas": "*",
                "refund": "*"
            }
        },
        {
            "step": "checkState",
            "accounts": {
                "address:owner": {
                    "nonce": "*",
                    "balance": "0",
                    "storage": {},
                    "code": ""
                },
                "sc:adder": {
                    "nonce": "0",
                    "balance": "0",
                    "storage": {
                        "str:sum": "8"
                    },
                    "code": "drtsc:../output/adder.drtsc.json"
                }
            }
        }
    ]
}
