{
    "name": "create sale auction not owner",
    "gasSchedule": "dummy",
    "steps": [
        {
            "step": "externalSteps",
            "path": "end_auction_second_bid_max_early.scen.json"
        },
        {
            "step": "setState",
            "currentBlockInfo": {
                "blockTimestamp": "100,000"
            }
        },
        {
            "step": "scCall",
            "id": "tx-create-sale-auction-not-owner",
            "tx": {
                "from": "address:bidder1",
                "to": "sc:kitty_auction_contract",
                "function": "createSaleAuction",
                "arguments": [
                    "1",
                    "1000",
                    "5000",
                    "100,000"
                ],
                "gasLimit": "100,000,000",
                "gasPrice": "0"
            },
            "expect": {
                "out": [],
                "status": "0",
                "message": "",
                "gas": "*",
                "refund": "*"
            }
        },
        {
            "step": "checkState",
            "accounts": {
                "address:my_address": {
                    "nonce": "4",
                    "balance": "1,000,000",
                    "storage": {}
                },
                "address:bidder1": {
                    "nonce": "2",
                    "balance": "1,000,000",
                    "storage": {}
                },
                "address:bidder2": {
                    "nonce": "2",
                    "balance": "999,500",
                    "storage": {}
                },
                "sc:kitty_ownership_contract": {
                    "nonce": "0",
                    "balance": "0",
                    "storage": {
                        "str:kittyAuctionContractAddress": "sc:kitty_auction_contract",
                        "str:totalKitties": "2",
                        "str:kitty|u32:0": "u8:0|u8:0|u8:0|u8:0|u8:0|u8:0|u8:0|u64:0|u64:0|u32:0|u32:0|u32:0|u16:0|u16:0",
                        "str:kitty|u32:1": "u8:1|u8:2|u8:3|u8:4|u8:5|u8:6|u8:7|u64:123456|u64:0|u32:0|u32:0|u32:0|u16:0|u16:0",
                        "str:nrOwnedKitties|address:bidder2": "1",
                        "str:owner|u32:1": "address:bidder2"
                    },
                    "code": "drtsc:../../kitty-ownership/output/kitty-ownership.drtsc.json"
                },
                "sc:kitty_auction_contract": {
                    "nonce": "0",
                    "balance": "500",
                    "storage": {
                        "str:kittyOwnershipContractAddress": "sc:kitty_ownership_contract",
                        "str:genZeroKittyStartingPrice": "100",
                        "str:genZeroKittyEndingPrice": "500",
                        "str:genZeroKittyAuctionDuration": "100,000"
                    },
                    "code": "drtsc:../output/kitty-auction.drtsc.json"
                }
            }
        }
    ]
}
