{
    "name": "topUp_ok",
    "gasSchedule": "dummy",
    "steps": [
        {
            "step": "setState",
            "accounts": {
                "address:crypto_bubbles_owner": {
                    "nonce": "0",
                    "balance": "0"
                },
                "sc:crypto_bubbles": {
                    "nonce": "0",
                    "balance": "0",
                    "code": "drtsc:../output/crypto-bubbles.drtsc.json"
                },
                "address:acc1": {
                    "nonce": "0",
                    "balance": "0x100800"
                },
                "address:acc2": {
                    "nonce": "0",
                    "balance": "0x100800"
                }
            }
        },
        {
            "step": "scCall",
            "id": "1",
            "tx": {
                "from": "address:acc1",
                "to": "sc:crypto_bubbles",
                "rewaValue": "0x100",
                "function": "topUp",
                "arguments": [],
                "gasLimit": "0x100000",
                "gasPrice": "0x01"
            },
            "expect": {
                "out": [],
                "status": "",
                "logs": [
                    {
                        "address": "sc:crypto_bubbles",
                        "endpoint": "str:topUp",
                        "topics": [
                            "str:top_up",
                            "address:acc1"
                        ],
                        "data": [
                            "0x0100"
                        ]
                    }
                ],
                "gas": "*",
                "refund": "*"
            }
        },
        {
            "step": "scCall",
            "id": "2",
            "tx": {
                "from": "address:acc2",
                "to": "sc:crypto_bubbles",
                "rewaValue": "0x100",
                "function": "topUp",
                "arguments": [],
                "gasLimit": "0x100000",
                "gasPrice": "0x01"
            },
            "expect": {
                "out": [],
                "status": "",
                "logs": [
                    {
                        "address": "sc:crypto_bubbles",
                        "endpoint": "str:topUp",
                        "topics": [
                            "str:top_up",
                            "address:acc2"
                        ],
                        "data": [
                            "0x0100"
                        ]
                    }
                ],
                "gas": "*",
                "refund": "*"
            }
        },
        {
            "step": "checkState",
            "accounts": {
                "address:crypto_bubbles_owner": {
                    "nonce": "0",
                    "balance": "0",
                    "storage": {},
                    "code": ""
                },
                "sc:crypto_bubbles": {
                    "nonce": "0",
                    "balance": "0x200",
                    "storage": {
                        "str:playerBalance|address:acc1": "0x100",
                        "str:playerBalance|address:acc2": "0x100"
                    },
                    "code": "drtsc:../output/crypto-bubbles.drtsc.json"
                },
                "address:acc1": {
                    "nonce": "1",
                    "balance": "0x700",
                    "storage": {},
                    "code": ""
                },
                "address:acc2": {
                    "nonce": "1",
                    "balance": "0x700",
                    "storage": {},
                    "code": ""
                }
            }
        }
    ]
}
