{
    "name": "buy tokens",
    "steps": [
        {
            "step": "externalSteps",
            "path": "buy.scen.json"
        },
        {
            "step": "scCall",
            "tx": {
                "from": "address:buyer1",
                "to": "sc:bonding-curve-contract",
                "dcdtValue": [
                    {
                        "tokenIdentifier": "str:MFSFT-246802",
                        "nonce": "17",
                        "value": "2"
                    }
                ],
                "function": "sellToken",
                "arguments": [],
                "gasLimit": "50,000,000",
                "gasPrice": "0"
            },
            "expect": {
                "out": [],
                "status": "4",
                "message": "str:Selling is not available on this token",
                "gas": "*",
                "refund": "*"
            }
        },
        {
            "step": "scCall",
            "tx": {
                "from": "address:buyer2",
                "to": "sc:bonding-curve-contract",
                "dcdtValue": [
                    {
                        "tokenIdentifier": "str:MFNFT-567890",
                        "nonce": "2",
                        "value": "1"
                    }
                ],
                "function": "sellToken",
                "arguments": [],
                "gasLimit": "50,000,000",
                "gasPrice": "0"
            },
            "expect": {
                "out": [],
                "status": "0",
                "gas": "*",
                "refund": "*"
            }
        },
        {
            "step": "checkState",
            "accounts": {
                "address:owner": {
                    "nonce": "1",
                    "balance": "0",
                    "storage": {}
                },
                "address:buyer1": {
                    "nonce": "3",
                    "balance": "0",
                    "dcdt": {
                        "str:REWA-135790": "135",
                        "str:MFFT-123456": "10",
                        "str:MFSFT-246802": {
                            "instances": [
                                {
                                    "nonce": "17",
                                    "balance": "5"
                                }
                            ]
                        }
                    },
                    "storage": {}
                },
                "address:buyer2": {
                    "nonce": "3",
                    "balance": "0",
                    "dcdt": {
                        "str:REWA-135790": "19995",
                        "str:MFNFT-567890": {
                            "instances": [
                                {
                                    "nonce": "3",
                                    "balance": "1"
                                },
                                {
                                    "nonce": "4",
                                    "balance": "1"
                                },
                                {
                                    "nonce": "5",
                                    "balance": "1"
                                },
                                {
                                    "nonce": "6",
                                    "balance": "1"
                                }
                            ]
                        }
                    },
                    "storage": {}
                },
                "address:artist1": {
                    "nonce": "11",
                    "balance": "0",
                    "dcdt": {
                        "str:MFNFT-567890": {
                            "instances": [
                                {
                                    "nonce": "1",
                                    "balance": "1"
                                },
                                {
                                    "nonce": "7",
                                    "balance": "1"
                                }
                            ]
                        },
                        "str:MFFT-123456": "300"
                    },
                    "storage": {}
                },
                "address:artist2": {
                    "nonce": "4",
                    "balance": "0",
                    "dcdt": {
                        "str:MFSFT-246802": {
                            "instances": [
                                {
                                    "nonce": "1",
                                    "balance": "0"
                                },
                                {
                                    "nonce": "2",
                                    "balance": "1000"
                                },
                                {
                                    "nonce": "17",
                                    "balance": "500"
                                }
                            ]
                        }
                    },
                    "storage": {}
                },
                "sc:bonding-curve-contract": {
                    "nonce": "0",
                    "balance": "0",
                    "dcdt": {
                        "str:MFFT-123456": "690",
                        "str:REWA-135790": "70",
                        "str:MFSFT-246802": {
                            "instances": [
                                {
                                    "nonce": "1",
                                    "balance": "2000"
                                },
                                {
                                    "nonce": "17",
                                    "balance": "495"
                                }
                            ]
                        },
                        "str:MFNFT-567890": {
                            "instances": [
                                {
                                    "nonce": "2",
                                    "balance": "1"
                                },
                                {
                                    "nonce": "8",
                                    "balance": "1"
                                },
                                {
                                    "nonce": "9",
                                    "balance": "1"
                                }
                            ]
                        }
                    },
                    "storage": {
                        "str:bonding_curve|nested:str:MFFT-123456": "u8:0|biguint:1|biguint:1|biguint:700|biguint:690|u8:1|nested:str:REWA-135790|u64:0|biguint:55",
                        "str:bonding_curve|nested:str:MFSFT-246802": "u8:0|biguint:0|biguint:1|biguint:2500|biguint:2495|u8:0|nested:str:REWA-135790|u64:0|biguint:10",
                        "str:bonding_curve|nested:str:MFNFT-567890": "u8:1|biguint:1|biguint:7|biguint:3|u8:1|nested:str:REWA-135790|u64:0|biguint:5",
                        "str:token_details|nested:str:MFFT-123456": "u32:1|u64:0|address:artist1",
                        "str:token_details|nested:str:MFSFT-246802": "u32:2|u64:1|u64:17|address:artist2",
                        "str:token_details|nested:str:MFNFT-567890": "u32:3|u64:8|u64:9|u64:2|address:artist1",
                        "str:nonce_amount|nested:str:MFFT-123456|u64:0": "690",
                        "str:nonce_amount|nested:str:MFSFT-246802|u64:1": "2000",
                        "str:nonce_amount|nested:str:MFSFT-246802|u64:17": "495",
                        "str:nonce_amount|nested:str:MFNFT-567890|u64:8": "1",
                        "str:nonce_amount|nested:str:MFNFT-567890|u64:9": "1",
                        "str:nonce_amount|nested:str:MFNFT-567890|u64:2": "1",
                        "str:owned_tokens|address:artist1|str:.info": "u32:2|u32:1|u32:2|u32:2",
                        "str:owned_tokens|address:artist1|str:.node_links|u32:1": "u32:0|u32:2",
                        "str:owned_tokens|address:artist1|str:.node_id|nested:str:MFFT-123456": "1",
                        "str:owned_tokens|address:artist1|str:.value|u32:1": "str:MFFT-123456",
                        "str:owned_tokens|address:artist1|str:.node_links|u32:2": "u32:1|u32:0",
                        "str:owned_tokens|address:artist1|str:.node_id|nested:str:MFNFT-567890": "2",
                        "str:owned_tokens|address:artist1|str:.value|u32:2": "str:MFNFT-567890",
                        "str:owned_tokens|address:artist2|str:.info": "u32:1|u32:1|u32:1|u32:1",
                        "str:owned_tokens|address:artist2|str:.node_links|u32:1": "u32:0|u32:0",
                        "str:owned_tokens|address:artist2|str:.node_id|nested:str:MFSFT-246802": "1",
                        "str:owned_tokens|address:artist2|str:.value|u32:1": "str:MFSFT-246802"
                    },
                    "code": "drtsc:../output/bonding-curve-contract.drtsc.json"
                }
            }
        }
    ]
}