{
	"name": "DharitrI Smart Contracts",
	"image": "terradharitri/devcontainer-smart-contracts-rust:next",
	// Features to add to the dev container. More info: https://containers.dev/features.
	// "features": {},
	// Use 'forwardPorts' to make a list of ports inside the container available locally.
	// "forwardPorts": [],
	// Run commands after the container is created.
	"postCreateCommand": "python3 ~/dharitri-sdk/devcontainer-resources/post_create_command.py",
	// Configure tool-specific properties.
	"customizations": {
		"vscode": {
			"extensions": [
				"Numbat.vscode-numbat-ide",
				"rust-lang.rust-analyzer",
				"vadimcn.vscode-lldb",
				"dtsvet.vscode-wasm"
			],
			"settings": {
				"launch": {
					"version": "0.2.0",
					"configurations": [],
					"compounds": []
				},
				"terminal.integrated.env.linux": {},
				"terminal.integrated.defaultProfile.linux": "bash"
			}
		}
	},
	"containerEnv": {},
	"remoteUser": "developer"
}
