{
    "buildInfo": {
        "rustc": {
            "version": "1.87.0-nightly",
            "commitHash": "75530e9f72a1990ed2305e16fd51d02f47048f12",
            "commitDate": "2025-03-18",
            "channel": "Nightly",
            "short": "rustc 1.87.0-nightly (75530e9f7 2025-03-18)"
        },
        "contractCrate": {
            "name": "str-repeat",
            "version": "0.0.0"
        },
        "framework": {
            "name": "dharitri-sc",
            "version": "1.0.1"
        }
    },
    "name": "StrRepeat",
    "constructor": {
        "inputs": [],
        "outputs": []
    },
    "endpoints": [
        {
            "name": "mb_builder_benchmark",
            "mutability": "readonly",
            "inputs": [
                {
                    "name": "payload",
                    "type": "u32"
                },
                {
                    "name": "num_repeats",
                    "type": "u32"
                }
            ],
            "outputs": [
                {
                    "type": "bytes"
                }
            ],
            "labels": [
                "mb-builder"
            ]
        }
    ],
    "dcdtAttributes": [],
    "hasCallback": false,
    "types": {}
}
