{
    "name": "check fee after swap",
    "steps": [
        {
            "step": "externalSteps",
            "path": "complete_setup.scen.json"
        },
        {
            "step": "externalSteps",
            "path": "steps/set_fee_off.steps.json"
        },
        {
            "step": "scCall",
            "txId": "add-liquidity",
            "tx": {
                "from": "address:user1",
                "to": "sc:pair_contract",
                "dcdtValue": [
                    {
                        "tokenIdentifier": "str:WREWA-abcdef",
                        "value": "2,000,000,000"
                    },
                    {
                        "tokenIdentifier": "str:ALC-abcdef",
                        "value": "2,000,000,000"
                    }
                ],
                "function": "addLiquidity",
                "arguments": [
                    "1,000,000,000",
                    "1,000,000,000"
                ],
                "gasLimit": "100,000,000",
                "gasPrice": "0"
            },
            "expect": {
                "out": [
                    "*",
                    "*",
                    "*"
                ],
                "status": "0",
                "message": "",
                "gas": "*",
                "refund": "*"
            }
        },
        {
            "step": "checkState",
            "accounts": {
                "sc:farm_contract": {
                    "nonce": "*",
                    "balance": "0",
                    "dcdt": {
                        "str:WREWA-abcdef": "0",
                        "str:FARM-abcdef": {
                            "instances": [
                                {
                                    "nonce": "",
                                    "balance": "0"
                                }
                            ],
                            "roles": [
                                "DCDTRoleNFTCreate",
                                "DCDTRoleNFTAddQuantity",
                                "DCDTRoleNFTBurn"
                            ]
                        }
                    },
                    "storage": {
                        "str:farming_token_id": "str:LPTOK-abcdef",
                        "str:reward_token_id": "str:WREWA-abcdef",
                        "str:farm_token_id": "str:FARM-abcdef",
                        "str:router_address": "sc:router_contract",
                        "str:state": "1",
                        "str:minimum_farming_epochs": "2",
                        "str:division_safety_constant": "1000000000000",
                        "str:penalty_percent": "100",
                        "str:pair_contract_address": "sc:pair_contract",
                        "+": ""
                    },
                    "code": "file:../farm/output/farm.wasm"
                },
                "+": ""
            }
        }
    ]
}
