{
    "name": "exit farm",
    "steps": [
        {
            "step": "externalSteps",
            "path": "enter_farm.scen.json"
        },
        {
            "step": "scCall",
            "txId": "unstake",
            "tx": {
                "from": "address:user1",
                "to": "sc:farm_contract",
                "dcdtValue": [
                    {
                        "tokenIdentifier": "str:FARM-abcdef",
                        "nonce": "2",
                        "value": "100,000"
                    }
                ],
                "function": "claimRewards",
                "arguments": [],
                "gasLimit": "100,000,000",
                "gasPrice": "0"
            },
            "expect": {
                "out": [
                    "0x0000000b4641524d2d6162636465660000000000000003000000030186a0",
                    "0x0000000c57524557412d616263646566000000000000000000000000"
                ],
                "status": "0",
                "message": "",
                "gas": "*",
                "refund": "*"
            }
        },
        {
            "step": "checkState",
            "accounts": {
                "address:user1": {
                    "nonce": "*",
                    "balance": "1,000,000,000,000,000,000,000,000,000,000",
                    "dcdt": {
                        "str:WREWA-abcdef": "3000000000",
                        "str:ALC-abcdef": "3000000000",
                        "str:BLC-abcdef": "5000000000",
                        "str:LPTOK-abcdef": "1799999000",
                        "str:FARM-abcdef": {
                            "instances": [
                                {
                                    "nonce": "0x01",
                                    "balance": "100,000,000"
                                },
                                {
                                    "nonce": "0x02",
                                    "balance": "99,900,000"
                                },
                                {
                                    "nonce": "0x03",
                                    "balance": "100,000"
                                }
                            ]
                        }
                    }
                },
                "+": ""
            }
        }
    ]
}
