{
    "name": "swap wrong token",
    "steps": [
        {
            "step": "externalSteps",
            "path": "add_liquidity.scen.json"
        },
        {
            "step": "scCall",
            "txId": "swap-fixed-input",
            "tx": {
                "from": "address:user1",
                "to": "sc:pair_contract",
                "dcdtValue": [
                    {
                        "tokenIdentifier": "str:BLC-abcdef",
                        "value": "100,000"
                    }
                ],
                "function": "swapTokensFixedInput",
                "arguments": [
                    "str:ALC-abcdef",
                    "50,000"
                ],
                "gasLimit": "100,000,000",
                "gasPrice": "0"
            },
            "expect": {
                "out": [],
                "status": "4",
                "message": "*",
                "gas": "*",
                "refund": "*"
            }
        },
        {
            "step": "scCall",
            "txId": "swap-fixed-input",
            "tx": {
                "from": "address:user1",
                "to": "sc:pair_contract",
                "dcdtValue": [
                    {
                        "tokenIdentifier": "str:ALC-abcdef",
                        "value": "100,000"
                    }
                ],
                "function": "swapTokensFixedInput",
                "arguments": [
                    "str:BLC-abcdef",
                    "50,000"
                ],
                "gasLimit": "100,000,000",
                "gasPrice": "0"
            },
            "expect": {
                "out": [],
                "status": "4",
                "message": "*",
                "gas": "*",
                "refund": "*"
            }
        },
        {
            "step": "scCall",
            "txId": "swap-fixed-input",
            "tx": {
                "from": "address:user1",
                "to": "sc:pair_contract",
                "dcdtValue": [
                    {
                        "tokenIdentifier": "str:LPTOK-abcdef",
                        "value": "100,000"
                    }
                ],
                "function": "swapTokensFixedOutput",
                "arguments": [
                    "str:BLC-abcdef",
                    "50,000"
                ],
                "gasLimit": "100,000,000",
                "gasPrice": "0"
            },
            "expect": {
                "out": [],
                "status": "4",
                "message": "*",
                "gas": "*",
                "refund": "*"
            }
        },
        {
            "step": "scCall",
            "txId": "swap-fixed-input",
            "tx": {
                "from": "address:user1",
                "to": "sc:pair_contract",
                "dcdtValue": [
                    {
                        "tokenIdentifier": "str:ALC-abcdef",
                        "value": "100,000"
                    }
                ],
                "function": "swapTokensFixedOutput",
                "arguments": [
                    "str:BLC-abcdef",
                    "50,000"
                ],
                "gasLimit": "100,000,000",
                "gasPrice": "0"
            },
            "expect": {
                "out": [],
                "status": "4",
                "message": "*",
                "gas": "*",
                "refund": "*"
            }
        }
    ]
}
