{
    "buildInfo": {
        "rustc": {
            "version": "1.67.0-nightly",
            "commitHash": "01fbc5ae789fc0c7a2da71d3cd908451f175e4eb",
            "commitDate": "2022-12-07",
            "channel": "Nightly",
            "short": "rustc 1.67.0-nightly (01fbc5ae7 2022-12-07)"
        },
        "contractCrate": {
            "name": "map-repeat",
            "version": "0.0.0"
        },
        "framework": {
            "name": "dharitri-sc",
            "version": "1.0.2"
        }
    },
    "name": "MapRepeat",
    "constructor": {
        "inputs": [],
        "outputs": []
    },
    "endpoints": [
        {
            "name": "add",
            "mutability": "mutable",
            "inputs": [
                {
                    "name": "num_repeats",
                    "type": "u32"
                },
                {
                    "name": "key",
                    "type": "bytes"
                },
                {
                    "name": "value",
                    "type": "bytes"
                }
            ],
            "outputs": []
        },
        {
            "name": "count",
            "mutability": "mutable",
            "inputs": [
                {
                    "name": "value",
                    "type": "bytes"
                }
            ],
            "outputs": [
                {
                    "type": "u32"
                }
            ]
        },
        {
            "name": "remove",
            "mutability": "mutable",
            "inputs": [
                {
                    "name": "num_repeats",
                    "type": "u32"
                },
                {
                    "name": "key",
                    "type": "bytes"
                }
            ],
            "outputs": []
        },
        {
            "name": "add_struct",
            "mutability": "mutable",
            "inputs": [
                {
                    "name": "num_repeats",
                    "type": "u32"
                },
                {
                    "name": "key",
                    "type": "ExampleStruct"
                },
                {
                    "name": "value",
                    "type": "ExampleStruct"
                }
            ],
            "outputs": []
        },
        {
            "name": "count_struct",
            "mutability": "mutable",
            "inputs": [
                {
                    "name": "value",
                    "type": "ExampleStruct"
                }
            ],
            "outputs": [
                {
                    "type": "u32"
                }
            ]
        },
        {
            "name": "remove_struct",
            "mutability": "mutable",
            "inputs": [
                {
                    "name": "num_repeats",
                    "type": "u32"
                },
                {
                    "name": "key",
                    "type": "ExampleStruct"
                }
            ],
            "outputs": []
        }
    ],
    "events": [],
    "hasCallback": false,
    "types": {
        "ExampleStruct": {
            "type": "struct",
            "fields": [
                {
                    "name": "first_token_id",
                    "type": "TokenIdentifier"
                },
                {
                    "name": "first_token_nonce",
                    "type": "u64"
                },
                {
                    "name": "first_token_amount",
                    "type": "BigUint"
                },
                {
                    "name": "second_token_id",
                    "type": "TokenIdentifier"
                },
                {
                    "name": "second_token_nonce",
                    "type": "u64"
                },
                {
                    "name": "second_token_amount",
                    "type": "BigUint"
                }
            ]
        }
    }
}
