{
    "name": "lock debt tokens ok",
    "gasSchedule": "dummy",
    "steps": [
        {
            "step": "externalSteps",
            "path": "borrow-ok.scen.json"
        },
        {
            "step": "setState",
            "comment": "31,556,926 difference between borrow and repay, which is 1 year",
            "currentBlockInfo": {
                "blockTimestamp": "31,656,926"
            }
        },
        {
            "step": "scCall",
            "txId": "lock debt tokens",
            "tx": {
                "from": "address:user",
                "to": "sc:liqpool",
                "value": "0",
                "dcdt": {
                    "tokenIdentifier": "str:DEBT",
                    "nonce": "1",
                    "value": "100"
                },
                "function": "lockDebtTokens",
                "arguments": [],
                "gasLimit": "100,000,000",
                "gasPrice": "0"
            },
            "expect": {
                "out": [ "1" ],
                "status": "0",
                "message": "",
                "gas": "*",
                "refund": "*"
            }
        },
        {
            "step": "checkState",
            "accounts": {
                "address:user": {
                    "nonce": "2",
                    "balance": "600",
                    "dcdt": {
                        "str:STCOIN": "200",
                        "str:DEBT": {
                            "instances": [
                                {
                                    "nonce": "1",
                                    "balance": "300",
                                    "creator": "sc:liqpool"
                                }
                            ]
                        }
                    },
                    "storage": {}
                },
                "sc:liqpool": {
                    "nonce": "0",
                    "balance": "400",
                    "dcdt": {
                        "str:STCOIN": {
                            "balance": "1",
                            "roles": [
                                "DCDTRoleLocalMint",
                                "DCDTRoleLocalBurn"
                            ]
                        },
                        "str:DEBT": {
                            "balance": "0",
                            "lastNonce": "1",
                            "roles": [
                                "DCDTRoleNFTCreate",
                                "DCDTRoleNFTAddQuantity",
                                "DCDTRoleNFTBurn"
                            ],
                            "instances": [
                                {
                                    "nonce": "1",
                                    "balance": "100",
                                    "creator": "sc:liqpool"
                                }
                            ]
                        }
                    },
                    "storage": {
                        "str:poolAssetId": "str:REWA",
                        "str:borrowRate": "500000000",
                        "str:healthFactorThreshold": "5",
                        "str:debtTokenId": "str:DEBT",
                        "str:stablecoinTokenId": "str:STCOIN",

                        "str:totalCirculatingSupply": "200",
                        "str:debtPosition|u64:1": {
                            "0-health_factor": "u32:0",
                            "1-is_liquidated": "u8:0",
                            "2-collateral_timestamp": "u64:100,000",
                            "3-collateral_amount": "biguint:400",
                            "4-collateral_id": "nested:str:REWA"
                        },
                        "str:repayPosition|address:user|u64:1": {
                            "0-collateral_amount_to_withdraw": "biguint:100",
                            "1-nft_nonce": "u64:1",
                            "2-debt_paid": "biguint:0"
                        }
                    },
                    "code": "file:../output/liquidity-pool.wasm"
                },
                "+": {}
            }
        }
    ]
}
