{
    "name": "repay ok",
    "gasSchedule": "dummy",
    "steps": [
        {
            "step": "externalSteps",
            "path": "lock-debt-tokens-ok.scen.json"
        },
        {
            "step": "scCall",
            "txId": "repay part of asset",
            "tx": {
                "from": "address:user",
                "to": "sc:liqpool",
                "value": "0",
                "dcdt": {
                    "tokenIdentifier": "str:STCOIN",
                    "value": "150"
                },
                "function": "repay",
                "arguments": [
                    "1"
                ],
                "gasLimit": "100,000,000",
                "gasPrice": "0"
            },
            "expect": {
                "out": [],
                "status": "0",
                "message": "",
                "gas": "*",
                "refund": "*"
            }
        },
        {
            "step": "checkState",
            "accounts": {
                "address:user": {
                    "nonce": "3",
                    "balance": "700",
                    "dcdt": {
                        "str:STCOIN": "50",
                        "str:DEBT": {
                            "instances": [
                                {
                                    "nonce": "1",
                                    "balance": "300",
                                    "creator": "sc:liqpool"
                                }
                            ]
                        }
                    },
                    "storage": {}
                },
                "sc:liqpool": {
                    "nonce": "0",
                    "balance": "300",
                    "dcdt": {
                        "str:STCOIN": {
                            "balance": "1",
                            "roles": [
                                "DCDTRoleLocalMint",
                                "DCDTRoleLocalBurn"
                            ]
                        },
                        "str:DEBT": {
                            "balance": "0",
                            "lastNonce": "1",
                            "roles": [
                                "DCDTRoleNFTCreate",
                                "DCDTRoleNFTAddQuantity",
                                "DCDTRoleNFTBurn"
                            ],
                            "instances": [
                                {
                                    "nonce": "1",
                                    "balance": "0",
                                    "creator": "sc:liqpool"
                                }
                            ]
                        }
                    },
                    "storage": {
                        "str:poolAssetId": "str:REWA",
                        "str:borrowRate": "500000000",
                        "str:healthFactorThreshold": "5",
                        "str:debtTokenId": "str:DEBT",
                        "str:stablecoinTokenId": "str:STCOIN",

                        "str:totalCirculatingSupply": "50",
                        "str:debtPosition|u64:1": {
                            "0-health_factor": "u32:0",
                            "1-is_liquidated": "u8:0",
                            "2-collateral_timestamp": "u64:100,000",
                            "3-collateral_amount": "biguint:300",
                            "4-collateral_id": "nested:str:REWA"
                        },
                        "str:repayPosition|address:user|u64:1": ""
                    },
                    "code": "file:../output/liquidity-pool.wasm"
                },
                "+": {}
            }
        }
    ]
}
