{
    "name": "farm",
    "steps": [
        {
            "step": "externalSteps",
            "path": "complete_setup.scen.json"
        },
        {
            "step": "scCall",
            "txId": "farm",
            "tx": {
                "from": "address:user1",
                "to": "sc:farm_contract",
                "dcdtValue": [
                    {
                        "tokenIdentifier": "str:ALC-abcdef",
                        "value": "1"
                    }
                ],
                "function": "enterFarm",
                "arguments": [],
                "gasLimit": "100,000,000",
                "gasPrice": "0"
            },
            "expect": {
                "out": [],
                "status": "4",
                "message": "str:Bad payments",
                "gas": "*",
                "refund": "*"
            }
        }
    ]
}
