{
    "name": "create pair",
    "steps": [
        {
            "step": "externalSteps",
            "path": "complete_setup.scen.json"
        },
        {
            "step": "scCall",
            "txId": "upgradePair",
            "tx": {
                "from": "address:owner",
                "to": "sc:router_contract",
                "function": "upgradePair",
                "arguments": [
                    "str:ALC-abcdef",
                    "str:WREWA-abcdef",
                    "0x0000000000000000000000000000000000000000000000000000000000000000",
                    "300",
                    "100"
                ],
                "gasLimit": "1,000,000,000",
                "gasPrice": "0"
            },
            "expect": {
                "out": [],
                "status": "0",
                "message": "",
                "gas": "*",
                "refund": "*"
            }
        },
        {
            "step": "checkState",
            "accounts": {
                "sc:pair_contract": {
                    "nonce": "*",
                    "balance": "*",
                    "dcdt": "*",
                    "storage": {
                        "str:total_fee_percent": "300",
                        "+": ""
                    },
                    "code": "file:../pair/output/pair.wasm"
                },
                "+": ""
            }
        }
    ]
}
