{
    "buildInfo": {
        "rustc": {
            "version": "1.71.0-nightly",
            "commitHash": "7f94b314cead7059a71a265a8b64905ef2511796",
            "commitDate": "2023-04-23",
            "channel": "Nightly",
            "short": "rustc 1.71.0-nightly (7f94b314c 2023-04-23)"
        },
        "contractCrate": {
            "name": "order-book-factory",
            "version": "0.0.0"
        },
        "framework": {
            "name": "dharitri-sc",
            "version": "0.41.3"
        }
    },
    "name": "Factory",
    "constructor": {
        "inputs": [
            {
                "name": "pair_template_address",
                "type": "Address"
            }
        ],
        "outputs": []
    },
    "endpoints": [
        {
            "name": "createPair",
            "mutability": "mutable",
            "inputs": [
                {
                    "name": "token_id_pair",
                    "type": "TokenIdPair"
                }
            ],
            "outputs": [
                {
                    "type": "Address"
                }
            ]
        },
        {
            "name": "getPair",
            "mutability": "readonly",
            "inputs": [
                {
                    "name": "token_id_pair",
                    "type": "TokenIdPair"
                }
            ],
            "outputs": [
                {
                    "type": "Option<Address>"
                }
            ]
        }
    ],
    "events": [],
    "hasCallback": false,
    "types": {
        "TokenIdPair": {
            "type": "struct",
            "fields": [
                {
                    "name": "first_token_id",
                    "type": "TokenIdentifier"
                },
                {
                    "name": "second_token_id",
                    "type": "TokenIdentifier"
                }
            ]
        }
    }
}
