{
    "buildInfo": {
        "rustc": {
            "version": "1.76.0-nightly",
            "commitHash": "d86d65bbc19b928387f68427fcc3a0da498d8a19",
            "commitDate": "2023-12-10",
            "channel": "Nightly",
            "short": "rustc 1.76.0-nightly (d86d65bbc 2023-12-10)"
        },
        "contractCrate": {
            "name": "fractional-nfts",
            "version": "0.0.0"
        },
        "framework": {
            "name": "dharitri-sc",
            "version": "0.47.0"
        }
    },
    "name": "FractionalNfts",
    "constructor": {
        "inputs": [],
        "outputs": []
    },
    "endpoints": [
        {
            "name": "claimRoyaltiesFromMarketplace",
            "onlyOwner": true,
            "mutability": "mutable",
            "inputs": [
                {
                    "name": "marketplace_address",
                    "type": "Address"
                },
                {
                    "name": "token_id",
                    "type": "TokenIdentifier"
                },
                {
                    "name": "token_nonce",
                    "type": "u64"
                }
            ],
            "outputs": []
        },
        {
            "name": "fractionalizeNFT",
            "mutability": "mutable",
            "payableInTokens": [
                "*"
            ],
            "inputs": [
                {
                    "name": "initial_fractional_amount",
                    "type": "BigUint"
                },
                {
                    "name": "name",
                    "type": "bytes"
                },
                {
                    "name": "attributes",
                    "type": "bytes"
                }
            ],
            "outputs": []
        },
        {
            "name": "unFractionalizeNFT",
            "mutability": "mutable",
            "payableInTokens": [
                "*"
            ],
            "inputs": [],
            "outputs": []
        },
        {
            "name": "getFractionalToken",
            "mutability": "readonly",
            "inputs": [],
            "outputs": [
                {
                    "type": "TokenIdentifier"
                }
            ]
        }
    ],
    "dcdtAttributes": [],
    "hasCallback": true,
    "types": {}
}
