{
    "buildInfo": {
        "rustc": {
            "version": "1.67.0-nightly",
            "commitHash": "01fbc5ae789fc0c7a2da71d3cd908451f175e4eb",
            "commitDate": "2022-12-07",
            "channel": "Nightly",
            "short": "rustc 1.67.0-nightly (01fbc5ae7 2022-12-07)"
        },
        "contractCrate": {
            "name": "nft-storage-prepay",
            "version": "0.0.0"
        },
        "framework": {
            "name": "dharitri-sc",
            "version": "1.0.2"
        }
    },
    "name": "NftStoragePrepay",
    "constructor": {
        "inputs": [
            {
                "name": "cost_per_byte",
                "type": "BigUint"
            }
        ],
        "outputs": []
    },
    "endpoints": [
        {
            "name": "setCostPerByte",
            "onlyOwner": true,
            "mutability": "mutable",
            "inputs": [
                {
                    "name": "cost_per_byte",
                    "type": "BigUint"
                }
            ],
            "outputs": []
        },
        {
            "name": "reserveFunds",
            "onlyOwner": true,
            "mutability": "mutable",
            "inputs": [
                {
                    "name": "address",
                    "type": "Address"
                },
                {
                    "name": "file_size",
                    "type": "BigUint"
                }
            ],
            "outputs": []
        },
        {
            "name": "claim",
            "onlyOwner": true,
            "mutability": "mutable",
            "inputs": [],
            "outputs": []
        },
        {
            "name": "depositPaymentForStorage",
            "mutability": "mutable",
            "payableInTokens": [
                "REWA"
            ],
            "inputs": [],
            "outputs": []
        },
        {
            "docs": [
                "defaults to max amount"
            ],
            "name": "withdraw",
            "mutability": "mutable",
            "inputs": [
                {
                    "name": "opt_amount",
                    "type": "optional<BigUint>",
                    "multi_arg": true
                }
            ],
            "outputs": []
        },
        {
            "name": "getCostForSize",
            "mutability": "readonly",
            "inputs": [
                {
                    "name": "file_size",
                    "type": "BigUint"
                }
            ],
            "outputs": [
                {
                    "type": "BigUint"
                }
            ]
        },
        {
            "name": "getDepositAmount",
            "mutability": "readonly",
            "inputs": [],
            "outputs": [
                {
                    "type": "BigUint"
                }
            ]
        },
        {
            "name": "getCostPerByte",
            "mutability": "readonly",
            "inputs": [],
            "outputs": [
                {
                    "type": "BigUint"
                }
            ]
        }
    ],
    "events": [],
    "hasCallback": false,
    "types": {}
}
