{
    "buildInfo": {
        "rustc": {
            "version": "1.87.0-nightly",
            "commitHash": "b74da9613a8cb5ba67a985f71325be0b7b16c0dd",
            "commitDate": "2025-03-06",
            "channel": "Nightly",
            "short": "rustc 1.87.0-nightly (b74da9613 2025-03-06)"
        },
        "contractCrate": {
            "name": "send-tx-repeat",
            "version": "0.0.0"
        },
        "framework": {
            "name": "dharitri-sc",
            "version": "0.54.4"
        }
    },
    "name": "SendTxRepeat",
    "constructor": {
        "inputs": [],
        "outputs": []
    },
    "endpoints": [
        {
            "name": "repeat",
            "mutability": "mutable",
            "payableInTokens": [
                "REWA"
            ],
            "inputs": [
                {
                    "name": "to",
                    "type": "Address"
                },
                {
                    "name": "amount",
                    "type": "BigUint"
                },
                {
                    "name": "times",
                    "type": "u32"
                }
            ],
            "outputs": []
        }
    ],
    "dcdtAttributes": [],
    "hasCallback": false,
    "types": {}
}
