{
    "name": "topUp_ok",
    "steps": [
        {
            "step": "setState",
            "accounts": {
                "address:creator_address": {
                    "nonce": "0",
                    "balance": "0",
                    "storage": {},
                    "code": ""
                },
                "address:contract_address": {
                    "nonce": "0",
                    "balance": "0",
                    "storage": {
                        "''owner": "address:creator_address"
                    },
                    "code": "file:../output/crypto-bubbles.wasm"
                },
                "address:acc1": {
                    "nonce": "0",
                    "balance": "0x100800",
                    "storage": {},
                    "code": ""
                },
                "address:acc2": {
                    "nonce": "0",
                    "balance": "0x100800",
                    "storage": {},
                    "code": ""
                }
            }
        },
        {
            "step": "scCall",
            "txId": "1",
            "tx": {
                "from": "address:acc1",
                "to": "address:contract_address",
                "value": "0x100",
                "function": "topUp",
                "arguments": [],
                "gasLimit": "0x100000",
                "gasPrice": "0x01"
            },
            "expect": {
                "out": [],
                "status": "",
                "logs": [
                    {
                        "address": "address:contract_address",
                        "identifier": "0x1000000000000000000000000000000000000000000000000000000000000001",
                        "topics": [
                            "address:acc1"
                        ],
                        "data": "0x0100"
                    }
                ],
                "gas": "*",
                "refund": "*"
            }
        },
        {
            "step": "scCall",
            "txId": "2",
            "tx": {
                "from": "address:acc2",
                "to": "address:contract_address",
                "value": "0x100",
                "function": "topUp",
                "arguments": [],
                "gasLimit": "0x100000",
                "gasPrice": "0x01"
            },
            "expect": {
                "out": [],
                "status": "",
                "logs": [
                    {
                        "address": "address:contract_address",
                        "identifier": "0x1000000000000000000000000000000000000000000000000000000000000001",
                        "topics": [
                            "address:acc2"
                        ],
                        "data": "0x0100"
                    }
                ],
                "gas": "*",
                "refund": "*"
            }
        },
        {
            "step": "checkState",
            "accounts": {
                "address:creator_address": {
                    "nonce": "0",
                    "balance": "0",
                    "storage": {},
                    "code": ""
                },
                "address:contract_address": {
                    "nonce": "0",
                    "balance": "0x200",
                    "storage": {
                        "''owner": "address:creator_address",
                        "''playerBalance|address:acc1": "0x100",
                        "''playerBalance|address:acc2": "0x100"
                    },
                    "code": "file:../output/crypto-bubbles.wasm"
                },
                "address:acc1": {
                    "nonce": "1",
                    "balance": "0x700",
                    "storage": {},
                    "code": ""
                },
                "address:acc2": {
                    "nonce": "1",
                    "balance": "0x700",
                    "storage": {},
                    "code": ""
                }
            }
        }
    ]
}
