{
    "name": "check version",
    "steps": [
        {
            "step": "setState",
            "accounts": {
                "sc:delegation": {
                    "nonce": "0",
                    "balance": "0",
                    "storage": {},
                    "code": "file:../output/delegation_v0_5_4_full.wasm"
                }
            }
        },
        {
            "step": "scCall",
            "txId": "version",
            "tx": {
                "from": "sc:delegation",
                "to": "sc:delegation",
                "value": "0",
                "function": "version",
                "arguments": [],
                "gasLimit": "10,000,000",
                "gasPrice": "0"
            },
            "expect": {
                "out": [ "str:0.5.4" ]
            }
        }
    ]
}
