{
    "name": "unbond",
    "steps": [
        {
            "step": "externalSteps",
            "path": "compound_rewards.scen.json"
        },
        {
            "step": "scQuery",
            "txId": "calculateRewards",
            "tx": {
                "to": "sc:moa_farm_contract",
                "function": "calculateRewardsForGivenPosition",
                "arguments": [
                    "address:user1",
                    "100,050,000",
                    {
                        "1-reward_per_share": "biguint:500,000,000",
                        "2-entering_epoch": "u64:10",
                        "3-compounded_reward": "biguint:50,000",
                        "4-current_farm_amount": "biguint:100,050,000",
                        "5-original_owner": "address:user1"
                    }
                ]
            },
            "expect": {
                "out": [
                    "0"
                ],
                "status": "0",
                "message": ""
            }
        },
        {
            "step": "setState",
            "currentBlockInfo": {
                "blockNonce": "11",
                "blockEpoch": "10"
            }
        },
        {
            "step": "scQuery",
            "txId": "calculateRewards2",
            "tx": {
                "to": "sc:moa_farm_contract",
                "function": "calculateRewardsForGivenPosition",
                "arguments": [
                    "address:user1",
                    "100,050,000",
                    {
                        "1-reward_per_share": "biguint:500,000,000",
                        "2-entering_epoch": "u64:10",
                        "3-compounded_reward": "biguint:50,000",
                        "4-current_farm_amount": "biguint:100,050,000",
                        "5-original_owner": "address:user1"
                    }
                ]
            },
            "expect": {
                "out": [
                    "4999"
                ],
                "status": "0",
                "message": ""
            }
        }
    ]
}
