{
    "name": "exit farm",
    "steps": [
        {
            "step": "externalSteps",
            "path": "enter_moa_farm.scen.json"
        },
        {
            "step": "setState",
            "currentBlockInfo": {
                "blockNonce": "10",
                "blockEpoch": "10"
            }
        },
        {
            "step": "scCall",
            "txId": "unstake",
            "tx": {
                "from": "address:user_with_moa",
                "to": "sc:moa_farm_contract",
                "dcdtValue": [
                    {
                        "tokenIdentifier": "str:FARM-abcdef",
                        "nonce": "1",
                        "value": "100,000,000"
                    }
                ],
                "function": "exitFarm",
                "arguments": [],
                "gasLimit": "100,000,000",
                "gasPrice": "0"
            },
            "expect": {
                "out": [
                    {
                        "1-token_id": "nested:str:MOA-abcdef",
                        "2-nonce": "u64:0",
                        "3-amount": "biguint:100,000,000"
                    },
                    {
                        "1-token_id": "nested:str:MOA-abcdef",
                        "2-nonce": "u64:0",
                        "3-amount": "biguint:50,000"
                    }
                ],
                "status": "0",
                "message": "",
                "gas": "*",
                "refund": "*"
            }
        },
        {
            "step": "checkState",
            "accounts": {
                "address:user_with_moa": {
                    "nonce": "*",
                    "balance": "100,000,000",
                    "dcdt": {
                        "str:MOA-abcdef": "5000050000"
                    },
                    "storage": {},
                    "code": ""
                },
                "+": ""
            }
        }
    ]
}
