{
    "name": "swap fixed output",
    "steps": [
        {
            "step": "externalSteps",
            "path": "add_liquidity.scen.json"
        },
        {
            "step": "scCall",
            "txId": "swap-fixed-output",
            "tx": {
                "from": "address:user2",
                "to": "sc:pair_contract",
                "dcdtValue": [
                    {
                        "tokenIdentifier": "str:ALC-abcdef",
                        "value": "100,000"
                    }
                ],
                "function": "swapTokensFixedOutput",
                "arguments": [
                    "str:WREWA-abcdef",
                    "50,000"
                ],
                "gasLimit": "100,000,000",
                "gasPrice": "0"
            },
            "expect": {
                "out": [
                    "0x0000000c57524557412d616263646566000000000000000000000002c350",
                    "0x0000000a414c432d616263646566000000000000000000000002c2b8"
                ],
                "status": "0",
                "message": "",
                "gas": "*",
                "refund": "*"
            }
        }
    ]
}
