{
    "name": "distribution",
    "steps": [
        {
            "step": "setState",
            "accounts": {
                "address:user_with_moa": {
                    "nonce": "0",
                    "balance": "100,000,000",
                    "dcdt": {
                        "str:MOA-abcdef": "5,000,000,000"
                    }
                },
                "sc:moa_farm_contract": {
                    "nonce": "0",
                    "balance": "0",
                    "dcdt": {
                        "str:FARM-abcdef": {
                            "roles": [
                                "DCDTRoleNFTCreate",
                                "DCDTRoleNFTAddQuantity",
                                "DCDTRoleNFTBurn"
                            ]
                        },
                        "str:MOA-abcdef": {
                            "roles": [
                                "DCDTRoleLocalMint",
                                "DCDTRoleLocalBurn"
                            ]
                        }
                    },
                    "storage": {
                        "str:farming_token_id": "str:MOA-abcdef",
                        "str:reward_token_id": "str:MOA-abcdef",
                        "str:farm_token_id": "str:FARM-abcdef",
                        "str:router_address": "address:owner",
                        "str:state": "1",
                        "str:per_block_reward_amount": "5000",
                        "str:last_reward_block_nonce": "0",
                        "str:minimum_farming_epochs": "2",
                        "str:produce_rewards_enabled": "1",
                        "str:penalty_percent": "10",
                        "str:division_safety_constant": "1000000000000",
                        "str:pair_contract_address": "0x0000000000000000000000000000000000000000000000000000000000000000"
                    },
                    "code": "file:../../farm/output/farm.wasm",
                    "owner": "address:owner"
                }
            }
        }
    ]
}
