{
    "buildInfo": {
        "rustc": {
            "version": "1.71.0-nightly",
            "commitHash": "7f94b314cead7059a71a265a8b64905ef2511796",
            "commitDate": "2023-04-23",
            "channel": "Nightly",
            "short": "rustc 1.71.0-nightly (7f94b314c 2023-04-23)"
        },
        "contractCrate": {
            "name": "queue-repeat",
            "version": "0.0.0"
        },
        "framework": {
            "name": "dharitri-sc",
            "version": "0.41.0"
        }
    },
    "name": "QueueRepeat",
    "constructor": {
        "inputs": [],
        "outputs": []
    },
    "endpoints": [
        {
            "name": "add",
            "mutability": "mutable",
            "inputs": [
                {
                    "name": "num_repeats",
                    "type": "u32"
                },
                {
                    "name": "value",
                    "type": "bytes"
                }
            ],
            "outputs": []
        },
        {
            "name": "count",
            "mutability": "mutable",
            "inputs": [
                {
                    "name": "value",
                    "type": "bytes"
                }
            ],
            "outputs": [
                {
                    "type": "u32"
                }
            ]
        },
        {
            "name": "remove",
            "mutability": "mutable",
            "inputs": [
                {
                    "name": "num_repeats",
                    "type": "u32"
                }
            ],
            "outputs": []
        },
        {
            "name": "bench",
            "mutability": "readonly",
            "inputs": [],
            "outputs": [
                {
                    "type": "variadic<bytes>",
                    "multi_result": true
                }
            ]
        },
        {
            "name": "add_struct",
            "mutability": "mutable",
            "inputs": [
                {
                    "name": "num_repeats",
                    "type": "u32"
                },
                {
                    "name": "value",
                    "type": "ExampleStruct"
                }
            ],
            "outputs": []
        },
        {
            "name": "count_struct",
            "mutability": "mutable",
            "inputs": [
                {
                    "name": "value",
                    "type": "ExampleStruct"
                }
            ],
            "outputs": [
                {
                    "type": "u32"
                }
            ]
        },
        {
            "name": "remove_struct",
            "mutability": "mutable",
            "inputs": [
                {
                    "name": "num_repeats",
                    "type": "u32"
                }
            ],
            "outputs": []
        },
        {
            "name": "bench_struct",
            "mutability": "readonly",
            "inputs": [],
            "outputs": [
                {
                    "type": "variadic<ExampleStruct>",
                    "multi_result": true
                }
            ]
        }
    ],
    "events": [],
    "hasCallback": false,
    "types": {
        "ExampleStruct": {
            "type": "struct",
            "fields": [
                {
                    "name": "first_token_id",
                    "type": "TokenIdentifier"
                },
                {
                    "name": "first_token_nonce",
                    "type": "u64"
                },
                {
                    "name": "first_token_amount",
                    "type": "BigUint"
                },
                {
                    "name": "second_token_id",
                    "type": "TokenIdentifier"
                },
                {
                    "name": "second_token_nonce",
                    "type": "u64"
                },
                {
                    "name": "second_token_amount",
                    "type": "BigUint"
                }
            ]
        }
    }
}
