{
    "buildInfo": {
        "rustc": {
            "version": "1.87.0-nightly",
            "commitHash": "617aad8c2e8783f6df8e5d1f8bb1e4bcdc70aa7b",
            "commitDate": "2025-02-24",
            "channel": "Nightly",
            "short": "rustc 1.87.0-nightly (617aad8c2 2025-02-24)"
        },
        "contractCrate": {
            "name": "check-pause",
            "version": "0.0.0"
        },
        "framework": {
            "name": "dharitri-sc",
            "version": "0.50.3"
        }
    },
    "name": "CheckPauseContract",
    "constructor": {
        "inputs": [],
        "outputs": []
    },
    "endpoints": [
        {
            "name": "checkPause",
            "mutability": "mutable",
            "inputs": [],
            "outputs": [
                {
                    "type": "bool"
                }
            ]
        },
        {
            "name": "pause",
            "onlyOwner": true,
            "mutability": "mutable",
            "inputs": [],
            "outputs": []
        },
        {
            "name": "unpause",
            "onlyOwner": true,
            "mutability": "mutable",
            "inputs": [],
            "outputs": []
        },
        {
            "name": "isPaused",
            "mutability": "readonly",
            "inputs": [],
            "outputs": [
                {
                    "type": "bool"
                }
            ]
        }
    ],
    "dcdtAttributes": [],
    "hasCallback": false,
    "types": {}
}
