{
    "name": "buy all tickets different accounts",
    "gasSchedule": "dummy",
    "steps": [
        {
            "step": "externalSteps",
            "path": "start-all-options-bigger-whitelist.scen.json"
        },
        {
            "step": "setState",
            "accounts": {
                "address:acc1": {
                    "nonce": "0",
                    "balance": "1,000,000",
                    "dcdt": {
                        "str:LOTTERY-123456": "100"
                    }
                },
                "address:acc2": {
                    "nonce": "0",
                    "balance": "1,000,000",
                    "dcdt": {
                        "str:LOTTERY-123456": "100"
                    }
                },
                "address:acc3": {
                    "nonce": "0",
                    "balance": "1,000,000",
                    "dcdt": {
                        "str:LOTTERY-123456": "100"
                    }
                },
                "address:acc4": {
                    "nonce": "0",
                    "balance": "1,000,000",
                    "dcdt": {
                        "str:LOTTERY-123456": "100"
                    }
                },
                "address:acc5": {
                    "nonce": "0",
                    "balance": "1,000,000",
                    "dcdt": {
                        "str:LOTTERY-123456": "100"
                    }
                }
            }
        },
        {
            "step": "scCall",
            "id": "buy-ticket-acc1",
            "tx": {
                "from": "address:acc1",
                "to": "sc:lottery",
                "dcdtValue": [
                    {
                        "tokenIdentifier": "str:LOTTERY-123456",
                        "value": "100"
                    }
                ],
                "function": "buy_ticket",
                "arguments": [
                    "str:lottery_name"
                ],
                "gasLimit": "100,000,000",
                "gasPrice": "0"
            },
            "expect": {
                "out": [],
                "status": "",
                "gas": "*",
                "refund": "*"
            }
        },
        {
            "step": "scCall",
            "id": "buy-ticket-acc2",
            "tx": {
                "from": "address:acc2",
                "to": "sc:lottery",
                "dcdtValue": [
                    {
                        "tokenIdentifier": "str:LOTTERY-123456",
                        "value": "100"
                    }
                ],
                "function": "buy_ticket",
                "arguments": [
                    "str:lottery_name"
                ],
                "gasLimit": "100,000,000",
                "gasPrice": "0"
            },
            "expect": {
                "out": [],
                "status": "",
                "gas": "*",
                "refund": "*"
            }
        },
        {
            "step": "scCall",
            "id": "buy-ticket-acc3",
            "tx": {
                "from": "address:acc3",
                "to": "sc:lottery",
                "dcdtValue": [
                    {
                        "tokenIdentifier": "str:LOTTERY-123456",
                        "value": "100"
                    }
                ],
                "function": "buy_ticket",
                "arguments": [
                    "str:lottery_name"
                ],
                "gasLimit": "100,000,000",
                "gasPrice": "0"
            },
            "expect": {
                "out": [],
                "status": "",
                "gas": "*",
                "refund": "*"
            }
        },
        {
            "step": "scCall",
            "id": "buy-ticket-acc4",
            "tx": {
                "from": "address:acc4",
                "to": "sc:lottery",
                "dcdtValue": [
                    {
                        "tokenIdentifier": "str:LOTTERY-123456",
                        "value": "100"
                    }
                ],
                "function": "buy_ticket",
                "arguments": [
                    "str:lottery_name"
                ],
                "gasLimit": "100,000,000",
                "gasPrice": "0"
            },
            "expect": {
                "out": [],
                "status": "",
                "gas": "*",
                "refund": "*"
            }
        },
        {
            "step": "scCall",
            "id": "buy-ticket-acc5",
            "tx": {
                "from": "address:acc5",
                "to": "sc:lottery",
                "dcdtValue": [
                    {
                        "tokenIdentifier": "str:LOTTERY-123456",
                        "value": "100"
                    }
                ],
                "function": "buy_ticket",
                "arguments": [
                    "str:lottery_name"
                ],
                "gasLimit": "100,000,000",
                "gasPrice": "0"
            },
            "expect": {
                "out": [],
                "status": "",
                "gas": "*",
                "refund": "*"
            }
        },
        {
            "step": "checkState",
            "accounts": {
                "address:my_address": {
                    "nonce": "2",
                    "balance": "1,000,000",
                    "storage": {}
                },
                "address:acc1": {
                    "nonce": "1",
                    "balance": "1,000,000",
                    "storage": {}
                },
                "address:acc2": {
                    "nonce": "1",
                    "balance": "1,000,000",
                    "storage": {}
                },
                "address:acc3": {
                    "nonce": "1",
                    "balance": "1,000,000",
                    "storage": {}
                },
                "address:acc4": {
                    "nonce": "1",
                    "balance": "1,000,000",
                    "storage": {}
                },
                "address:acc5": {
                    "nonce": "1",
                    "balance": "1,000,000",
                    "storage": {}
                },
                "sc:lottery": {
                    "nonce": "0",
                    "balance": "0",
                    "dcdt": {
                        "str:LOTTERY-123456": "500"
                    },
                    "storage": {
                        "str:lotteryInfo|nested:str:lottery_name": {
                            "0-token_identifier": "nested:str:LOTTERY-123456",
                            "1-ticket_price": "biguint:100",
                            "2-tickets-left": "u32:0",
                            "3-deadline": "u64:123,456",
                            "4-max_entries_per_user": "u32:1",
                            "5-prize_distribution": "u32:2|u8:75|u8:25",
                            "6-prize_pool": "biguint:500"
                        },
                        "str:ticketHolder|nested:str:lottery_name|str:.len": "5",
                        "str:ticketHolder|nested:str:lottery_name|str:.item|u32:1": "address:acc1",
                        "str:ticketHolder|nested:str:lottery_name|str:.item|u32:2": "address:acc2",
                        "str:ticketHolder|nested:str:lottery_name|str:.item|u32:3": "address:acc3",
                        "str:ticketHolder|nested:str:lottery_name|str:.item|u32:4": "address:acc4",
                        "str:ticketHolder|nested:str:lottery_name|str:.item|u32:5": "address:acc5",
                        "str:numberOfEntriesForUser|u32:12|str:lottery_name|address:acc1": "1",
                        "str:numberOfEntriesForUser|u32:12|str:lottery_name|address:acc2": "1",
                        "str:numberOfEntriesForUser|u32:12|str:lottery_name|address:acc3": "1",
                        "str:numberOfEntriesForUser|u32:12|str:lottery_name|address:acc4": "1",
                        "str:numberOfEntriesForUser|u32:12|str:lottery_name|address:acc5": "1",
                        "+": ""
                    },
                    "code": "drtsc:../output/lottery-dcdt.drtsc.json"
                }
            }
        }
    ]
}