{
    "name": "buy ticket when not on whitelist",
    "gasSchedule": "dummy",
    "steps": [
        {
            "step": "externalSteps",
            "path": "start-with-all-options.scen.json"
        },
        {
            "step": "setState",
            "accounts": {
                "address:acc3": {
                    "nonce": "0",
                    "balance": "500,000,000",
                    "dcdt": {
                        "str:LOTTERY-123456": "100"
                    }
                }
            }
        },
        {
            "step": "scCall",
            "id": "buy-ticket-not-on-whitelist",
            "tx": {
                "from": "address:acc3",
                "to": "sc:lottery",
                "dcdtValue": [
                    {
                        "tokenIdentifier": "str:LOTTERY-123456",
                        "value": "100"
                    }
                ],
                "function": "buy_ticket",
                "arguments": [
                    "str:lottery_name"
                ],
                "gasLimit": "100,000,000",
                "gasPrice": "0"
            },
            "expect": {
                "out": [],
                "status": "4",
                "message": "str:You are not allowed to participate in this lottery!",
                "gas": "*",
                "refund": "*"
            }
        },
        {
            "step": "checkState",
            "accounts": {
                "address:my_address": {
                    "nonce": "2",
                    "balance": "1,000,000",
                    "storage": {}
                },
                "address:acc1": {
                    "nonce": "0",
                    "balance": "1,000,000",
                    "storage": {}
                },
                "address:acc2": {
                    "nonce": "0",
                    "balance": "1,000,000",
                    "storage": {}
                },
                "address:acc3": {
                    "nonce": "1",
                    "balance": "500,000,000",
                    "dcdt": {
                        "str:LOTTERY-123456": "100"
                    },
                    "storage": {}
                },
                "sc:lottery": {
                    "nonce": "0",
                    "balance": "0",
                    "storage": {
                        "str:lotteryInfo|nested:str:lottery_name": {
                            "0-token_identifier": "nested:str:LOTTERY-123456",
                            "1-ticket_price": "biguint:100",
                            "2-tickets-left": "u32:5",
                            "3-deadline": "u64:123,456",
                            "4-max_entries_per_user": "u32:1",
                            "5-prize_distribution": "u32:2|u8:75|u8:25",
                            "6-prize_pool": "biguint:0"
                        },
                        "+": ""
                    },
                    "code": "drtsc:../output/lottery-dcdt.drtsc.json"
                }
            }
        }
    ]
}