{
    "name": "complex prize distribution",
    "gasSchedule": "dummy",
    "steps": [
        {
            "step": "externalSteps",
            "path": "lottery-init.scen.json"
        },
        {
            "step": "setState",
            "accounts": {
                "address:my_address": {
                    "nonce": "1",
                    "balance": "0"
                },
                "address:acc1": {
                    "nonce": "0",
                    "balance": "0"
                },
                "address:acc2": {
                    "nonce": "0",
                    "balance": "0"
                },
                "address:acc3": {
                    "nonce": "0",
                    "balance": "0"
                },
                "address:acc4": {
                    "nonce": "0",
                    "balance": "0"
                },
                "address:acc5": {
                    "nonce": "0",
                    "balance": "0"
                },
                "address:acc6": {
                    "nonce": "0",
                    "balance": "0"
                },
                "address:acc7": {
                    "nonce": "0",
                    "balance": "0"
                },
                "address:acc8": {
                    "nonce": "0",
                    "balance": "0"
                },
                "address:acc9": {
                    "nonce": "0",
                    "balance": "0"
                },
                "address:acc10": {
                    "nonce": "0",
                    "balance": "0"
                },
                "sc:lottery": {
                    "nonce": "0",
                    "balance": "60700",
                    "storage": {
                        "str:lotteryInfo|nested:str:lottery_name": {
                            "0-token_identifier": "nested:str:REWA",
                            "1-ticket_price": "biguint:100",
                            "2-tickets-left": "u32:0",
                            "3-deadline": "u64:123,456",
                            "4-max_entries_per_user": "u32:1",
                            "5-prize_distribution": "u32:10|u8:50|u8:25|u8:10|u8:5|u8:5|u8:1|u8:1|u8:1|u8:1|u8:1",
                            "6-prize_pool": "biguint:60700"
                        },
                        "str:ticketHolder|nested:str:lottery_name|str:.len": "10",
                        "str:ticketHolder|nested:str:lottery_name|str:.item|u32:1": "address:acc1",
                        "str:ticketHolder|nested:str:lottery_name|str:.item|u32:2": "address:acc2",
                        "str:ticketHolder|nested:str:lottery_name|str:.item|u32:3": "address:acc3",
                        "str:ticketHolder|nested:str:lottery_name|str:.item|u32:4": "address:acc4",
                        "str:ticketHolder|nested:str:lottery_name|str:.item|u32:5": "address:acc5",
                        "str:ticketHolder|nested:str:lottery_name|str:.item|u32:6": "address:acc6",
                        "str:ticketHolder|nested:str:lottery_name|str:.item|u32:7": "address:acc7",
                        "str:ticketHolder|nested:str:lottery_name|str:.item|u32:8": "address:acc8",
                        "str:ticketHolder|nested:str:lottery_name|str:.item|u32:9": "address:acc9",
                        "str:ticketHolder|nested:str:lottery_name|str:.item|u32:10": "address:acc10",
                        "str:numberOfEntriesForUser|u32:12|str:lottery_name|address:acc1": "1",
                        "str:numberOfEntriesForUser|u32:12|str:lottery_name|address:acc2": "1",
                        "str:numberOfEntriesForUser|u32:12|str:lottery_name|address:acc3": "1",
                        "str:numberOfEntriesForUser|u32:12|str:lottery_name|address:acc4": "1",
                        "str:numberOfEntriesForUser|u32:12|str:lottery_name|address:acc5": "1",
                        "str:numberOfEntriesForUser|u32:12|str:lottery_name|address:acc6": "1",
                        "str:numberOfEntriesForUser|u32:12|str:lottery_name|address:acc7": "1",
                        "str:numberOfEntriesForUser|u32:12|str:lottery_name|address:acc8": "1",
                        "str:numberOfEntriesForUser|u32:12|str:lottery_name|address:acc9": "1",
                        "str:numberOfEntriesForUser|u32:12|str:lottery_name|address:acc10": "1"
                    },
                    "code": "drtsc:../output/lottery-dcdt.drtsc.json"
                }
            },
            "currentBlockInfo": {
                "blockRandomSeed": "0x00000000000000000000000000000000000000000000000000000000000000000000000000000000000000000000000"
            }
        },
        {
            "step": "scCall",
            "id": "determine-winner-same-ticket-holder",
            "tx": {
                "from": "address:my_address",
                "to": "sc:lottery",
                "function": "determine_winner",
                "arguments": [
                    "str:lottery_name"
                ],
                "gasLimit": "100,000,000",
                "gasPrice": "0"
            },
            "expect": {
                "out": [],
                "status": "0",
                "gas": "*",
                "refund": "*"
            }
        },
        {
            "step": "checkState",
            "accounts": {
                "address:my_address": {
                    "nonce": "2",
                    "balance": "0",
                    "storage": {}
                },
                "address:acc1": {
                    "nonce": "0",
                    "balance": "3,035",
                    "storage": {}
                },
                "address:acc2": {
                    "nonce": "0",
                    "balance": "607",
                    "storage": {}
                },
                "address:acc3": {
                    "nonce": "0",
                    "balance": "607",
                    "storage": {}
                },
                "address:acc4": {
                    "nonce": "0",
                    "balance": "15,175",
                    "storage": {}
                },
                "address:acc5": {
                    "nonce": "0",
                    "balance": "6,070",
                    "storage": {}
                },
                "address:acc6": {
                    "nonce": "0",
                    "balance": "607",
                    "storage": {}
                },
                "address:acc7": {
                    "nonce": "0",
                    "balance": "607",
                    "storage": {}
                },
                "address:acc8": {
                    "nonce": "0",
                    "balance": "30,350",
                    "storage": {}
                },
                "address:acc9": {
                    "nonce": "0",
                    "balance": "607",
                    "storage": {}
                },
                "address:acc10": {
                    "nonce": "0",
                    "balance": "3,035",
                    "storage": {}
                },
                "sc:lottery": {
                    "nonce": "0",
                    "balance": "0",
                    "storage": {},
                    "code": "drtsc:../output/lottery-dcdt.drtsc.json"
                }
            }
        }
    ]
}