{
    "buildInfo": {
        "rustc": {
            "version": "1.87.0-nightly",
            "commitHash": "b74da9613a8cb5ba67a985f71325be0b7b16c0dd",
            "commitDate": "2025-03-06",
            "channel": "Nightly",
            "short": "rustc 1.87.0-nightly (b74da9613 2025-03-06)"
        },
        "contractCrate": {
            "name": "dcdt-transfer-with-fee",
            "version": "0.0.0"
        },
        "framework": {
            "name": "dharitri-sc",
            "version": "1.0.1"
        }
    },
    "name": "DcdtTransferWithFee",
    "constructor": {
        "inputs": [],
        "outputs": []
    },
    "endpoints": [
        {
            "name": "setExactValueFee",
            "onlyOwner": true,
            "mutability": "mutable",
            "inputs": [
                {
                    "name": "fee_token",
                    "type": "TokenIdentifier"
                },
                {
                    "name": "fee_amount",
                    "type": "BigUint"
                },
                {
                    "name": "token",
                    "type": "TokenIdentifier"
                }
            ],
            "outputs": []
        },
        {
            "name": "setPercentageFee",
            "onlyOwner": true,
            "mutability": "mutable",
            "inputs": [
                {
                    "name": "fee",
                    "type": "u32"
                },
                {
                    "name": "token",
                    "type": "TokenIdentifier"
                }
            ],
            "outputs": []
        },
        {
            "name": "claimFees",
            "onlyOwner": true,
            "mutability": "mutable",
            "inputs": [],
            "outputs": []
        },
        {
            "name": "transfer",
            "mutability": "mutable",
            "payableInTokens": [
                "*"
            ],
            "inputs": [
                {
                    "name": "address",
                    "type": "Address"
                }
            ],
            "outputs": []
        },
        {
            "name": "getTokenFee",
            "mutability": "readonly",
            "inputs": [
                {
                    "name": "token",
                    "type": "TokenIdentifier"
                }
            ],
            "outputs": [
                {
                    "type": "Fee"
                }
            ]
        },
        {
            "name": "getPaidFees",
            "mutability": "readonly",
            "inputs": [],
            "outputs": [
                {
                    "type": "variadic<multi<tuple<TokenIdentifier,u64>,BigUint>>",
                    "multi_result": true
                }
            ]
        }
    ],
    "dcdtAttributes": [],
    "hasCallback": false,
    "types": {
        "DcdtTokenPayment": {
            "type": "struct",
            "fields": [
                {
                    "name": "token_identifier",
                    "type": "TokenIdentifier"
                },
                {
                    "name": "token_nonce",
                    "type": "u64"
                },
                {
                    "name": "amount",
                    "type": "BigUint"
                }
            ]
        },
        "Fee": {
            "type": "enum",
            "variants": [
                {
                    "name": "Unset",
                    "discriminant": 0
                },
                {
                    "name": "ExactValue",
                    "discriminant": 1,
                    "fields": [
                        {
                            "name": "0",
                            "type": "DcdtTokenPayment"
                        }
                    ]
                },
                {
                    "name": "Percentage",
                    "discriminant": 2,
                    "fields": [
                        {
                            "name": "0",
                            "type": "u32"
                        }
                    ]
                }
            ]
        }
    }
}
