{
    "name": "claiming successful crowdfunding",
    "steps": [
        {
            "step": "externalSteps",
            "path": "rewa-crowdfunding-fund.scen.json"
        },
        {
            "step": "setState",
            "accounts": {
                "address:donor2": {
                    "nonce": "0",
                    "balance": "1,000,000,000,000"
                }
            }
        },
        {
            "step": "scCall",
            "txId": "fund-2",
            "tx": {
                "from": "address:donor2",
                "to": "sc:crowdfunding",
                "rewaValue": "200,000,000,000",
                "function": "fund",
                "arguments": [],
                "gasLimit": "100,000,000",
                "gasPrice": "0"
            },
            "expect": {
                "out": [],
                "status": "",
                "gas": "*",
                "refund": "*"
            }
        },
        {
            "step": "checkState",
            "accounts": {
                "address:my_address": {
                    "nonce": "1",
                    "balance": "1,000,000",
                    "storage": {}
                },
                "address:donor1": {
                    "nonce": "1",
                    "balance": "150,000,000,000",
                    "storage": {}
                },
                "address:donor2": {
                    "nonce": "1",
                    "balance": "800,000,000,000",
                    "storage": {}
                },
                "sc:crowdfunding": {
                    "nonce": "0",
                    "balance": "450,000,000,000",
                    "storage": {
                        "str:target": "500,000,000,000",
                        "str:deadline": "123,000",
                        "str:tokenIdentifier": "str:REWA",
                        "str:deposit|address:donor1": "250,000,000,000",
                        "str:deposit|address:donor2": "200,000,000,000"
                    },
                    "code": "file:../output/crowdfunding-dcdt.wasm"
                }
            }
        },
        {
            "step": "setState",
            "currentBlockInfo": {
                "blockTimestamp": "123,001"
            }
        },
        {
            "step": "scCall",
            "txId": "claim-donor1",
            "tx": {
                "from": "address:donor1",
                "to": "sc:crowdfunding",
                "function": "claim",
                "arguments": [],
                "gasLimit": "100,000,000",
                "gasPrice": "0"
            },
            "expect": {
                "out": [],
                "status": "0",
                "gas": "*",
                "refund": "*"
            }
        },
        {
            "step": "scCall",
            "txId": "claim-donor2",
            "tx": {
                "from": "address:donor2",
                "to": "sc:crowdfunding",
                "function": "claim",
                "arguments": [],
                "gasLimit": "100,000,000",
                "gasPrice": "0"
            },
            "expect": {
                "out": [],
                "status": "0",
                "gas": "*",
                "refund": "*"
            }
        },
        {
            "step": "checkState",
            "accounts": {
                "address:my_address": {
                    "nonce": "1",
                    "balance": "1,000,000",
                    "storage": {}
                },
                "address:donor1": {
                    "nonce": "2",
                    "balance": "400,000,000,000",
                    "storage": {}
                },
                "address:donor2": {
                    "nonce": "2",
                    "balance": "1,000,000,000,000",
                    "storage": {}
                },
                "sc:crowdfunding": {
                    "nonce": "0",
                    "balance": "0",
                    "storage": {
                        "str:target": "500,000,000,000",
                        "str:deadline": "123,000",
                        "str:tokenIdentifier": "str:REWA",
                        "str:deposit|address:donor1": "0",
                        "str:deposit|address:donor2": "0"
                    },
                    "code": "file:../output/crowdfunding-dcdt.wasm"
                }
            }
        }
    ]
}
