{
    "buildInfo": {
        "rustc": {
            "version": "1.76.0-nightly",
            "commitHash": "d86d65bbc19b928387f68427fcc3a0da498d8a19",
            "commitDate": "2023-12-10",
            "channel": "Nightly",
            "short": "rustc 1.76.0-nightly (d86d65bbc 2023-12-10)"
        },
        "contractCrate": {
            "name": "str-repeat",
            "version": "0.0.0"
        },
        "framework": {
            "name": "dharitri-sc",
            "version": "0.48.0"
        }
    },
    "name": "StrRepeat",
    "constructor": {
        "inputs": [],
        "outputs": []
    },
    "endpoints": [
        {
            "name": "mb_builder_benchmark",
            "mutability": "readonly",
            "inputs": [
                {
                    "name": "payload",
                    "type": "u32"
                },
                {
                    "name": "num_repeats",
                    "type": "u32"
                }
            ],
            "outputs": [
                {
                    "type": "bytes"
                }
            ],
            "labels": [
                "mb-builder"
            ]
        }
    ],
    "dcdtAttributes": [],
    "hasCallback": false,
    "types": {}
}
