{
    "name": "check version",
    "gasSchedule": "v2",
    "steps": [
        {
            "step": "setState",
            "accounts": {
                "sc:delegation": {
                    "nonce": "0",
                    "balance": "0",
                    "storage": {},
                    "code": "file:../output/delegation_v0_5_5_full.wasm"
                }
            }
        },
        {
            "step": "scQuery",
            "txId": "version",
            "tx": {
                "to": "sc:delegation",
                "function": "version"
            },
            "expect": {
                "out": [ "str:0.5.5" ]
            }
        }
    ]
}
