{
    "name": "add liquidity",
    "steps": [
        {
            "step": "externalSteps",
            "path": "complete_setup.scen.json"
        },
        {
            "step": "scCall",
            "txId": "add-liquidity",
            "tx": {
                "from": "address:user1",
                "to": "sc:pair_contract",
                "dcdtValue": [
                    {
                        "tokenIdentifier": "str:WREWA-abcdef",
                        "value": "2,000,000,000"
                    },
                    {
                        "tokenIdentifier": "str:ALC-abcdef",
                        "value": "2,000,000,000"
                    }
                ],
                "function": "addLiquidity",
                "arguments": [
                    "1,000,000,000",
                    "1,000,000,000"
                ],
                "gasLimit": "100,000,000",
                "gasPrice": "0"
            },
            "expect": {
                "out": [
                    "*",
                    "*",
                    "*"
                ],
                "status": "0",
                "message": "",
                "gas": "*",
                "refund": "*"
            }
        }
    ]
}
