{
    "name": "exit farm",
    "steps": [
        {
            "step": "externalSteps",
            "path": "enter_moa_farm.scen.json"
        },
        {
            "step": "setState",
            "currentBlockInfo": {
                "blockNonce": "10",
                "blockEpoch": "10"
            }
        },
        {
            "step": "scCall",
            "txId": "unstake",
            "tx": {
                "from": "address:user_with_moa",
                "to": "sc:moa_farm_contract",
                "dcdtValue": [
                    {
                        "tokenIdentifier": "str:FARM-abcdef",
                        "nonce": "1",
                        "value": "100,000,000"
                    }
                ],
                "function": "compoundRewards",
                "arguments": [],
                "gasLimit": "100,000,000",
                "gasPrice": "0"
            },
            "expect": {
                "out": [
                    "0x0000000b4641524d2d61626364656600000000000000020000000405f6a450"
                ],
                "status": "0",
                "message": "",
                "gas": "*",
                "refund": "*"
            }
        },
        {
            "step": "checkState",
            "accounts": {
                "address:user_with_moa": {
                    "nonce": "*",
                    "balance": "100,000,000",
                    "dcdt": {
                        "str:FARM-abcdef": {
                            "instances": [
                                {
                                    "nonce": "2",
                                    "balance": "100,050,000"
                                }
                            ]
                        },
                        "str:MOA-abcdef": "4,900,000,000"
                    },
                    "storage": {},
                    "code": ""
                },
                "+": ""
            }
        }
    ]
}
