{
    "name": "remove liquidity twice",
    "steps": [
        {
            "step": "externalSteps",
            "path": "remove_liquidity.scen.json"
        },
        {
            "step": "scCall",
            "txId": "remove-liquidity",
            "tx": {
                "from": "address:user_with_lp",
                "to": "sc:pair_contract",
                "dcdtValue": [
                    {
                        "tokenIdentifier": "str:LPTOK-abcdef",
                        "value": "1,999,999,000"
                    }
                ],
                "function": "removeLiquidity",
                "arguments": [
                    "500,000,000",
                    "500,000,000"
                ],
                "gasLimit": "100,000,000",
                "gasPrice": "0"
            },
            "expect": {
                "out": [],
                "status": "4",
                "message": "str:Not enough LP token supply",
                "gas": "*",
                "refund": "*"
            }
        }
    ]
}
