{
    "name": "extracting the funds by calling pong after the deadline has passed",
    "gasSchedule": "v3",
    "steps": [
        {
            "step": "externalSteps",
            "path": "ping-pong-call-ping.scen.json"
        },
        {
            "step": "setState",
            "currentBlockInfo": {
                "blockTimestamp": "123,781"
            }
        },
        {
            "step": "scCall",
            "tx": {
                "from": "address:participant1",
                "to": "sc:ping-pong",
                "function": "pong",
                "arguments": [],
                "gasLimit": "10,000,000",
                "gasPrice": "0"
            },
            "expect": {
                "out": [],
                "status": "0",
                "message": "",
                "gas": "*",
                "refund": "*"
            }
        },
        {
            "step": "checkState",
            "accounts": {
                "address:my_address": {
                    "nonce": "1",
                    "balance": "1,000,000",
                    "storage": {}
                },
                "address:participant1": {
                    "nonce": "2",
                    "balance": "1,800,000,000,000",
                    "storage": {}
                },
                "address:participant2": {
                    "nonce": "0",
                    "balance": "2,500,000,000,000",
                    "storage": {}
                },
                "sc:ping-pong": {
                    "nonce": "0",
                    "balance": "0",
                    "storage": {
                        "str:pingAmount": "500,000,000,000",
                        "str:activationTimestamp": "780",
                        "str:deadline": "123,780",
                        "str:user_address_to_id|address:participant1": "1",
                        "str:user_id_to_address|0x0000001": "address:participant1",
                        "str:userStatus|0x0000001": "2",
                        "str:user_count": "1"
                    },
                    "code": "drtsc:../output/ping-pong-rewa.drtsc.json"
                }
            }
        }
    ]
}
