{
    "name": "lottery deployment test",
    "gasSchedule": "dummy",
    "steps": [
        {
            "step": "setState",
            "accounts": {
                "address:my_address": {
                    "nonce": "0",
                    "balance": "1,000,000"
                },
                "address:acc1": {
                    "nonce": "0",
                    "balance": "1,000,000"
                },
                "address:acc2": {
                    "nonce": "0",
                    "balance": "1,000,000"
                }
            },
            "newAddresses": [
                {
                    "creatorAddress": "address:my_address",
                    "creatorNonce": "0",
                    "newAddress": "sc:lottery"
                }
            ]
        },
        {
            "step": "scDeploy",
            "id": "deploy",
            "tx": {
                "from": "address:my_address",
                "contractCode": "drtsc:../output/lottery-dcdt.drtsc.json",
                "arguments": [],
                "gasLimit": "1,000,000",
                "gasPrice": "0"
            },
            "expect": {
                "out": [],
                "status": "0",
                "gas": "*",
                "refund": "*"
            }
        },
        {
            "step": "checkState",
            "accounts": {
                "address:my_address": {
                    "nonce": "1",
                    "balance": "1,000,000",
                    "storage": {}
                },
                "address:acc1": {
                    "nonce": "0",
                    "balance": "1,000,000",
                    "storage": {}
                },
                "address:acc2": {
                    "nonce": "0",
                    "balance": "1,000,000",
                    "storage": {}
                },
                "sc:lottery": {
                    "nonce": "0",
                    "balance": "0",
                    "storage": {},
                    "code": "drtsc:../output/lottery-dcdt.drtsc.json"
                }
            }
        }
    ]
}
