{
    "comment": "initially, the gas is not enough to even perform a single pong",
    "gasSchedule": "v3",
    "steps": [
        {
            "step": "externalSteps",
            "path": "ping-pong-call-ping-second-user.scen.json"
        },
        {
            "step": "setState",
            "currentBlockInfo": {
                "blockTimestamp": "123,781"
            }
        },
        {
            "step": "scCall",
            "id": "pong-all-interrupted-0/2",
            "comment": "initially, the gas is only enough to perform 0 of 2 pongs",
            "tx": {
                "from": "address:participant1",
                "to": "sc:ping-pong",
                "function": "pongAll",
                "arguments": [],
                "gasLimit": "6,000,000",
                "gasPrice": "0"
            },
            "expect": {
                "out": [
                    "str:interrupted"
                ],
                "status": "0",
                "message": "",
                "gas": "*",
                "refund": "*"
            }
        },
        {
            "step": "checkState",
            "accounts": {
                "address:my_address": {
                    "nonce": "1",
                    "balance": "1,000,000",
                    "storage": {}
                },
                "address:participant1": {
                    "nonce": "2",
                    "balance": "1,300,000,000,000",
                    "storage": {}
                },
                "address:participant2": {
                    "nonce": "1",
                    "balance": "2,000,000,000,000",
                    "storage": {}
                },
                "sc:ping-pong": {
                    "nonce": "0",
                    "balance": "1,000,000,000,000",
                    "storage": {
                        "str:pingAmount": "500,000,000,000",
                        "str:activationTimestamp": "780",
                        "str:deadline": "123,780",
                        "str:user_address_to_id|address:participant1": "1",
                        "str:user_id_to_address|0x0000001": "address:participant1",
                        "str:userStatus|0x0000001": "1",
                        "str:user_address_to_id|address:participant2": "2",
                        "str:user_id_to_address|0x0000002": "address:participant2",
                        "str:userStatus|0x0000002": "1",
                        "str:user_count": "2",
                        "str:pongAllLastUser": "0"
                    },
                    "code": "drtsc:../output/ping-pong-rewa.drtsc.json"
                }
            }
        },
        {
            "step": "externalSteps",
            "comment": "regular pong all with enough gas should continue with no problem",
            "path": "ping-pong-call-pong-all.steps.json"
        }
    ]
}