{
    "name": "topUp_withdraw",
    "gasSchedule": "dummy",
    "steps": [
        {
            "step": "setState",
            "accounts": {
                "address:crypto_bubbles_owner": {
                    "nonce": "0",
                    "balance": "0"
                },
                "sc:crypto_bubbles": {
                    "nonce": "0",
                    "balance": "0",
                    "code": "file:../output/crypto-bubbles.wasm"
                },
                "address:acc1": {
                    "nonce": "0",
                    "balance": "0x7200000"
                }
            }
        },
        {
            "step": "scCall",
            "id": "1",
            "tx": {
                "from": "address:acc1",
                "to": "sc:crypto_bubbles",
                "rewaValue": "0x4000000",
                "function": "topUp",
                "arguments": [],
                "gasLimit": "0x100000",
                "gasPrice": "0x01"
            },
            "expect": {
                "out": [],
                "status": "",
                "logs": [
                    {
                        "address": "sc:crypto_bubbles",
                        "endpoint": "str:topUp",
                        "topics": [
                            "str:top_up",
                            "address:acc1"
                        ],
                        "data": [
                            "0x4000000"
                        ]
                    }
                ],
                "gas": "*",
                "refund": "*"
            }
        },
        {
            "step": "scCall",
            "id": "2",
            "tx": {
                "from": "address:acc1",
                "to": "sc:crypto_bubbles",
                "function": "withdraw",
                "arguments": [
                    "0x4000000"
                ],
                "gasLimit": "0x100000",
                "gasPrice": "0x01"
            },
            "expect": {
                "out": [],
                "status": "",
                "logs": [
                    {
                        "address": "sc:crypto_bubbles",
                        "endpoint": "str:transferValueOnly",
                        "topics": [
                            "0x4000000",
                            "address:acc1"
                        ],
                        "data": "*"
                    },
                    {
                        "address": "sc:crypto_bubbles",
                        "endpoint": "str:withdraw",
                        "topics": [
                            "str:withdraw",
                            "address:acc1"
                        ],
                        "data": [
                            "0x4000000"
                        ]
                    }
                ],
                "gas": "*",
                "refund": "*"
            }
        },
        {
            "step": "checkState",
            "accounts": {
                "address:crypto_bubbles_owner": {
                    "nonce": "0",
                    "balance": "0",
                    "storage": {},
                    "code": ""
                },
                "sc:crypto_bubbles": {
                    "nonce": "0",
                    "balance": "0",
                    "storage": {},
                    "code": "file:../output/crypto-bubbles.wasm"
                },
                "address:acc1": {
                    "nonce": "2",
                    "balance": "0x7000000",
                    "storage": {},
                    "code": ""
                }
            }
        }
    ]
}
