{
    "buildInfo": {
        "rustc": {
            "version": "1.87.0-nightly",
            "commitHash": "b74da9613a8cb5ba67a985f71325be0b7b16c0dd",
            "commitDate": "2025-03-06",
            "channel": "Nightly",
            "short": "rustc 1.87.0-nightly (b74da9613 2025-03-06)"
        },
        "contractCrate": {
            "name": "crypto-zombies",
            "version": "0.0.0"
        },
        "framework": {
            "name": "dharitri-sc",
            "version": "0.54.3"
        }
    },
    "name": "CryptoZombies",
    "constructor": {
        "inputs": [],
        "outputs": []
    },
    "upgradeConstructor": {
        "inputs": [],
        "outputs": []
    },
    "endpoints": [
        {
            "name": "set_crypto_kitties_sc_address",
            "onlyOwner": true,
            "mutability": "mutable",
            "inputs": [
                {
                    "name": "address",
                    "type": "Address"
                }
            ],
            "outputs": []
        },
        {
            "name": "generate_random_dna",
            "mutability": "readonly",
            "inputs": [],
            "outputs": [
                {
                    "type": "u64"
                }
            ]
        },
        {
            "name": "create_random_zombie",
            "mutability": "mutable",
            "inputs": [
                {
                    "name": "name",
                    "type": "bytes"
                }
            ],
            "outputs": []
        },
        {
            "name": "is_ready",
            "mutability": "readonly",
            "inputs": [
                {
                    "name": "zombie_id",
                    "type": "u32"
                }
            ],
            "outputs": [
                {
                    "type": "bool"
                }
            ]
        },
        {
            "name": "feed_on_kitty",
            "mutability": "mutable",
            "inputs": [
                {
                    "name": "zombie_id",
                    "type": "u32"
                },
                {
                    "name": "kitty_id",
                    "type": "u32"
                }
            ],
            "outputs": []
        },
        {
            "name": "dna_digits",
            "mutability": "readonly",
            "inputs": [],
            "outputs": [
                {
                    "type": "u8"
                }
            ]
        },
        {
            "name": "zombie_last_index",
            "mutability": "readonly",
            "inputs": [],
            "outputs": [
                {
                    "type": "u32"
                }
            ]
        },
        {
            "name": "zombies",
            "mutability": "readonly",
            "inputs": [
                {
                    "name": "id",
                    "type": "u32"
                }
            ],
            "outputs": [
                {
                    "type": "Zombie"
                }
            ]
        },
        {
            "name": "zombie_owner",
            "mutability": "readonly",
            "inputs": [
                {
                    "name": "id",
                    "type": "u32"
                }
            ],
            "outputs": [
                {
                    "type": "Address"
                }
            ]
        },
        {
            "name": "crypto_kitties_sc_address",
            "mutability": "readonly",
            "inputs": [],
            "outputs": [
                {
                    "type": "Address"
                }
            ]
        },
        {
            "name": "cooldown_time",
            "mutability": "readonly",
            "inputs": [],
            "outputs": [
                {
                    "type": "u64"
                }
            ]
        },
        {
            "name": "owned_zombies",
            "mutability": "readonly",
            "inputs": [
                {
                    "name": "owner",
                    "type": "Address"
                }
            ],
            "outputs": [
                {
                    "type": "variadic<u32>",
                    "multi_result": true
                }
            ]
        },
        {
            "name": "level_up",
            "mutability": "mutable",
            "payableInTokens": [
                "REWA"
            ],
            "inputs": [
                {
                    "name": "zombie_id",
                    "type": "u32"
                }
            ],
            "outputs": []
        },
        {
            "name": "withdraw",
            "onlyOwner": true,
            "mutability": "mutable",
            "inputs": [],
            "outputs": []
        },
        {
            "name": "change_name",
            "mutability": "mutable",
            "inputs": [
                {
                    "name": "zombie_id",
                    "type": "u32"
                },
                {
                    "name": "name",
                    "type": "bytes"
                }
            ],
            "outputs": []
        },
        {
            "name": "change_dna",
            "mutability": "mutable",
            "inputs": [
                {
                    "name": "zombie_id",
                    "type": "u32"
                },
                {
                    "name": "dna",
                    "type": "u64"
                }
            ],
            "outputs": []
        },
        {
            "name": "attack",
            "mutability": "mutable",
            "inputs": [
                {
                    "name": "zombie_id",
                    "type": "u32"
                },
                {
                    "name": "target_id",
                    "type": "u32"
                }
            ],
            "outputs": []
        }
    ],
    "events": [
        {
            "identifier": "newZombieEvent",
            "inputs": [
                {
                    "name": "zombie_id",
                    "type": "u32",
                    "indexed": true
                },
                {
                    "name": "name",
                    "type": "bytes"
                },
                {
                    "name": "dna",
                    "type": "u64",
                    "indexed": true
                }
            ]
        }
    ],
    "dcdtAttributes": [],
    "hasCallback": true,
    "types": {
        "Zombie": {
            "type": "struct",
            "fields": [
                {
                    "name": "name",
                    "type": "bytes"
                },
                {
                    "name": "dna",
                    "type": "u64"
                },
                {
                    "name": "level",
                    "type": "u16"
                },
                {
                    "name": "ready_time",
                    "type": "u64"
                },
                {
                    "name": "win_count",
                    "type": "u32"
                },
                {
                    "name": "loss_count",
                    "type": "u32"
                }
            ]
        }
    }
}
