{
    "name": "adder",
    "comment": "add then check",
    "steps": [
        {
            "step": "scDeploy",
            "txId": "1",
            "tx": {
                "from": "address:owner",
                "value": "0",
                "contractCode": "file:../../output/multisig.wasm",
                "arguments": [
                    "2",
                    "address:alice",
                    "address:bob",
                    "address:charlie"
                ],
                "gasLimit": "100,000",
                "gasPrice": "0"
            },
            "expect": {
                "out": [],
                "status": "",
                "logs": [],
                "gas": "*",
                "refund": "*"
            }
        },
        {
            "step": "scCall",
            "txId": "getQuorum",
            "tx": {
                "from": "address:owner",
                "to": "address:multisig",
                "value": "0",
                "function": "getQuorum",
                "arguments": [],
                "gasLimit": "100,000",
                "gasPrice": "0"
            },
            "expect": {
                "out": [
                    "2"
                ],
                "status": "",
                "logs": [],
                "gas": "*",
                "refund": "*"
            }
        },
        {
            "step": "scCall",
            "txId": "getNumBoardMembers",
            "tx": {
                "from": "address:owner",
                "to": "address:multisig",
                "value": "0",
                "function": "getNumBoardMembers",
                "arguments": [],
                "gasLimit": "100,000",
                "gasPrice": "0"
            },
            "expect": {
                "out": [
                    "3"
                ],
                "status": "",
                "logs": [],
                "gas": "*",
                "refund": "*"
            }
        },
        {
            "step": "checkState",
            "accounts": {
                "address:multisig": {
                    "nonce": "0",
                    "balance": "0",
                    "storage": {
                        "``num_users": "3",
                        "``user_id|address:alice": "1",
                        "``user_id|address:bob": "2",
                        "``user_id|address:charlie": "3",
                        "``user_address|u32:1": "address:alice",
                        "``user_address|u32:2": "address:bob",
                        "``user_address|u32:3": "address:charlie",
                        "``user_role|u32:1": "2",
                        "``user_role|u32:2": "2",
                        "``user_role|u32:3": "2",
                        "``num_board_members": "3",
                        "``quorum": "2"
                    },
                    "code": "file:../../output/multisig.wasm"
                },
                "+": ""
            }
        }
    ]
}
