{
    "name": "genesis big scenario",
    "steps": [
        {
            "step": "externalSteps",
            "path": "../genesis/01a_init_accounts.steps.json"
        },
        {
            "step": "externalSteps",
            "path": "../genesis/01b_deploy.steps.json"
        },
        {
            "step": "externalSteps",
            "path": "../genesis/02_add_nodes.steps.json"
        },
        {
            "step": "externalSteps",
            "path": "../genesis/02c_add_nodes.steps.json"
        },
        {
            "step": "scCall",
            "txId": "only delegator only stake",
            "tx": {
                "from": "address:delegator1",
                "to": "sc:delegation",
                "value": "0",
                "function": "stakeGenesis",
                "arguments": [
                    "444,000,000,000,000"
                ],
                "gasLimit": "1,000,000",
                "gasPrice": "0"
            },
            "expect": {
                "out": [],
                "status": "",
                "logs": "*",
                "gas": "*",
                "refund": "*"
            }
        },
        {
            "step": "externalSteps",
            "path": "../genesis/04b_genesis_activate.steps.json"
        },
        {
            "step": "validatorReward",
            "txId": "validatorReward-1",
            "tx": {
                "to": "sc:delegation",
                "value": "1"
            }
        },
        {
            "step": "scCall",
            "txId": "delegator 1 claim 1",
            "tx": {
                "from": "address:delegator1",
                "to": "sc:delegation",
                "value": "0",
                "function": "claimRewards",
                "arguments": [],
                "gasLimit": "1,000,000",
                "gasPrice": "0"
            },
            "expect": {
                "out": [],
                "status": "",
                "logs": "*"
            }
        },
        {
            "step": "validatorReward",
            "txId": "validatorReward-2",
            "tx": {
                "to": "sc:delegation",
                "value": "1"
            }
        },
        {
            "step": "scCall",
            "txId": "delegator 1 claim 2",
            "tx": {
                "from": "address:delegator1",
                "to": "sc:delegation",
                "value": "0",
                "function": "claimRewards",
                "arguments": [],
                "gasLimit": "1,000,000",
                "gasPrice": "0"
            },
            "expect": {
                "out": [],
                "status": "",
                "logs": "*"
            }
        },
        {
            "step": "scCall",
            "txId": "owner gets fee",
            "tx": {
                "from": "address:node_address",
                "to": "sc:delegation",
                "value": "0",
                "function": "claimRewards",
                "arguments": [],
                "gasLimit": "1,000,000",
                "gasPrice": "0"
            },
            "expect": {
                "out": [],
                "status": "",
                "logs": [
                    {
                        "address": "sc:delegation",
                        "identifier": "0x000000000000000000000000000000000000000000000000000000000000000a",
                        "topics": [
                            "address:node_address"
                        ],
                        "data": "1"
                    }
                ]
            }
        },
        {
            "step": "checkState",
            "comment": "delegator 1 gets another 1",
            "accounts": {
                "sc:delegation": {
                    "balance": "1"
                },
                "address:node_address": {
                    "balance": "1"
                },
                "address:delegator1": {
                    "balance": "0"
                },
                "+": ""
            }
        }
    ]
}
