{
    "name": "accept dcdt payment",
    "steps": [
        {
            "step": "setState",
            "currentBlockInfo": {
                "blockNonce": "0"
            }
        },
        {
            "step": "setState",
            "accounts": {
                "address:alice": {
                    "nonce": "0",
                    "balance": "1,000,000,000,000",
                    "dcdt": {
                        "str:LPTOK-abcdef": "1,000,000,000,000,000,000,000"
                    }
                },
                "address:bob": {
                    "nonce": "0",
                    "balance": "1,000,000,000,000",
                    "dcdt": {
                        "str:LPTOK-abcdef": "2,000,000,000,000,000,000,000"
                    }
                },
                "address:eve": {
                    "nonce": "0",
                    "balance": "1,000,000,000,000",
                    "dcdt": {
                        "str:LPTOK-abcdef": "500,000,000,000,000,000,000"
                    }
                },
                "sc:farm_contract": {
                    "nonce": "0",
                    "balance": "0",
                    "dcdt": {
                        "str:FARM-abcdef": {
                            "roles": [
                                "DCDTRoleNFTCreate",
                                "DCDTRoleNFTAddQuantity",
                                "DCDTRoleNFTBurn"
                            ]
                        },
                        "str:LPTOK-abcdef": {
                            "roles": [
                                "DCDTRoleLocalBurn"
                            ]
                        },
                        "str:MOA-abcdef": {
                            "roles": [
                                "DCDTRoleLocalMint",
                                "DCDTRoleLocalBurn"
                            ]
                        }
                    },
                    "storage": {
                        "str:farming_token_id": "str:LPTOK-abcdef",
                        "str:farm_token_id": "str:FARM-abcdef",
                        "str:reward_token_id": "str:MOA-abcdef",
                        "str:state": "1",
                        "str:minimum_farming_epochs": "2",
                        "str:router_address": "address:alice",
                        "str:penalty_percent": "0",
                        "str:division_safety_constant": "1000000000000",
                        "str:per_block_reward_amount": "1,000,000,000,000,000,000,000",
                        "str:produce_rewards_enabled": "1",
                        "str:permissions|address:alice": "5"
                    },
                    "code": "file:../farm/output/farm.wasm",
                    "owner": "address:alice"
                }
            }
        },
        {
            "step": "scCall",
            "txId": "add-admin",
            "tx": {
                "from": "address:alice",
                "to": "sc:farm_contract",
                "function": "addAdmin",
                "arguments": [
                    "address:alice"
                ],
                "gasLimit": "100,000,000",
                "gasPrice": "0"
            },
            "expect": {
                "out": [],
                "status": "0",
                "message": "",
                "gas": "*",
                "refund": "*"
            }
        },
        {
            "step": "setState",
            "currentBlockInfo": {
                "blockNonce": "3"
            }
        },
        {
            "step": "scCall",
            "txId": "alice-enters",
            "tx": {
                "from": "address:alice",
                "to": "sc:farm_contract",
                "dcdtValue": [
                    {
                        "tokenIdentifier": "str:LPTOK-abcdef",
                        "value": "1,000,000,000,000,000,000,000"
                    }
                ],
                "function": "enterFarm",
                "arguments": [],
                "gasLimit": "100,000,000",
                "gasPrice": "0"
            },
            "expect": {
                "out": [
                    {
                        "1-token_id": "nested:str:FARM-abcdef",
                        "2-nonce": "u64:1",
                        "3-amount": "biguint:1,000,000,000,000,000,000,000"
                    },
                    {
                        "1-token_id": "nested:str:MOA-abcdef",
                        "2-nonce": "u64:0",
                        "3-amount": "biguint:0"
                    }
                ],
                "status": "0",
                "message": "",
                "gas": "*",
                "refund": "*"
            }
        },
        {
            "step": "scCall",
            "txId": "bob-enters",
            "tx": {
                "from": "address:bob",
                "to": "sc:farm_contract",
                "dcdtValue": [
                    {
                        "tokenIdentifier": "str:LPTOK-abcdef",
                        "value": "2,000,000,000,000,000,000,000"
                    }
                ],
                "function": "enterFarm",
                "arguments": [],
                "gasLimit": "100,000,000",
                "gasPrice": "0"
            },
            "expect": {
                "out": [
                    {
                        "1-token_id": "nested:str:FARM-abcdef",
                        "2-nonce": "u64:2",
                        "3-amount": "biguint:2,000,000,000,000,000,000,000"
                    },
                    {
                        "1-token_id": "nested:str:MOA-abcdef",
                        "2-nonce": "u64:0",
                        "3-amount": "biguint:0"
                    }
                ],
                "status": "0",
                "message": "",
                "gas": "*",
                "refund": "*"
            }
        },
        {
            "step": "setState",
            "currentBlockInfo": {
                "blockNonce": "6"
            }
        },
        {
            "step": "scCall",
            "txId": "eve-enters",
            "tx": {
                "from": "address:eve",
                "to": "sc:farm_contract",
                "dcdtValue": [
                    {
                        "tokenIdentifier": "str:LPTOK-abcdef",
                        "value": "500,000,000,000,000,000,000"
                    }
                ],
                "function": "enterFarm",
                "arguments": [],
                "gasLimit": "100,000,000",
                "gasPrice": "0"
            },
            "expect": {
                "out": [
                    {
                        "1-token_id": "nested:str:FARM-abcdef",
                        "2-nonce": "u64:3",
                        "3-amount": "biguint:500,000,000,000,000,000,000"
                    },
                    {
                        "1-token_id": "nested:str:MOA-abcdef",
                        "2-nonce": "u64:0",
                        "3-amount": "biguint:0"
                    }
                ],
                "status": "0",
                "message": "",
                "gas": "*",
                "refund": "*"
            }
        },
        {
            "step": "setState",
            "currentBlockInfo": {
                "blockNonce": "8"
            }
        },
        {
            "step": "scCall",
            "txId": "change-reward-rate",
            "tx": {
                "from": "address:alice",
                "to": "sc:farm_contract",
                "function": "setPerBlockRewardAmount",
                "arguments": [
                    "500,000,000,000,000,000,000"
                ],
                "gasLimit": "100,000,000",
                "gasPrice": "0"
            },
            "expect": {
                "out": [],
                "status": "0",
                "message": "",
                "gas": "*",
                "refund": "*"
            }
        },
        {
            "step": "setState",
            "currentBlockInfo": {
                "blockNonce": "10"
            }
        },
        {
            "step": "scCall",
            "txId": "bob-exits",
            "tx": {
                "from": "address:bob",
                "to": "sc:farm_contract",
                "dcdtValue": [
                    {
                        "tokenIdentifier": "str:FARM-abcdef",
                        "nonce": "2",
                        "value": "2,000,000,000,000,000,000,000"
                    }
                ],
                "function": "exitFarm",
                "arguments": [],
                "gasLimit": "100,000,000",
                "gasPrice": "0"
            },
            "expect": {
                "out": [
                    {
                        "1-token_id": "nested:str:LPTOK-abcdef",
                        "2-nonce": "u64:0",
                        "3-amount": "biguint:2,000,000,000,000,000,000,000"
                    },
                    {
                        "1-token_id": "nested:str:MOA-abcdef",
                        "2-nonce": "u64:0",
                        "3-amount": "biguint:3,714,285,714,284,000,000,000"
                    }
                ],
                "status": "0",
                "message": "",
                "gas": "*",
                "refund": "*"
            }
        },
        {
            "step": "setState",
            "currentBlockInfo": {
                "blockNonce": "13"
            }
        },
        {
            "step": "scCall",
            "txId": "alice-exits",
            "tx": {
                "from": "address:alice",
                "to": "sc:farm_contract",
                "dcdtValue": [
                    {
                        "tokenIdentifier": "str:FARM-abcdef",
                        "nonce": "1",
                        "value": "1,000,000,000,000,000,000,000"
                    }
                ],
                "function": "exitFarm",
                "arguments": [],
                "gasLimit": "100,000,000",
                "gasPrice": "0"
            },
            "expect": {
                "out": [
                    {
                        "1-token_id": "nested:str:LPTOK-abcdef",
                        "2-nonce": "u64:0",
                        "3-amount": "biguint:1,000,000,000,000,000,000,000"
                    },
                    {
                        "1-token_id": "nested:str:MOA-abcdef",
                        "2-nonce": "u64:0",
                        "3-amount": "biguint:2,857,142,857,142,000,000,000"
                    }
                ],
                "status": "0",
                "message": "",
                "gas": "*",
                "refund": "*"
            }
        },
        {
            "step": "setState",
            "currentBlockInfo": {
                "blockNonce": "16"
            }
        },
        {
            "step": "scCall",
            "txId": "eve-exits",
            "tx": {
                "from": "address:eve",
                "to": "sc:farm_contract",
                "dcdtValue": [
                    {
                        "tokenIdentifier": "str:FARM-abcdef",
                        "nonce": "3",
                        "value": "500,000,000,000,000,000,000"
                    }
                ],
                "function": "exitFarm",
                "arguments": [],
                "gasLimit": "100,000,000",
                "gasPrice": "0"
            },
            "expect": {
                "out": [
                    {
                        "1-token_id": "nested:str:LPTOK-abcdef",
                        "2-nonce": "u64:0",
                        "3-amount": "biguint:500,000,000,000,000,000,000"
                    },
                    {
                        "1-token_id": "nested:str:MOA-abcdef",
                        "2-nonce": "u64:0",
                        "3-amount": "biguint:2,428,571,428,571,000,000,000"
                    }
                ],
                "status": "0",
                "message": "",
                "gas": "*",
                "refund": "*"
            }
        },
        {
            "step": "checkState",
            "accounts": {
                "address:alice": {
                    "nonce": "*",
                    "balance": "1,000,000,000,000",
                    "dcdt": {
                        "str:LPTOK-abcdef": "1,000,000,000,000,000,000,000",
                        "str:MOA-abcdef": "2,857,142,857,142,000,000,000"
                    }
                },
                "address:bob": {
                    "nonce": "*",
                    "balance": "1,000,000,000,000",
                    "dcdt": {
                        "str:LPTOK-abcdef": "2,000,000,000,000,000,000,000",
                        "str:MOA-abcdef": "3,714,285,714,284,000,000,000"
                    }
                },
                "address:eve": {
                    "nonce": "*",
                    "balance": "1,000,000,000,000",
                    "dcdt": {
                        "str:LPTOK-abcdef": "500,000,000,000,000,000,000",
                        "str:MOA-abcdef": "2,428,571,428,571,000,000,000"
                    }
                },
                "+": ""
            }
        }
    ]
}
