{
    "name": "remove liquidity twice",
    "steps": [
        {
            "step": "externalSteps",
            "path": "add_liquidity.scen.json"
        },
        {
            "step": "checkState",
            "accounts": {
                "sc:pair_contract": {
                    "nonce": "*",
                    "balance": "0",
                    "dcdt": {
                        "str:WREWA-abcdef": {
                            "instances": [
                                {
                                    "nonce": "",
                                    "balance": "2,000,000,000"
                                }
                            ],
                            "roles": [
                                "DCDTRoleLocalBurn"
                            ]
                        },
                        "str:ALC-abcdef": "2,000,000,000",
                        "str:LPTOK-abcdef": {
                            "instances": [
                                {
                                    "nonce": "",
                                    "balance": "1,000"
                                }
                            ],
                            "roles": [
                                "DCDTRoleLocalBurn",
                                "DCDTRoleLocalMint"
                            ]
                        }
                    },
                    "storage": {
                        "+": ""
                    },
                    "code": "file:../pair/output/pair.wasm"
                },
                "+": ""
            }
        },
        {
            "step": "scCall",
            "txId": "remove-liquidity",
            "tx": {
                "from": "address:user_with_lp",
                "to": "sc:pair_contract",
                "dcdtValue": [
                    {
                        "tokenIdentifier": "str:LPTOK-abcdef",
                        "value": "1,000,000"
                    }
                ],
                "function": "removeLiquidityAndBuyBackAndBurnToken",
                "arguments": [
                    "str:WREWA-abcdef"
                ],
                "gasLimit": "100,000,000",
                "gasPrice": "0"
            },
            "expect": {
                "out": [],
                "status": "0",
                "message": "*",
                "gas": "*",
                "refund": "*"
            }
        },
        {
            "step": "checkState",
            "accounts": {
                "sc:pair_contract": {
                    "nonce": "*",
                    "balance": "0",
                    "dcdt": {
                        "str:WREWA-abcdef": {
                            "instances": [
                                {
                                    "nonce": "",
                                    "balance": "1,998,000,500"
                                }
                            ],
                            "roles": [
                                "DCDTRoleLocalBurn"
                            ]
                        },
                        "str:ALC-abcdef": "2,000,000,000",
                        "str:LPTOK-abcdef": {
                            "instances": [
                                {
                                    "nonce": "",
                                    "balance": "1,000"
                                }
                            ],
                            "roles": [
                                "DCDTRoleLocalBurn",
                                "DCDTRoleLocalMint"
                            ]
                        }
                    },
                    "storage": {
                        "+": ""
                    },
                    "code": "file:../pair/output/pair.wasm"
                },
                "+": ""
            }
        }
    ]
}
