{
    "name": "test getters",
    "gasSchedule": "v2",
    "steps": [
        {
            "step": "externalSteps",
            "path": "steps/init_accounts.steps.json"
        },
        {
            "step": "externalSteps",
            "path": "steps/deploy.steps.json"
        },
        {
            "step": "externalSteps",
            "path": "steps/add_nodes.steps.json"
        }, 
        {
            "step": "externalSteps",
            "path": "steps/stake_1.steps.json"
        }, 
        {
            "step": "externalSteps",
            "path": "steps/increase_cap.steps.json"
        },
        {
            "step": "externalSteps",
            "path": "steps/add_funds_to_all_buckets.steps.json"
        },
        {
            "step": "transfer",
            "txId": "supply delegator 1",
            "tx": {
                "from": "address:endless_sack_of_drt",
                "to": "address:delegator1",
                "value": "5,000,000,000"
            }
        },
        {
            "step": "scCall",
            "txId": "delegator 1 stake",
            "tx": {
                "from": "address:delegator1",
                "to": "sc:delegation",
                "value": "5,000,000,000",
                "function": "stake",
                "arguments": [],
                "gasLimit": "100,000,000",
                "gasPrice": "0"
            },
            "expect": {
                "out": [],
                "status": "",
                "logs": "*",
                "gas": "*",
                "refund": "*"
            }
        },
        {
            "step": "scCall",
            "txId": "get-total-stake",
            "tx": {
                "from": "address:delegator1",
                "to": "sc:delegation",
                "value": "0",
                "function": "totalStake",
                "arguments": [],
                "gasLimit": "100,000,000",
                "gasPrice": "0"
            },
            "expect": {
                "out": ["300,009,000,000,000"],
                "status": "",
                "logs": [],
                "gas": "*",
                "refund": "*"
            }
        },
        {
            "step": "scCall",
            "txId": "get-total-withdraw-only",
            "tx": {
                "from": "address:delegator2",
                "to": "sc:delegation",
                "value": "0",
                "function": "getTotalWithdrawOnlyStake",
                "arguments": [],
                "gasLimit": "100,000,000",
                "gasPrice": "0"
            },
            "expect": {
                "out": ["1,000,000,000"],
                "status": "",
                "logs": [],
                "gas": "*",
                "refund": "*"
            }
        },
        {
            "step": "scCall",
            "txId": "get-total-waiting-stake",
            "tx": {
                "from": "address:delegator2",
                "to": "sc:delegation",
                "value": "0",
                "function": "getTotalWaitingStake",
                "arguments": [],
                "gasLimit": "100,000,000",
                "gasPrice": "0"
            },
            "expect": {
                "out": ["3,000,000,000"],
                "status": "",
                "logs": [],
                "gas": "*",
                "refund": "*"
            }
        },
        {
            "step": "scCall",
            "txId": "get-total-active-stake",
            "tx": {
                "from": "address:delegator2",
                "to": "sc:delegation",
                "value": "0",
                "function": "getTotalActiveStake",
                "arguments": [],
                "gasLimit": "100,000,000",
                "gasPrice": "0"
            },
            "expect": {
                "out": ["300,000,000,000,000"],
                "status": "",
                "logs": [],
                "gas": "*",
                "refund": "*"
            }
        },
        {
            "step": "scCall",
            "txId": "get-total-unstaked-stake",
            "tx": {
                "from": "address:delegator2",
                "to": "sc:delegation",
                "value": "0",
                "function": "getTotalUnstakedStake",
                "arguments": [],
                "gasLimit": "100,000,000",
                "gasPrice": "0"
            },
            "expect": {
                "out": ["0"],
                "status": "",
                "logs": [],
                "gas": "*",
                "refund": "*"
            }
        },
        {
            "step": "scCall",
            "txId": "get-total-deferred-stake",
            "tx": {
                "from": "address:delegator2",
                "to": "sc:delegation",
                "value": "0",
                "function": "getTotalDeferredPaymentStake",
                "arguments": [],
                "gasLimit": "100,000,000",
                "gasPrice": "0"
            },
            "expect": {
                "out": ["5,000,000,000"],
                "status": "",
                "logs": [],
                "gas": "*",
                "refund": "*"
            }
        },

        {
            "step": "setState",
            "comment": "block nonce for unbond, just in time",
            "currentBlockInfo": {
                "blockNonce": "61"
            }
        },
        {
            "step": "scCall",
            "txId": "get-user-unbondable",
            "tx": {
                "from": "address:delegator2",
                "to": "sc:delegation",
                "value": "0",
                "function": "getUnBondable",
                "arguments": ["address:delegator2"],
                "gasLimit": "100,000,000",
                "gasPrice": "0"
            },
            "expect": {
                "out": ["6,000,000,000"],
                "status": "",
                "logs": [],
                "gas": "*",
                "refund": "*"
            }
        },
        {
            "step": "scCall",
            "txId": "get-user-unstakeable",
            "tx": {
                "from": "address:delegator2",
                "to": "sc:delegation",
                "value": "0",
                "function": "getUnStakeable",
                "arguments": ["address:delegator2"],
                "gasLimit": "100,000,000",
                "gasPrice": "0"
            },
            "expect": {
                "out": ["199,997,000,000,000"],
                "status": "",
                "logs": [],
                "gas": "*",
                "refund": "*"
            }
        }
    ]
}
