{
    "name": "claim rewards scenario",
    "gasSchedule": "v3",
    "steps": [
        {
            "step": "externalSteps",
            "path": "steps/init_accounts.steps.json"
        },
        {
            "step": "externalSteps",
            "path": "steps/deploy.steps.json"
        },
        {
            "step": "externalSteps",
            "path": "steps/add_nodes.steps.json"
        },
        {
            "step": "externalSteps",
            "path": "steps/stake_1.steps.json"
        },
        {
            "step": "scCall",
            "id": "getFullWaitingList",
            "tx": {
                "from": "address:someone",
                "to": "sc:delegation",
                "function": "getFullWaitingList",
                "arguments": [],
                "gasLimit": "100,000,000",
                "gasPrice": "0"
            },
            "expect": {
                "out": [
                    "address:delegator1",
                    "100,000,000,000,000",
                    "0",
                    "address:delegator2",
                    "200,000,000,000,000",
                    "0"
                ],
                "status": "",
                "logs": "*",
                "gas": "*",
                "refund": "*"
            }
        },
        {
            "step": "externalSteps",
            "path": "steps/increase_cap.steps.json"
        },
        {
            "step": "validatorReward",
            "id": "validatorReward-1",
            "tx": {
                "to": "sc:delegation",
                "rewaValue": "100,000,000"
            }
        },
        {
            "step": "scCall",
            "id": "get-total-cumulated-1",
            "tx": {
                "from": "address:someone",
                "to": "sc:delegation",
                "function": "getTotalCumulatedRewards",
                "arguments": [],
                "gasLimit": "100,000,000",
                "gasPrice": "0"
            },
            "expect": {
                "out": [
                    "100,000,000"
                ],
                "status": "",
                "logs": "*",
                "gas": "*",
                "refund": "*"
            }
        },
        {
            "step": "scCall",
            "id": "claimable-0",
            "tx": {
                "from": "address:someone",
                "to": "sc:delegation",
                "function": "getClaimableRewards",
                "arguments": [
                    "address:node_address"
                ],
                "gasLimit": "100,000,000",
                "gasPrice": "0"
            },
            "expect": {
                "out": [
                    "50,000,000"
                ],
                "status": "",
                "logs": "*",
                "gas": "*",
                "refund": "*"
            }
        },
        {
            "step": "scCall",
            "id": "claimable-1",
            "tx": {
                "from": "address:someone",
                "to": "sc:delegation",
                "function": "getClaimableRewards",
                "arguments": [
                    "address:delegator1"
                ],
                "gasLimit": "100,000,000",
                "gasPrice": "0"
            },
            "expect": {
                "out": [
                    "16,666,833"
                ],
                "status": "",
                "logs": "*",
                "gas": "*",
                "refund": "*"
            }
        },
        {
            "step": "scCall",
            "id": "claimable-2",
            "tx": {
                "from": "address:someone",
                "to": "sc:delegation",
                "function": "getClaimableRewards",
                "arguments": [
                    "address:delegator2"
                ],
                "gasLimit": "100,000,000",
                "gasPrice": "0"
            },
            "expect": {
                "out": [
                    "33,333,166"
                ],
                "status": "",
                "logs": "*",
                "gas": "*",
                "refund": "*"
            }
        },
        {
            "step": "scCall",
            "id": "delegator 1 claim 1",
            "tx": {
                "from": "address:delegator1",
                "to": "sc:delegation",
                "function": "claimRewards",
                "arguments": [],
                "gasLimit": "100,000,000",
                "gasPrice": "0"
            },
            "expect": {
                "out": [],
                "status": "",
                "logs": "*",
                "gas": "*",
                "refund": "*"
            }
        },
        {
            "step": "checkState",
            "comment": "check that rewards were received",
            "accounts": {
                "sc:delegation": {
                    "comment": "inactive stake + unclaimed rewards",
                    "nonce": "*",
                    "balance": "300,001,083,333,167",
                    "storage": "*",
                    "code": "file:../output/delegation_latest_full.wasm"
                },
                "address:delegator1": {
                    "nonce": "*",
                    "balance": "16,666,833",
                    "storage": {},
                    "code": ""
                },
                "address:delegator2": {
                    "nonce": "*",
                    "balance": "0",
                    "storage": {},
                    "code": ""
                },
                "+": ""
            }
        }
    ]
}
