{
    "buildInfo": {
        "rustc": {
            "version": "1.84.1",
            "commitHash": "e71f9a9a98b0faf423844bf0ba7438f29dc27d58",
            "commitDate": "2025-01-27",
            "channel": "Stable",
            "short": "rustc 1.84.1 (e71f9a9a9 2025-01-27)"
        },
        "contractCrate": {
            "name": "factorial",
            "version": "0.0.0"
        },
        "framework": {
            "name": "dharitri-sc",
            "version": "1.0.1"
        }
    },
    "name": "Factorial",
    "constructor": {
        "inputs": [],
        "outputs": []
    },
    "upgradeConstructor": {
        "inputs": [],
        "outputs": []
    },
    "endpoints": [
        {
            "name": "factorial",
            "mutability": "mutable",
            "inputs": [
                {
                    "name": "value",
                    "type": "BigUint"
                }
            ],
            "outputs": [
                {
                    "type": "BigUint"
                }
            ]
        }
    ],
    "dcdtAttributes": [],
    "hasCallback": false,
    "types": {}
}
