{
    "buildInfo": {
        "rustc": {
            "version": "1.87.0-nightly",
            "commitHash": "b74da9613a8cb5ba67a985f71325be0b7b16c0dd",
            "commitDate": "2025-03-06",
            "channel": "Nightly",
            "short": "rustc 1.87.0-nightly (b74da9613 2025-03-06)"
        },
        "contractCrate": {
            "name": "factorial",
            "version": "0.0.0"
        },
        "framework": {
            "name": "dharitri-sc",
            "version": "1.0.1"
        }
    },
    "name": "Factorial",
    "constructor": {
        "inputs": [],
        "outputs": []
    },
    "upgradeConstructor": {
        "inputs": [],
        "outputs": []
    },
    "endpoints": [
        {
            "name": "factorial",
            "mutability": "mutable",
            "inputs": [
                {
                    "name": "value",
                    "type": "BigUint"
                }
            ],
            "outputs": [
                {
                    "type": "BigUint"
                }
            ]
        }
    ],
    "dcdtAttributes": [],
    "hasCallback": false,
    "types": {}
}
