{
    "name": "register, ok",
    "steps": [
        {
            "step": "scCall",
            "txId": "bogus-name",
            "tx": {
                "from": "address:viewer",
                "to": "sc:dns#bb",
                "value": "0",
                "function": "resolve",
                "arguments": [
                    "str:bogusname000.numbat"
                ],
                "gasLimit": "50,000,000",
                "gasPrice": "0"
            },
            "expect": {
                "out": [],
                "status": "",
                "logs": "*",
                "gas": "*",
                "refund": "*"
            }
        }
    ]
}
