{
    "buildInfo": {
        "rustc": {
            "version": "1.76.0-nightly",
            "commitHash": "d86d65bbc19b928387f68427fcc3a0da498d8a19",
            "commitDate": "2023-12-10",
            "channel": "Nightly",
            "short": "rustc 1.76.0-nightly (d86d65bbc 2023-12-10)"
        },
        "contractCrate": {
            "name": "dharitri-sc-wrewa-swap",
            "version": "0.46.1"
        },
        "framework": {
            "name": "dharitri-sc",
            "version": "0.46.1"
        }
    },
    "name": "RewaDcdtSwap",
    "constructor": {
        "inputs": [
            {
                "name": "wrapped_rewa_token_id",
                "type": "TokenIdentifier"
            }
        ],
        "outputs": []
    },
    "endpoints": [
        {
            "name": "wrapRewa",
            "mutability": "mutable",
            "payableInTokens": [
                "REWA"
            ],
            "inputs": [],
            "outputs": [
                {
                    "type": "DcdtTokenPayment"
                }
            ]
        },
        {
            "name": "unwrapRewa",
            "mutability": "mutable",
            "payableInTokens": [
                "*"
            ],
            "inputs": [],
            "outputs": []
        },
        {
            "name": "getLockedRewaBalance",
            "mutability": "readonly",
            "inputs": [],
            "outputs": [
                {
                    "type": "BigUint"
                }
            ]
        },
        {
            "name": "getWrappedRewaTokenId",
            "mutability": "readonly",
            "inputs": [],
            "outputs": [
                {
                    "type": "TokenIdentifier"
                }
            ]
        },
        {
            "name": "pause",
            "onlyOwner": true,
            "mutability": "mutable",
            "inputs": [],
            "outputs": []
        },
        {
            "name": "unpause",
            "onlyOwner": true,
            "mutability": "mutable",
            "inputs": [],
            "outputs": []
        },
        {
            "name": "isPaused",
            "mutability": "readonly",
            "inputs": [],
            "outputs": [
                {
                    "type": "bool"
                }
            ]
        }
    ],
    "dcdtAttributes": [],
    "hasCallback": false,
    "types": {
        "DcdtTokenPayment": {
            "type": "struct",
            "fields": [
                {
                    "name": "token_identifier",
                    "type": "TokenIdentifier"
                },
                {
                    "name": "token_nonce",
                    "type": "u64"
                },
                {
                    "name": "amount",
                    "type": "BigUint"
                }
            ]
        }
    }
}
