{"rustc_fingerprint":6582654684319229895,"outputs":{"11652014622397750202":{"success":true,"status":"","code":0,"stdout":"___.wasm\nlib___.rlib\n___.wasm\nlib___.a\n/home/dugong/.rustup/toolchains/nightly-x86_64-unknown-linux-gnu\noff\n___\ndebug_assertions\nfmt_debug=\"full\"\noverflow_checks\npanic=\"abort\"\nproc_macro\nrelocation_model=\"static\"\ntarget_abi=\"\"\ntarget_arch=\"wasm32\"\ntarget_endian=\"little\"\ntarget_env=\"\"\ntarget_family=\"wasm\"\ntarget_feature=\"bulk-memory\"\ntarget_feature=\"multivalue\"\ntarget_feature=\"mutable-globals\"\ntarget_feature=\"nontrapping-fptoint\"\ntarget_feature=\"reference-types\"\ntarget_feature=\"sign-ext\"\ntarget_has_atomic\ntarget_has_atomic=\"16\"\ntarget_has_atomic=\"32\"\ntarget_has_atomic=\"64\"\ntarget_has_atomic=\"8\"\ntarget_has_atomic=\"ptr\"\ntarget_has_atomic_equal_alignment=\"16\"\ntarget_has_atomic_equal_alignment=\"32\"\ntarget_has_atomic_equal_alignment=\"64\"\ntarget_has_atomic_equal_alignment=\"8\"\ntarget_has_atomic_equal_alignment=\"ptr\"\ntarget_has_atomic_load_store\ntarget_has_atomic_load_store=\"16\"\ntarget_has_atomic_load_store=\"32\"\ntarget_has_atomic_load_store=\"64\"\ntarget_has_atomic_load_store=\"8\"\ntarget_has_atomic_load_store=\"ptr\"\ntarget_os=\"unknown\"\ntarget_pointer_width=\"32\"\ntarget_thread_local\ntarget_vendor=\"unknown\"\nub_checks\n","stderr":"warning: dropping unsupported crate type `dylib` for target `wasm32-unknown-unknown`\n\nwarning: dropping unsupported crate type `proc-macro` for target `wasm32-unknown-unknown`\n\nwarning: 2 warnings emitted\n\n"},"17747080675513052775":{"success":true,"status":"","code":0,"stdout":"rustc 1.87.0-nightly (b74da9613 2025-03-06)\nbinary: rustc\ncommit-hash: b74da9613a8cb5ba67a985f71325be0b7b16c0dd\ncommit-date: 2025-03-06\nhost: x86_64-unknown-linux-gnu\nrelease: 1.87.0-nightly\nLLVM version: 20.1.0\n","stderr":""},"7971740275564407648":{"success":true,"status":"","code":0,"stdout":"___\nlib___.rlib\nlib___.so\nlib___.so\nlib___.a\nlib___.so\n/home/dugong/.rustup/toolchains/nightly-x86_64-unknown-linux-gnu\noff\npacked\nunpacked\n___\ndebug_assertions\nfmt_debug=\"full\"\noverflow_checks\npanic=\"unwind\"\nproc_macro\nrelocation_model=\"pic\"\ntarget_abi=\"\"\ntarget_arch=\"x86_64\"\ntarget_endian=\"little\"\ntarget_env=\"gnu\"\ntarget_family=\"unix\"\ntarget_feature=\"fxsr\"\ntarget_feature=\"sse\"\ntarget_feature=\"sse2\"\ntarget_feature=\"x87\"\ntarget_has_atomic\ntarget_has_atomic=\"16\"\ntarget_has_atomic=\"32\"\ntarget_has_atomic=\"64\"\ntarget_has_atomic=\"8\"\ntarget_has_atomic=\"ptr\"\ntarget_has_atomic_equal_alignment=\"16\"\ntarget_has_atomic_equal_alignment=\"32\"\ntarget_has_atomic_equal_alignment=\"64\"\ntarget_has_atomic_equal_alignment=\"8\"\ntarget_has_atomic_equal_alignment=\"ptr\"\ntarget_has_atomic_load_store\ntarget_has_atomic_load_store=\"16\"\ntarget_has_atomic_load_store=\"32\"\ntarget_has_atomic_load_store=\"64\"\ntarget_has_atomic_load_store=\"8\"\ntarget_has_atomic_load_store=\"ptr\"\ntarget_os=\"linux\"\ntarget_pointer_width=\"64\"\ntarget_thread_local\ntarget_vendor=\"unknown\"\nub_checks\nunix\n","stderr":""}},"successes":{}}