{
    "name": "Crowdfunding",
    "endpoints": [
        {
            "name": "init",
            "inputs": [
                {
                    "name": "target",
                    "type": "BigUint"
                },
                {
                    "name": "deadline",
                    "type": "u64"
                },
                {
                    "name": "erc20_contract_address",
                    "type": "Address"
                }
            ],
            "outputs": []
        },
        {
            "name": "fund",
            "inputs": [
                {
                    "name": "token_amount",
                    "type": "BigUint"
                }
            ],
            "outputs": []
        },
        {
            "name": "status",
            "inputs": [],
            "outputs": [
                {
                    "type": "Status"
                }
            ]
        },
        {
            "name": "claim",
            "inputs": [],
            "outputs": []
        },
        {
            "name": "get_owner",
            "inputs": [],
            "outputs": [
                {
                    "type": "Address"
                }
            ]
        },
        {
            "name": "get_target",
            "inputs": [],
            "outputs": [
                {
                    "type": "BigUint"
                }
            ]
        },
        {
            "name": "get_deadline",
            "inputs": [],
            "outputs": [
                {
                    "type": "u64"
                }
            ]
        },
        {
            "name": "get_deposit",
            "inputs": [
                {
                    "name": "donor",
                    "type": "Address"
                }
            ],
            "outputs": [
                {
                    "type": "BigUint"
                }
            ]
        },
        {
            "name": "get_erc20_contract_address",
            "inputs": [],
            "outputs": [
                {
                    "type": "Address"
                }
            ]
        },
        {
            "name": "get_mut_total_balance",
            "inputs": [],
            "outputs": [
                {
                    "type": "BigUint"
                }
            ]
        }
    ],
    "types": {
        "Status": {
            "type": "enum",
            "variants": [
                {
                    "name": "FundingPeriod"
                },
                {
                    "name": "Successful"
                },
                {
                    "name": "Failed"
                }
            ]
        }
    }
}
