{
    "name": "multisig",
    "steps": [
        {
            "step": "externalSteps",
            "path": "steps/init_accounts.steps.json"
        },
        {
            "step": "externalSteps",
            "path": "steps/deploy.steps.json"
        },
        {
            "step": "externalSteps",
            "path": "steps/add_prop.steps.json"
        },
        {
            "step": "externalSteps",
            "path": "steps/add_bm.steps.json"
        },
        {
            "step": "scCall",
            "txId": "proposeSCDeploy",
            "tx": {
                "from": "address:paul",
                "to": "address:multisig",
                "value": "0",
                "function": "proposeSCDeploy",
                "arguments": [
                    "0",
                    "file:../test-contracts/adder.wasm",
                    "false",
                    "false",
                    "false",
                    "1234"
                ],
                "gasLimit": "1,000,000",
                "gasPrice": "0"
            },
            "expect": {
                "out": ["3"],
                "status": "",
                "logs": [],
                "gas": "*",
                "refund": "*"
            }
        },
        {
            "step": "checkState",
            "accounts": {
                "address:multisig": {
                    "nonce": "0",
                    "balance": "0",
                    "storage": {
                        "``num_users": "5",
                        "``user_id|address:alice": "1",
                        "``user_id|address:bob": "2",
                        "``user_id|address:charlie": "3",
                        "``user_id|address:paul": "4",
                        "``user_id|address:dan": "5",
                        "``user_address|u32:1": "address:alice",
                        "``user_address|u32:2": "address:bob",
                        "``user_address|u32:3": "address:charlie",
                        "``user_address|u32:4": "address:paul",
                        "``user_address|u32:5": "address:dan",
                        "``user_role|u32:1": "2",
                        "``user_role|u32:2": "2",
                        "``user_role|u32:3": "2",
                        "``user_role|u32:4": "1",
                        "``user_role|u32:5": "2",
                        "``num_board_members": "4",
                        "``num_proposers": "1",
                        "``quorum": "2",
                        "``action_last_index": "3",
                        "``pending_action_count": "1",
                        "``action_data|u32:3": {
                            "discriminant": "0x06",
                            "amount": "u32:0",
                            "code": "u32:3455|file:../test-contracts/adder.wasm",
                            "code_metadata": "0x0000",
                            "arguments": [
                                "u32:1",
                                "u32:2|1234"
                            ]
                        }
                    },
                    "code": "file:../output/multisig.wasm"
                },
                "+": ""
            }
        },
        {
            "step": "scCall",
            "txId": "sc-deploy-sign-alice",
            "tx": {
                "from": "address:alice",
                "to": "address:multisig",
                "value": "0",
                "function": "sign",
                "arguments": ["3"],
                "gasLimit": "100,000",
                "gasPrice": "0"
            },
            "expect": {
                "out": [],
                "status": "",
                "logs": [],
                "gas": "*",
                "refund": "*"
            }
        },
        {
            "step": "scCall",
            "txId": "sc-deploy-sign-bob",
            "tx": {
                "from": "address:bob",
                "to": "address:multisig",
                "value": "0",
                "function": "sign",
                "arguments": ["3"],
                "gasLimit": "100,000",
                "gasPrice": "0"
            },
            "expect": {
                "out": [],
                "status": "",
                "logs": [],
                "gas": "*",
                "refund": "*"
            }
        },
        {
            "step": "setState",
            "newAddresses": [
                {
                    "creatorAddress": "address:multisig",
                    "creatorNonce": "0",
                    "newAddress": "address:adder"
                }
            ]
        },
        {
            "step": "scCall",
            "txId": "sc-deploy-perform",
            "tx": {
                "from": "address:paul",
                "to": "address:multisig",
                "value": "0",
                "function": "performAction",
                "arguments": ["3"],
                "gasLimit": "1,000,000",
                "gasPrice": "0"
            },
            "expect": {
                "out": [
                    "address:adder"
                ],
                "status": "",
                "logs": [],
                "gas": "*",
                "refund": "*"
            }
        },
        {
            "step": "checkState",
            "accounts": {
                "address:adder": {
                    "nonce": "0",
                    "balance": "0",
                    "storage": {
                        "``sum": "1234"
                    },
                    "code": "file:../test-contracts/adder.wasm"
                },
                "+": ""
            }
        },
        {
            "step": "scCall",
            "txId": "proposeSCCall",
            "tx": {
                "from": "address:paul",
                "to": "address:multisig",
                "value": "0",
                "function": "proposeSCCall",
                "arguments": [
                    "address:adder",
                    "0",
                    "str:add",
                    "1234"
                ],
                "gasLimit": "1,000,000",
                "gasPrice": "0"
            },
            "expect": {
                "out": ["4"],
                "status": "",
                "logs": [],
                "gas": "*",
                "refund": "*"
            }
        },
        {
            "step": "scCall",
            "txId": "sc-deploy-sign-alice",
            "tx": {
                "from": "address:alice",
                "to": "address:multisig",
                "value": "0",
                "function": "sign",
                "arguments": ["4"],
                "gasLimit": "100,000",
                "gasPrice": "0"
            },
            "expect": {
                "out": [],
                "status": "",
                "logs": [],
                "gas": "*",
                "refund": "*"
            }
        },
        {
            "step": "scCall",
            "txId": "sc-deploy-sign-bob",
            "tx": {
                "from": "address:bob",
                "to": "address:multisig",
                "value": "0",
                "function": "sign",
                "arguments": ["4"],
                "gasLimit": "100,000",
                "gasPrice": "0"
            },
            "expect": {
                "out": [],
                "status": "",
                "logs": [],
                "gas": "*",
                "refund": "*"
            }
        },
        {
            "step": "scCall",
            "txId": "sc-deploy-perform",
            "tx": {
                "from": "address:paul",
                "to": "address:multisig",
                "value": "0",
                "function": "performAction",
                "arguments": ["4"],
                "gasLimit": "1,000,000",
                "gasPrice": "0"
            },
            "expect": {
                "out": [],
                "status": "",
                "logs": [],
                "gas": "*",
                "refund": "*"
            }
        },
        {
            "step": "scCall",
            "comment": "check that account data got cleaned up",
            "txId": "check-cleanup-1",
            "tx": {
                "from": "address:paul",
                "to": "address:multisig",
                "value": "0",
                "function": "getActionData",
                "arguments": ["4"],
                "gasLimit": "1,000,000",
                "gasPrice": "0"
            },
            "expect": {
                "out": [ "" ],
                "status": "",
                "logs": [],
                "gas": "*",
                "refund": "*"
            }
        },
        {
            "step": "scCall",
            "comment": "check that account data got cleaned up",
            "txId": "check-cleanup-2",
            "tx": {
                "from": "address:paul",
                "to": "address:multisig",
                "value": "0",
                "function": "getActionSigners",
                "arguments": ["4"],
                "gasLimit": "1,000,000",
                "gasPrice": "0"
            },
            "expect": {
                "out": [ "" ],
                "status": "",
                "logs": [],
                "gas": "*",
                "refund": "*"
            }
        },
        {
            "step": "checkState",
            "accounts": {
                "address:adder": {
                    "nonce": "0",
                    "balance": "0",
                    "storage": {
                        "``sum": "2468"
                    },
                    "code": "file:../test-contracts/adder.wasm"
                },
                "+": ""
            }
        }
    ]
}
