{"rustc":2583705999082248762,"features":"[\"numbat-wasm-module-features-wasm\", \"numbat-wasm-module-pause-wasm\", \"numbat-wasm-node\", \"wasm-output-mode\"]","declared_features":"[\"default\", \"numbat-wasm-module-features-default\", \"numbat-wasm-module-features-wasm\", \"numbat-wasm-module-pause-default\", \"numbat-wasm-module-pause-wasm\", \"numbat-wasm-node\", \"wasm-output-mode\"]","target":1064528564592942028,"profile":8829588955844408089,"path":7496720985305913906,"deps":[[407419816565292635,"numbat_wasm_node",false,17040795723677731043],[5045903004412922633,"numbat_wasm_module_pause_wasm",false,9778528908374576237],[9750814729276571490,"numbat_wasm",false,10854494396167140131],[12656317113102271363,"numbat_wasm_module_features_wasm",false,14876471050927767798],[15660456971980188041,"numbat_wasm_derive",false,16364324729503350041]],"local":[{"CheckDepInfo":{"dep_info":"wasm32-unknown-unknown/release/.fingerprint/use-module-4a1434776e4c8f9d/dep-lib-use_module","checksum":false}}],"rustflags":[],"config":2069994364910194474,"compile_kind":14682669768258224367}