{"rustc":2583705999082248762,"features":"[]","declared_features":"[\"align\", \"const-extern-fn\", \"default\", \"extra_traits\", \"rustc-dep-of-std\", \"rustc-std-workspace-core\", \"std\", \"use_std\"]","target":17682796336736096309,"profile":15657897354478470176,"path":16619988246215656509,"deps":[[13735576255540782179,"build_script_build",false,4650822446548556625]],"local":[{"CheckDepInfo":{"dep_info":"debug/.fingerprint/libc-8e8c105ecc8b86f7/dep-lib-libc","checksum":false}}],"rustflags":[],"config":2069994364910194474,"compile_kind":0}