{"rustc":2583705999082248762,"features":"[\"numbat-wasm-node\", \"wasm-output-mode\"]","declared_features":"[\"numbat-wasm-node\", \"wasm-output-mode\"]","target":5610280156402538634,"profile":8829588955844408089,"path":638763421157932565,"deps":[[407419816565292635,"numbat_wasm_node",false,17040795723677731043],[9750814729276571490,"numbat_wasm",false,10854494396167140131],[15660456971980188041,"numbat_wasm_derive",false,16364324729503350041]],"local":[{"CheckDepInfo":{"dep_info":"wasm32-unknown-unknown/release/.fingerprint/numbat-wasm-module-pause-e2d8618744c12e93/dep-lib-numbat_wasm_module_pause","checksum":false}}],"rustflags":[],"config":2069994364910194474,"compile_kind":14682669768258224367}