{"rustc":2583705999082248762,"features":"[\"default\", \"proc-macro\"]","declared_features":"[\"default\", \"nightly\", \"proc-macro\", \"span-locations\"]","target":369203346396300798,"profile":17257705230225558938,"path":15904174890839151965,"deps":[[1988483478007900009,"unicode_ident",false,17352420267395454936],[12410540580958238005,"build_script_build",false,8327653559422298580]],"local":[{"CheckDepInfo":{"dep_info":"release/.fingerprint/proc-macro2-243de7eaea4d668a/dep-lib-proc_macro2","checksum":false}}],"rustflags":[],"config":2069994364910194474,"compile_kind":0}