{
    "name": "storage",
    "steps": [
        {
            "step": "setState",
            "accounts": {
                "address:features_contract": {
                    "nonce": "0",
                    "balance": "0",
                    "storage": {},
                    "code": "file:../output/basic-features.wasm"
                },
                "address:an_account": {
                    "nonce": "0",
                    "balance": "100000000000000000",
                    "storage": {},
                    "code": ""
                }
            }
        },
        {
            "step": "scCall",
            "txId": "oog",
            "tx": {
                "from": "address:an_account",
                "to": "address:features_contract",
                "value": "0",
                "function": "store_map3",
                "arguments": [
                    "0x57",
                    "true"
                ],
                "gasLimit": "100",
                "gasPrice": "1"
            },
            "expect": {
                "out": [],
                "status": "5",
                "message": "str:not enough gas",
                "logs": [],
                "gas": "*",
                "refund": "*"
            }
        }
    ]
}
