{
    "name": "adder",
    "comment": "add then check",
    "steps": [
        {
            "step": "scCall",
            "txId": "rem-alice-prop",
            "tx": {
                "from": "address:paul",
                "to": "address:multisig",
                "value": "0",
                "function": "proposeRemoveUser",
                "arguments": [
                    "address:alice"
                ],
                "gasLimit": "100,000",
                "gasPrice": "0"
            },
            "expect": {
                "out": ["3"],
                "status": "",
                "logs": [],
                "gas": "*",
                "refund": "*"
            }
        },
        {
            "step": "scCall",
            "txId": "rem-alice-sign-bob",
            "tx": {
                "from": "address:bob",
                "to": "address:multisig",
                "value": "0",
                "function": "sign",
                "arguments": ["3"],
                "gasLimit": "100,000",
                "gasPrice": "0"
            },
            "expect": {
                "out": [],
                "status": "",
                "logs": [],
                "gas": "*",
                "refund": "*"
            }
        },
        {
            "step": "scCall",
            "txId": "rem-alice-sign-charlie",
            "tx": {
                "from": "address:charlie",
                "to": "address:multisig",
                "value": "0",
                "function": "sign",
                "arguments": ["3"],
                "gasLimit": "100,000",
                "gasPrice": "0"
            },
            "expect": {
                "out": [],
                "status": "",
                "logs": [],
                "gas": "*",
                "refund": "*"
            }
        },
        {
            "step": "scCall",
            "txId": "rem-alice--perform",
            "tx": {
                "from": "address:paul",
                "to": "address:multisig",
                "value": "0",
                "function": "performAction",
                "arguments": ["3"],
                "gasLimit": "100,000",
                "gasPrice": "0"
            },
            "expect": {
                "out": [],
                "status": "",
                "logs": [],
                "gas": "*",
                "refund": "*"
            }
        }
    ]
}
