{
    "name": "SimpleErc20Token",
    "endpoints": [
        {
            "docs": [
                "Total number of tokens in existence."
            ],
            "name": "totalSupply",
            "inputs": [],
            "outputs": [
                {
                    "type": "BigUint"
                }
            ]
        },
        {
            "docs": [
                "Gets the balance of the specified address.",
                "",
                "Arguments:",
                "",
                "* `address` The address to query the the balance of",
                ""
            ],
            "name": "balanceOf",
            "inputs": [
                {
                    "name": "address",
                    "type": "Address"
                }
            ],
            "outputs": [
                {
                    "type": "BigUint"
                }
            ]
        },
        {
            "docs": [
                "The amount of tokens that an owner allowed to a spender.",
                "",
                "Arguments:",
                "",
                "* `owner` The address that owns the funds.",
                "* `spender` The address that will spend the funds.",
                ""
            ],
            "name": "allowance",
            "inputs": [
                {
                    "name": "owner",
                    "type": "Address"
                },
                {
                    "name": "spender",
                    "type": "Address"
                }
            ],
            "outputs": [
                {
                    "type": "BigUint"
                }
            ]
        },
        {
            "docs": [
                "Constructor, is called immediately after the contract is created",
                "Will set the fixed global token supply and give all the supply to the creator."
            ],
            "name": "init",
            "inputs": [
                {
                    "name": "total_supply",
                    "type": "BigUint"
                }
            ],
            "outputs": []
        },
        {
            "docs": [
                "Transfer token to a specified address from sender.",
                "",
                "Arguments:",
                "",
                "* `to` The address to transfer to.",
                ""
            ],
            "name": "transfer",
            "inputs": [
                {
                    "name": "to",
                    "type": "Address"
                },
                {
                    "name": "amount",
                    "type": "BigUint"
                }
            ],
            "outputs": []
        },
        {
            "docs": [
                "Use allowance to transfer funds between two accounts.",
                "",
                "Arguments:",
                "",
                "* `sender` The address to transfer from.",
                "* `recipient` The address to transfer to.",
                "* `amount` the amount of tokens to be transferred.",
                ""
            ],
            "name": "transferFrom",
            "inputs": [
                {
                    "name": "sender",
                    "type": "Address"
                },
                {
                    "name": "recipient",
                    "type": "Address"
                },
                {
                    "name": "amount",
                    "type": "BigUint"
                }
            ],
            "outputs": []
        },
        {
            "docs": [
                "Approve the given address to spend the specified amount of tokens on behalf of the sender.",
                "It overwrites any previously existing allowance from sender to beneficiary.",
                "",
                "Arguments:",
                "",
                "* `spender` The address that will spend the funds.",
                "* `amount` The amount of tokens to be spent.",
                ""
            ],
            "name": "approve",
            "inputs": [
                {
                    "name": "spender",
                    "type": "Address"
                },
                {
                    "name": "amount",
                    "type": "BigUint"
                }
            ],
            "outputs": []
        }
    ],
    "types": {}
}
