{
    "name": "create nfts",
    "steps": [
        {
            "step": "externalSteps",
            "path": "init.scen.json"
        },
        {
            "step": "setState",
            "currentBlockInfo": {
                "blockTimestamp": "100,000"
            }
        },
        {
            "step": "scCall",
            "txId": "create-NFT-1",
            "tx": {
                "from": "address:owner",
                "to": "sc:nft-minter",
                "function": "createNft",
                "arguments": [
                    "str:NFT 1",
                    "5000",
                    "str:www.mycoolnft.com/nft1.jpg",
                    "500"
                ],
                "gasLimit": "20,000,000",
                "gasPrice": "0"
            },
            "expect": {
                "out": [],
                "status": "0",
                "message": "",
                "gas": "*",
                "refund": "*"
            }
        },
        {
            "step": "setState",
            "currentBlockInfo": {
                "blockTimestamp": "200,000"
            }
        },
        {
            "step": "scCall",
            "txId": "create-NFT-2",
            "tx": {
                "from": "address:owner",
                "to": "sc:nft-minter",
                "function": "createNft",
                "arguments": [
                    "str:NFT 2",
                    "5000",
                    "str:www.mycoolnft.com/nft2.jpg",
                    "500",
                    "str:SEMIFUNG-123456",
                    "2"
                ],
                "gasLimit": "20,000,000",
                "gasPrice": "0"
            },
            "expect": {
                "out": [],
                "status": "0",
                "message": "",
                "gas": "*",
                "refund": "*"
            }
        },
        {
            "step": "checkState",
            "accounts": {
                "sc:nft-minter": {
                    "nonce": "0",
                    "balance": "0",
                    "dcdt": {
                        "str:NFT-123456": {
                            "instances": [
                                {
                                    "nonce": "1",
                                    "balance": "1",
                                    "creator": "sc:nft-minter",
                                    "royalties": "5000",
                                    "uri": [
                                        "str:www.mycoolnft.com/nft1.jpg"
                                    ],
                                    "attributes": "u64:100,000"
                                },
                                {
                                    "nonce": "2",
                                    "balance": "1",
                                    "creator": "sc:nft-minter",
                                    "royalties": "5000",
                                    "uri": [
                                        "str:www.mycoolnft.com/nft2.jpg"
                                    ],
                                    "attributes": "u64:200,000"
                                }
                            ],
                            "lastNonce": "2",
                            "roles": [
                                "DCDTRoleNFTCreate"
                            ]
                        }
                    },
                    "storage": {
                        "str:nftTokenId": "str:NFT-123456",
                        "str:priceTag|u64:1": {
                            "1-token": "nested:str:REWA",
                            "2-nonce": "u64:0",
                            "3-amount": "biguint:500"
                        },
                        "str:priceTag|u64:2": {
                            "1-token": "nested:str:SEMIFUNG-123456",
                            "2-nonce": "u64:2",
                            "3-amount": "biguint:500"
                        }
                    },
                    "code": "file:../output/nft-minter.wasm",
                    "owner": "address:owner"
                },
                "+": ""
            }
        }
    ]
}
