{
    "steps": [
        {
            "step": "setState",
            "accounts": {
                "address:owner": {
                    "nonce": "1"
                }
            }
        },
        {
            "step": "setState",
            "newAddresses": [
                {
                    "creatorAddress": "address:owner",
                    "creatorNonce": "1",
                    "newAddress": "sc:adder"
                }
            ]
        },
        {
            "step": "scDeploy",
            "id": "",
            "tx": {
                "from": "address:owner",
                "contractCode": "drtsc:output/adder.drtsc.json",
                "arguments": [
                    "0x05"
                ],
                "gasLimit": "5,000,000"
            },
            "expect": {
                "out": [],
                "status": "0"
            }
        },
        {
            "step": "scQuery",
            "id": "",
            "tx": {
                "to": "sc:adder",
                "function": "getSum",
                "arguments": []
            },
            "expect": {
                "out": [
                    "0x05"
                ],
                "status": "0"
            }
        },
        {
            "step": "scCall",
            "id": "",
            "tx": {
                "from": "address:owner",
                "to": "sc:adder",
                "function": "add",
                "arguments": [
                    "0x01"
                ],
                "gasLimit": "5,000,000"
            },
            "expect": {
                "out": [],
                "status": "0"
            }
        },
        {
            "step": "scQuery",
            "id": "",
            "tx": {
                "to": "sc:adder",
                "function": "getSum",
                "arguments": []
            },
            "expect": {
                "out": [
                    "0x06"
                ],
                "status": "0"
            }
        },
        {
            "step": "checkState",
            "accounts": {
                "address:owner": {
                    "storage": "*",
                    "code": "*",
                    "owner": "*"
                }
            }
        },
        {
            "step": "checkState",
            "accounts": {
                "sc:adder": {
                    "storage": {
                        "str:sum": "6"
                    },
                    "code": "*",
                    "owner": "*"
                }
            }
        },
        {
            "step": "scCall",
            "id": "",
            "tx": {
                "from": "address:owner",
                "to": "sc:adder",
                "function": "upgrade",
                "arguments": [
                    "0x64"
                ],
                "gasLimit": "5,000,000"
            },
            "expect": {
                "out": [],
                "status": "0"
            }
        },
        {
            "step": "checkState",
            "accounts": {
                "sc:adder": {
                    "storage": {
                        "str:sum": "100"
                    },
                    "code": "*",
                    "owner": "*"
                }
            }
        }
    ]
}
