{
    "buildInfo": {
        "rustc": {
            "version": "1.67.0-nightly",
            "commitHash": "01fbc5ae789fc0c7a2da71d3cd908451f175e4eb",
            "commitDate": "2022-12-07",
            "channel": "Nightly",
            "short": "rustc 1.67.0-nightly (01fbc5ae7 2022-12-07)"
        },
        "contractCrate": {
            "name": "fractional-nfts",
            "version": "0.0.0"
        },
        "framework": {
            "name": "dharitri-sc",
            "version": "0.39.5"
        }
    },
    "name": "FractionalNfts",
    "constructor": {
        "inputs": [],
        "outputs": []
    },
    "endpoints": [
        {
            "name": "claimRoyaltiesFromMarketplace",
            "onlyOwner": true,
            "mutability": "mutable",
            "inputs": [
                {
                    "name": "marketplace_address",
                    "type": "Address"
                },
                {
                    "name": "token_id",
                    "type": "TokenIdentifier"
                },
                {
                    "name": "token_nonce",
                    "type": "u64"
                }
            ],
            "outputs": []
        },
        {
            "name": "fractionalizeNFT",
            "mutability": "mutable",
            "payableInTokens": [
                "*"
            ],
            "inputs": [
                {
                    "name": "initial_fractional_amount",
                    "type": "BigUint"
                },
                {
                    "name": "name",
                    "type": "bytes"
                },
                {
                    "name": "attributes",
                    "type": "bytes"
                }
            ],
            "outputs": []
        },
        {
            "name": "unFractionalizeNFT",
            "mutability": "mutable",
            "payableInTokens": [
                "*"
            ],
            "inputs": [],
            "outputs": []
        },
        {
            "name": "getFractionalToken",
            "mutability": "readonly",
            "inputs": [],
            "outputs": [
                {
                    "type": "TokenIdentifier"
                }
            ]
        }
    ],
    "events": [],
    "hasCallback": true,
    "types": {}
}
