{
    "name": "NFT owned by SC",
    "gasSchedule": "v4",
    "steps": [
        {
            "step": "setState",
            "accounts": {
                "address:owner": {
                    "nonce": "0",
                    "balance": "0",
                    "storage": {}
                },
                "address:nft-sc-deployer": {
                    "nonce": "0",
                    "balance": "0",
                    "storage": {}
                },
                "sc:nft_creator": {
                    "nonce": "0",
                    "balance": "0",
                    "dcdt": {
                        "str:NFT-123456": {
                            "roles": [
                                "DCDTRoleNFTCreate"
                            ]
                        }
                    },
                    "code": "file:../output/seller-contract-mock.wasm",
                    "storage": {}
                },
                "address:seller": {
                    "nonce": "0",
                    "balance": "0",
                    "dcdt": {
                        "str:NFT-123456": {
                            "instances": [
                                {
                                    "nonce": "1",
                                    "balance": "1",
                                    "creator": "sc:nft_creator",
                                    "royalties": "2000"
                                }
                            ]
                        }
                    },
                    "storage": {}
                },
                "address:first_bidder": {
                    "nonce": "0",
                    "balance": "1,000",
                    "storage": {}
                }
            },
            "newAddresses": [
                {
                    "creatorAddress": "address:owner",
                    "creatorNonce": "0",
                    "newAddress": "sc:marketplace"
                }
            ]
        },
        {
            "step": "scDeploy",
            "txId": "deploy",
            "comment": "10% cut for the marketplace",
            "tx": {
                "from": "address:owner",
                "value": "0",
                "contractCode": "file:../../dcdt-nft-marketplace/output/dcdt-nft-marketplace.wasm",
                "arguments": [
                    "1000"
                ],
                "gasLimit": "9,000,000",
                "gasPrice": "0"
            },
            "expect": {
                "status": "0",
                "message": "",
                "gas": "*",
                "refund": "*"
            }
        },
        {
            "step": "scCall",
            "txId": "auctionToken",
            "comment": "arguments are: min_bid, max_bid, deadline, payment token. Nonce is skipped, since REWA has no nonce",
            "tx": {
                "from": "address:seller",
                "to": "sc:marketplace",
                "value": "0",
                "dcdt": {
                    "tokenIdentifier": "str:NFT-123456",
                    "nonce": "1",
                    "value": "1"
                },
                "function": "auctionToken",
                "arguments": [
                    "100",
                    "1,000",
                    "123,456",
                    "str:REWA"
                ],
                "gasLimit": "20,000,000",
                "gasPrice": "0"
            },
            "expect": {
                "status": "0",
                "message": "*",
                "out": [
                    "1"
                ],
                "gas": "*",
                "refund": "*"
            }
        },
        {
            "step": "scCall",
            "txId": "first bid",
            "tx": {
                "from": "address:first_bidder",
                "to": "sc:marketplace",
                "value": "1000",
                "function": "bid",
                "arguments": [
                    "1",
                    "str:NFT-123456",
                    "1"
                ],
                "gasLimit": "15,000,000",
                "gasPrice": "0"
            },
            "expect": {
                "status": "0",
                "message": "",
                "gas": "*",
                "refund": "*"
            }
        },
        {
            "step": "scCall",
            "txId": "auction max bid reached",
            "comment": "owner, creator and seller will receive part of the final bid",
            "tx": {
                "from": "address:first_bidder",
                "to": "sc:marketplace",
                "value": "0",
                "function": "endAuction",
                "arguments": [
                    "1"
                ],
                "gasLimit": "12,000,000",
                "gasPrice": "0"
            },
            "expect": {
                "status": "0",
                "message": "",
                "gas": "*",
                "refund": "*"
            }
        },
        {
            "step": "checkState",
            "accounts": {
                "address:owner": {
                    "nonce": "1",
                    "balance": "100",
                    "storage": {}
                },
                "address:seller": {
                    "nonce": "1",
                    "balance": "700",
                    "dcdt": {},
                    "storage": {}
                },
                "address:first_bidder": {
                    "nonce": "2",
                    "balance": "0",
                    "dcdt": {
                        "str:NFT-123456": {
                            "instances": [
                                {
                                    "nonce": "1",
                                    "balance": "1",
                                    "creator": "sc:nft_creator",
                                    "royalties": "2000"
                                }
                            ]
                        }
                    },
                    "storage": {}
                },
                "sc:marketplace": {
                    "nonce": "0",
                    "balance": "200",
                    "storage": {
                        "str:claimableAmount|sc:nft_creator|nested:str:REWA|u64:0": "200",
                        "+": ""
                    },
                    "code": "file:../../dcdt-nft-marketplace/output/dcdt-nft-marketplace.wasm"
                },
                "+": {}
            }
        },
        {
            "step": "scCall",
            "txId": "claim",
            "tx": {
                "from": "address:nft-sc-deployer",
                "to": "sc:nft_creator",
                "value": "0",
                "function": "claim",
                "arguments": [
                    "sc:marketplace",
                    "str:REWA",
                    "0"
                ],
                "gasLimit": "20,000,000",
                "gasPrice": "0"
            },
            "expect": {
                "status": "0",
                "message": "",
                "out": [],
                "gas": "*",
                "refund": "*"
            }
        },
        {
            "step": "checkState",
            "accounts": {
                "address:nft-sc-deployer": {
                    "nonce": "1",
                    "balance": "200",
                    "storage": {}
                },
                "sc:marketplace": {
                    "nonce": "0",
                    "balance": "0",
                    "storage": {
                        "str:claimableAmount|sc:nft_creator|nested:str:REWA|u64:0": "",
                        "+": ""
                    },
                    "code": "file:../../dcdt-nft-marketplace/output/dcdt-nft-marketplace.wasm"
                },
                "+": {}
            }
        }
    ]
}