{
    "name": "claiming successful crowdfunding",
    "steps": [
        {
            "step": "externalSteps",
            "path": "crowdfunding-fund.scen.json"
        },
        {
            "step": "setState",
            "accounts": {
                "address:donor2": {
                    "nonce": "0",
                    "balance": "0",
                    "dcdt": {
                        "str:CROWD-123456": "1,000,000,000,000"
                    }
                }
            }
        },
        {
            "step": "scCall",
            "id": "fund-2",
            "tx": {
                "from": "address:donor2",
                "to": "sc:crowdfunding",
                "dcdtValue": [
                    {
                        "tokenIdentifier": "str:CROWD-123456",
                        "value": "250,000,000,000"
                    }
                ],
                "function": "fund",
                "arguments": [],
                "gasLimit": "100,000,000",
                "gasPrice": "0"
            },
            "expect": {
                "out": [],
                "status": "",
                "gas": "*",
                "refund": "*"
            }
        },
        {
            "step": "checkState",
            "accounts": {
                "address:my_address": {
                    "nonce": "1",
                    "balance": "1,000,000",
                    "storage": {}
                },
                "address:donor1": {
                    "nonce": "1",
                    "balance": "0",
                    "dcdt": {
                        "str:CROWD-123456": "150,000,000,000"
                    },
                    "storage": {}
                },
                "address:donor2": {
                    "nonce": "1",
                    "balance": "0",
                    "dcdt": {
                        "str:CROWD-123456": "750,000,000,000"
                    },
                    "storage": {}
                },
                "sc:crowdfunding": {
                    "nonce": "0",
                    "balance": "0",
                    "dcdt": {
                        "str:CROWD-123456": "500,000,000,000"
                    },
                    "storage": {
                        "str:target": "500,000,000,000",
                        "str:deadline": "123,000",
                        "str:tokenIdentifier": "str:CROWD-123456",
                        "str:deposit|address:donor1": "250,000,000,000",
                        "str:deposit|address:donor2": "250,000,000,000"
                    },
                    "code": "file:../output/crowdfunding-dcdt.wasm"
                }
            }
        },
        {
            "step": "setState",
            "currentBlockInfo": {
                "blockTimestamp": "123,001"
            }
        },
        {
            "step": "scCall",
            "id": "claim-donor",
            "tx": {
                "from": "address:donor1",
                "to": "sc:crowdfunding",
                "function": "claim",
                "arguments": [],
                "gasLimit": "100,000,000",
                "gasPrice": "0"
            },
            "expect": {
                "out": [],
                "status": "4",
                "message": "str:only owner can claim successful funding",
                "gas": "*",
                "refund": "*"
            }
        },
        {
            "step": "scCall",
            "id": "claim-owner",
            "tx": {
                "from": "address:my_address",
                "to": "sc:crowdfunding",
                "function": "claim",
                "arguments": [],
                "gasLimit": "100,000,000",
                "gasPrice": "0"
            },
            "expect": {
                "out": [],
                "status": "0",
                "logs": [
                    {
                        "address": "sc:crowdfunding",
                        "endpoint": "str:DCDTTransfer",
                        "topics": [
                            "str:CROWD-123456",
                            "",
                            "500,000,000,000",
                            "address:my_address"
                        ],
                        "data": "*"
                    }
                ],
                "gas": "*",
                "refund": "*"
            }
        },
        {
            "step": "checkState",
            "accounts": {
                "address:my_address": {
                    "nonce": "2",
                    "balance": "1,000,000",
                    "dcdt": {
                        "str:CROWD-123456": "500,000,000,000"
                    },
                    "storage": {}
                },
                "address:donor1": {
                    "nonce": "2",
                    "balance": "0",
                    "dcdt": {
                        "str:CROWD-123456": "150,000,000,000"
                    },
                    "storage": {}
                },
                "address:donor2": {
                    "nonce": "1",
                    "balance": "0",
                    "dcdt": {
                        "str:CROWD-123456": "750,000,000,000"
                    },
                    "storage": {}
                },
                "sc:crowdfunding": {
                    "nonce": "0",
                    "balance": "0",
                    "dcdt": {
                        "str:CROWD-123456": "0"
                    },
                    "storage": {
                        "str:target": "500,000,000,000",
                        "str:deadline": "123,000",
                        "str:tokenIdentifier": "str:CROWD-123456",
                        "str:deposit|address:donor1": "250,000,000,000",
                        "str:deposit|address:donor2": "250,000,000,000"
                    },
                    "code": "file:../output/crowdfunding-dcdt.wasm"
                }
            }
        }
    ]
}
