{
    "buildInfo": {
        "rustc": {
            "version": "1.76.0-nightly",
            "commitHash": "d86d65bbc19b928387f68427fcc3a0da498d8a19",
            "commitDate": "2023-12-10",
            "channel": "Nightly",
            "short": "rustc 1.76.0-nightly (d86d65bbc 2023-12-10)"
        },
        "contractCrate": {
            "name": "large-storage",
            "version": "0.0.0"
        },
        "framework": {
            "name": "dharitri-sc",
            "version": "0.45.2"
        }
    },
    "name": "LargeStorageBenchmark",
    "constructor": {
        "inputs": [],
        "outputs": []
    },
    "endpoints": [
        {
            "name": "saveStructure",
            "mutability": "mutable",
            "inputs": [
                {
                    "name": "field1",
                    "type": "bytes"
                },
                {
                    "name": "field2",
                    "type": "SampleEnum"
                },
                {
                    "name": "field3",
                    "type": "bytes"
                }
            ],
            "outputs": []
        },
        {
            "name": "savedStructure",
            "mutability": "readonly",
            "inputs": [],
            "outputs": [
                {
                    "type": "Structure"
                }
            ]
        }
    ],
    "dcdtAttributes": [],
    "hasCallback": false,
    "types": {
        "SampleEnum": {
            "type": "enum",
            "variants": [
                {
                    "name": "Value1",
                    "discriminant": 0
                },
                {
                    "name": "Value2",
                    "discriminant": 1
                }
            ]
        },
        "Structure": {
            "type": "struct",
            "fields": [
                {
                    "name": "field1",
                    "type": "bytes"
                },
                {
                    "name": "field2",
                    "type": "SampleEnum"
                },
                {
                    "name": "field3",
                    "type": "bytes"
                }
            ]
        }
    }
}
