{
    "name": "attestation deploy",
    "gasSchedule": "v4",
    "steps": [
        {
            "step": "setState",
            "accounts": {
                "address:owner": {
                    "nonce": "0",
                    "balance": "0",
                    "storage": {},
                    "code": ""
                },
                "address:acc1": {
                    "nonce": "0",
                    "balance": "1,000,000",
                    "storage": {},
                    "code": ""
                },
                "address:attester": {
                    "nonce": "0",
                    "balance": "1,000,000",
                    "storage": {},
                    "code": ""
                }
            },
            "newAddresses": [
                {
                    "creatorAddress": "address:owner",
                    "creatorNonce": "0",
                    "newAddress": "sc:attestation"
                }
            ]
        },
        {
            "step": "scDeploy",
            "txId": "deploy-attestation",
            "tx": {
                "from": "address:owner",
                "value": "0",
                "contractCode": "file:../output/attestation.wasm",
                "arguments": [
                    "500,000",
                    "1,000",
                    "address:attester"
                ],
                "gasLimit": "15,000,000",
                "gasPrice": "0"
            },
            "expect": {
                "status": "0",
                "message": "",
                "out": [],
                "gas": "*",
                "refund": "*"
            }
        },
        {
            "step": "checkState",
            "accounts": {
                "address:owner": {
                    "nonce": "1",
                    "balance": "0",
                    "storage": {},
                    "code": ""
                },
                "sc:attestation": {
                    "nonce": "0",
                    "balance": "0",
                    "storage": {
                        "str:registration_cost": "500,000",
                        "str:max_nonce_diff": "1000",
                        "str:attestator_state|address:attester": "3"
                    },
                    "code": "file:../output/attestation.wasm"
                },
                "+": ""
            }
        }
    ]
}