{
    "name": "save public info ok",
    "gasSchedule": "v4",
    "steps": [
        {
            "step": "setState",
            "currentBlockInfo": {
                "blockNonce": "50"
            }
        },
        {
            "step": "scCall",
            "txId": "save-public-info-ok",
            "comment": "args are 0x6d2ff32e31b14e2edbdfe411d3873edc90d77bd0a3b5779355686ff82a171a8d, 0x18805c46852ee738c3daba511a465c4b42cbe6306a9491b037b8194bc7d6c13b respectively",
            "tx": {
                "from": "address:acc1",
                "to": "sc:attestation",
                "value": "0",
                "function": "saveAttestation",
                "arguments": [
                    "keccak256:keccak256:str:0123 456 789",
                    "keccak256:str:secret_data"
                ],
                "gasLimit": "15,000,000",
                "gasPrice": "0"
            },
            "expect": {
                "status": "0",
                "message": "",
                "out": [],
                "gas": "*",
                "refund": "*"
            }
        },
        {
            "step": "checkState",
            "accounts": {
                "address:attester": {
                    "nonce": "0",
                    "balance": "1,000,000",
                    "storage": {},
                    "code": ""
                },
                "sc:attestation": {
                    "nonce": "0",
                    "balance": "500,000",
                    "storage": {
                        "str:registration_cost": "500,000",
                        "str:max_nonce_diff": "1000",
                        "str:attestator_state|address:attester": "3",
                        "str:user_state|keccak256:keccak256:str:0123 456 789": [
                            "u8:2",
                            "keccak256:str:secret_data",
                            "u32:0",
                            "address:acc1",
                            "0x0000000000000000000000000000000000000000000000000000000000000000",
                            "u64:50"
                        ]
                    },
                    "code": "file:../output/attestation.wasm"
                },
                "+": ""
            }
        }
    ]
}
