{
    "name": "distribution",
    "steps": [
        {
            "step": "externalSteps",
            "path": "set_user_distribution_with_unlock.scen.json"
        },
        {
            "step": "setState",
            "currentBlockInfo": {
                "blockEpoch": "30"
            }
        },
        {
            "step": "scCall",
            "txId": "claimLockedAssets-1",
            "tx": {
                "from": "address:user1",
                "to": "sc:dist_contract",
                "function": "claimLockedAssets",
                "arguments": [],
                "gasLimit": "100,000,000",
                "gasPrice": "0"
            },
            "expect": {
                "out": [
                    "0x03e8"
                ],
                "status": "",
                "gas": "*",
                "refund": "*"
            }
        },
        {
            "step": "scCall",
            "txId": "claimLockedAssets-1",
            "tx": {
                "from": "address:user1",
                "to": "sc:dist_contract",
                "function": "claimLockedAssets",
                "arguments": [],
                "gasLimit": "100,000,000",
                "gasPrice": "0"
            },
            "expect": {
                "out": [
                    ""
                ],
                "status": "",
                "gas": "*",
                "refund": "*"
            }
        },
        {
            "step": "scCall",
            "txId": "claimLockedAssets-2",
            "tx": {
                "from": "address:user_with_wrewa1",
                "to": "sc:dist_contract",
                "function": "claimLockedAssets",
                "arguments": [],
                "gasLimit": "100,000,000",
                "gasPrice": "0"
            },
            "expect": {
                "out": [
                    "0x015f90"
                ],
                "status": "",
                "gas": "*",
                "refund": "*"
            }
        },
        {
            "step": "checkState",
            "accounts": {
                "address:user1": {
                    "nonce": "2",
                    "balance": "100,000,000",
                    "dcdt": {
                        "str:LKMOA-abcdef": {
                            "instances": [
                                {
                                    "nonce": "0x01",
                                    "balance": "1,000"
                                }
                            ]
                        }
                    }
                },
                "+": ""
            }
        }
    ]
}
