{
    "buildInfo": {
        "rustc": {
            "version": "1.85.0",
            "commitHash": "4d91de4e48198da2e33413efdcd9cd2cc0c46688",
            "commitDate": "2025-02-17",
            "channel": "Stable",
            "short": "rustc 1.85.0 (4d91de4e4 2025-02-17)"
        },
        "contractCrate": {
            "name": "str-repeat",
            "version": "0.0.0"
        },
        "framework": {
            "name": "dharitri-sc",
            "version": "0.52.3"
        }
    },
    "name": "StrRepeat",
    "constructor": {
        "inputs": [],
        "outputs": []
    },
    "endpoints": [
        {
            "name": "repeat",
            "mutability": "mutable",
            "inputs": [
                {
                    "name": "string",
                    "type": "bytes"
                },
                {
                    "name": "num_repeats",
                    "type": "u32"
                }
            ],
            "outputs": []
        },
        {
            "name": "getByteArrayLength",
            "mutability": "readonly",
            "inputs": [],
            "outputs": [
                {
                    "type": "u32"
                }
            ]
        },
        {
            "name": "getByteArray",
            "mutability": "readonly",
            "inputs": [],
            "outputs": [
                {
                    "type": "bytes"
                }
            ]
        }
    ],
    "dcdtAttributes": [],
    "hasCallback": false,
    "types": {}
}
