{
    "buildInfo": {
        "rustc": {
            "version": "1.71.0-nightly",
            "commitHash": "7f94b314cead7059a71a265a8b64905ef2511796",
            "commitDate": "2023-04-23",
            "channel": "Nightly",
            "short": "rustc 1.71.0-nightly (7f94b314c 2023-04-23)"
        },
        "contractCrate": {
            "name": "crowdfunding-dcdt",
            "version": "0.0.0"
        },
        "framework": {
            "name": "dharitri-sc",
            "version": "0.41.3"
        }
    },
    "name": "Crowdfunding",
    "constructor": {
        "inputs": [
            {
                "name": "target",
                "type": "BigUint"
            },
            {
                "name": "deadline",
                "type": "u64"
            },
            {
                "name": "token_identifier",
                "type": "RewaOrDcdtTokenIdentifier"
            }
        ],
        "outputs": []
    },
    "endpoints": [
        {
            "name": "fund",
            "mutability": "mutable",
            "payableInTokens": [
                "*"
            ],
            "inputs": [],
            "outputs": []
        },
        {
            "name": "status",
            "mutability": "readonly",
            "inputs": [],
            "outputs": [
                {
                    "type": "Status"
                }
            ]
        },
        {
            "name": "getCurrentFunds",
            "mutability": "readonly",
            "inputs": [],
            "outputs": [
                {
                    "type": "BigUint"
                }
            ]
        },
        {
            "name": "claim",
            "mutability": "mutable",
            "inputs": [],
            "outputs": []
        },
        {
            "name": "getTarget",
            "mutability": "readonly",
            "inputs": [],
            "outputs": [
                {
                    "type": "BigUint"
                }
            ]
        },
        {
            "name": "getDeadline",
            "mutability": "readonly",
            "inputs": [],
            "outputs": [
                {
                    "type": "u64"
                }
            ]
        },
        {
            "name": "getDeposit",
            "mutability": "readonly",
            "inputs": [
                {
                    "name": "donor",
                    "type": "Address"
                }
            ],
            "outputs": [
                {
                    "type": "BigUint"
                }
            ]
        },
        {
            "name": "getCrowdfundingTokenIdentifier",
            "mutability": "readonly",
            "inputs": [],
            "outputs": [
                {
                    "type": "RewaOrDcdtTokenIdentifier"
                }
            ]
        }
    ],
    "events": [],
    "hasCallback": false,
    "types": {
        "Status": {
            "type": "enum",
            "variants": [
                {
                    "name": "FundingPeriod",
                    "discriminant": 0
                },
                {
                    "name": "Successful",
                    "discriminant": 1
                },
                {
                    "name": "Failed",
                    "discriminant": 2
                }
            ]
        }
    }
}
