{
    "buildInfo": {
        "rustc": {
            "version": "1.71.0-nightly",
            "commitHash": "7f94b314cead7059a71a265a8b64905ef2511796",
            "commitDate": "2023-04-23",
            "channel": "Nightly",
            "short": "rustc 1.71.0-nightly (7f94b314c 2023-04-23)"
        },
        "contractCrate": {
            "name": "adder",
            "version": "0.0.0"
        },
        "framework": {
            "name": "dharitri-sc",
            "version": "0.43.4"
        }
    },
    "docs": [
        "One of the simplest smart contracts possible,",
        "it holds a single variable in storage, which anyone can increment."
    ],
    "name": "Adder",
    "constructor": {
        "inputs": [
            {
                "name": "initial_value",
                "type": "BigUint"
            }
        ],
        "outputs": []
    },
    "endpoints": [
        {
            "name": "getSum",
            "mutability": "readonly",
            "inputs": [],
            "outputs": [
                {
                    "type": "BigUint"
                }
            ]
        },
        {
            "docs": [
                "Add desired amount to the storage variable."
            ],
            "name": "add",
            "mutability": "mutable",
            "inputs": [
                {
                    "name": "value",
                    "type": "BigUint"
                }
            ],
            "outputs": []
        }
    ],
    "events": [],
    "hasCallback": false,
    "types": {}
}
