{
    "name": "start with limited tickets and fixed deadline with invalid deadline arg",
    "gasSchedule": "dummy",
    "steps": [
        {
            "step": "externalSteps",
            "path": "lottery-init.scen.json"
        },
        {
            "step": "setState",
            "currentBlockInfo": {
                "blockTimestamp": "123,567"
            }
        },
        {
            "step": "scCall",
            "id": "start limited tickets, fixed deadline, invalid deadline arg",
            "tx": {
                "from": "address:my_address",
                "to": "sc:lottery",
                "function": "start",
                "arguments": [
                    "str:lottery_name",
                    "str:LOTTERY-123456",
                    "100",
                    "0x01|u32:2",
                    "0x01|u64:123,456",
                    "0x",
                    "0x",
                    "0x"
                ],
                "gasLimit": "100,000,000",
                "gasPrice": "0"
            },
            "expect": {
                "out": [],
                "status": "4",
                "message": "str:Deadline can't be in the past!",
                "gas": "*",
                "refund": "*"
            }
        },
        {
            "step": "checkState",
            "accounts": {
                "address:my_address": {
                    "nonce": "2",
                    "balance": "1,000,000",
                    "storage": {}
                },
                "address:acc1": {
                    "nonce": "0",
                    "balance": "1,000,000",
                    "storage": {}
                },
                "address:acc2": {
                    "nonce": "0",
                    "balance": "1,000,000",
                    "storage": {}
                },
                "sc:lottery": {
                    "nonce": "0",
                    "balance": "0",
                    "storage": {},
                    "code": "file:../output/lottery-dcdt.wasm"
                }
            }
        }
    ]
}
