{
    "buildInfo": {
        "rustc": {
            "version": "1.84.1",
            "commitHash": "e71f9a9a98b0faf423844bf0ba7438f29dc27d58",
            "commitDate": "2025-01-27",
            "channel": "Stable",
            "short": "rustc 1.84.1 (e71f9a9a9 2025-01-27)"
        },
        "contractCrate": {
            "name": "adder",
            "version": "0.0.0"
        },
        "framework": {
            "name": "dharitri-sc",
            "version": "1.0.1"
        }
    },
    "docs": [
        "One of the simplest smart contracts possible,",
        "it holds a single variable in storage, which anyone can increment."
    ],
    "name": "Adder",
    "constructor": {
        "inputs": [
            {
                "name": "initial_value",
                "type": "BigUint"
            }
        ],
        "outputs": []
    },
    "upgradeConstructor": {
        "inputs": [
            {
                "name": "initial_value",
                "type": "BigUint"
            }
        ],
        "outputs": []
    },
    "endpoints": [
        {
            "name": "getSum",
            "mutability": "readonly",
            "inputs": [],
            "outputs": [
                {
                    "type": "BigUint"
                }
            ]
        },
        {
            "docs": [
                "Add desired amount to the storage variable."
            ],
            "name": "add",
            "mutability": "mutable",
            "inputs": [
                {
                    "name": "value",
                    "type": "BigUint"
                }
            ],
            "outputs": []
        }
    ],
    "dcdtAttributes": [],
    "hasCallback": false,
    "types": {}
}
