{
    "buildInfo": {
        "rustc": {
            "version": "1.87.0-nightly",
            "commitHash": "617aad8c2e8783f6df8e5d1f8bb1e4bcdc70aa7b",
            "commitDate": "2025-02-24",
            "channel": "Nightly",
            "short": "rustc 1.87.0-nightly (617aad8c2 2025-02-24)"
        },
        "contractCrate": {
            "name": "empty",
            "version": "0.0.0"
        },
        "framework": {
            "name": "dharitri-sc",
            "version": "0.54.0"
        }
    },
    "docs": [
        "An empty contract. To be used as a template when starting a new contract from scratch."
    ],
    "name": "EmptyContract",
    "constructor": {
        "inputs": [],
        "outputs": []
    },
    "upgradeConstructor": {
        "inputs": [],
        "outputs": []
    },
    "endpoints": [],
    "dcdtAttributes": [],
    "hasCallback": false,
    "types": {}
}
