{
    "buildInfo": {
        "rustc": {
            "version": "1.76.0-nightly",
            "commitHash": "d86d65bbc19b928387f68427fcc3a0da498d8a19",
            "commitDate": "2023-12-10",
            "channel": "Nightly",
            "short": "rustc 1.76.0-nightly (d86d65bbc 2023-12-10)"
        },
        "contractCrate": {
            "name": "adder",
            "version": "0.0.0"
        },
        "framework": {
            "name": "dharitri-sc",
            "version": "0.47.0"
        }
    },
    "docs": [
        "One of the simplest smart contracts possible,",
        "it holds a single variable in storage, which anyone can increment."
    ],
    "name": "Adder",
    "constructor": {
        "inputs": [
            {
                "name": "initial_value",
                "type": "BigUint"
            }
        ],
        "outputs": []
    },
    "endpoints": [
        {
            "name": "getSum",
            "mutability": "readonly",
            "inputs": [],
            "outputs": [
                {
                    "type": "BigUint"
                }
            ]
        },
        {
            "name": "upgrade",
            "mutability": "mutable",
            "inputs": [
                {
                    "name": "initial_value",
                    "type": "BigUint"
                }
            ],
            "outputs": []
        },
        {
            "docs": [
                "Add desired amount to the storage variable."
            ],
            "name": "add",
            "mutability": "mutable",
            "inputs": [
                {
                    "name": "value",
                    "type": "BigUint"
                }
            ],
            "outputs": []
        }
    ],
    "dcdtAttributes": [],
    "hasCallback": false,
    "types": {}
}
