{
    "buildInfo": {
        "rustc": {
            "version": "1.87.0-nightly",
            "commitHash": "617aad8c2e8783f6df8e5d1f8bb1e4bcdc70aa7b",
            "commitDate": "2025-02-24",
            "channel": "Nightly",
            "short": "rustc 1.87.0-nightly (617aad8c2 2025-02-24)"
        },
        "contractCrate": {
            "name": "nft-minter",
            "version": "0.0.0"
        },
        "framework": {
            "name": "dharitri-sc",
            "version": "0.50.5"
        }
    },
    "name": "NftMinter",
    "constructor": {
        "inputs": [],
        "outputs": []
    },
    "endpoints": [
        {
            "name": "createNft",
            "onlyOwner": true,
            "mutability": "mutable",
            "inputs": [
                {
                    "name": "name",
                    "type": "bytes"
                },
                {
                    "name": "royalties",
                    "type": "BigUint"
                },
                {
                    "name": "uri",
                    "type": "bytes"
                },
                {
                    "name": "selling_price",
                    "type": "BigUint"
                },
                {
                    "name": "opt_token_used_as_payment",
                    "type": "optional<TokenIdentifier>",
                    "multi_arg": true
                },
                {
                    "name": "opt_token_used_as_payment_nonce",
                    "type": "optional<u64>",
                    "multi_arg": true
                }
            ],
            "outputs": [],
            "allow_multiple_var_args": true
        },
        {
            "name": "claimRoyaltiesFromMarketplace",
            "onlyOwner": true,
            "mutability": "mutable",
            "inputs": [
                {
                    "name": "marketplace_address",
                    "type": "Address"
                },
                {
                    "name": "token_id",
                    "type": "TokenIdentifier"
                },
                {
                    "name": "token_nonce",
                    "type": "u64"
                }
            ],
            "outputs": []
        },
        {
            "name": "issueToken",
            "onlyOwner": true,
            "mutability": "mutable",
            "payableInTokens": [
                "REWA"
            ],
            "inputs": [
                {
                    "name": "token_name",
                    "type": "bytes"
                },
                {
                    "name": "token_ticker",
                    "type": "bytes"
                }
            ],
            "outputs": []
        },
        {
            "name": "setLocalRoles",
            "onlyOwner": true,
            "mutability": "mutable",
            "inputs": [],
            "outputs": []
        },
        {
            "name": "buyNft",
            "mutability": "mutable",
            "payableInTokens": [
                "*"
            ],
            "inputs": [
                {
                    "name": "nft_nonce",
                    "type": "u64"
                }
            ],
            "outputs": []
        },
        {
            "name": "getNftPrice",
            "mutability": "readonly",
            "inputs": [
                {
                    "name": "nft_nonce",
                    "type": "u64"
                }
            ],
            "outputs": [
                {
                    "type": "optional<multi<RewaOrDcdtTokenIdentifier,u64,BigUint>>",
                    "multi_result": true
                }
            ]
        }
    ],
    "dcdtAttributes": [],
    "hasCallback": true,
    "types": {}
}
