{
    "buildInfo": {
        "rustc": {
            "version": "1.85.0",
            "commitHash": "4d91de4e48198da2e33413efdcd9cd2cc0c46688",
            "commitDate": "2025-02-17",
            "channel": "Stable",
            "short": "rustc 1.85.0 (4d91de4e4 2025-02-17)"
        },
        "contractCrate": {
            "name": "energy-factory-mock",
            "version": "0.0.0"
        },
        "framework": {
            "name": "dharitri-sc",
            "version": "0.53.0"
        }
    },
    "name": "EnergyFactoryMock",
    "constructor": {
        "inputs": [],
        "outputs": []
    },
    "endpoints": [
        {
            "name": "setUserEnergy",
            "mutability": "mutable",
            "inputs": [
                {
                    "name": "user",
                    "type": "Address"
                },
                {
                    "name": "energy_amount",
                    "type": "BigUint"
                },
                {
                    "name": "total_locked_tokens",
                    "type": "BigUint"
                }
            ],
            "outputs": []
        },
        {
            "name": "getEnergyAmountForUser",
            "mutability": "readonly",
            "inputs": [
                {
                    "name": "user",
                    "type": "Address"
                }
            ],
            "outputs": [
                {
                    "type": "BigUint"
                }
            ]
        },
        {
            "name": "getEnergyEntryForUser",
            "mutability": "readonly",
            "inputs": [
                {
                    "name": "user",
                    "type": "Address"
                }
            ],
            "outputs": [
                {
                    "type": "Energy"
                }
            ]
        },
        {
            "name": "setUserEnergyAfterLockedTokenTransfer",
            "mutability": "mutable",
            "inputs": [
                {
                    "name": "user",
                    "type": "Address"
                },
                {
                    "name": "energy",
                    "type": "Energy"
                }
            ],
            "outputs": []
        }
    ],
    "dcdtAttributes": [],
    "hasCallback": false,
    "types": {
        "Energy": {
            "type": "struct",
            "fields": [
                {
                    "name": "amount",
                    "type": "BigInt"
                },
                {
                    "name": "last_update_epoch",
                    "type": "u64"
                },
                {
                    "name": "total_locked_tokens",
                    "type": "BigUint"
                }
            ]
        }
    }
}
