{
    "name": "crowdfunding deployment test",
    "steps": [
        {
            "step": "setState",
            "accounts": {
                "address:my_address": {
                    "nonce": "0",
                    "balance": "1,000,000"
                }
            },
            "newAddresses": [
                {
                    "creatorAddress": "address:my_address",
                    "creatorNonce": "0",
                    "newAddress": "sc:crowdfunding"
                }
            ]
        },
        {
            "step": "scDeploy",
            "id": "deploy",
            "tx": {
                "from": "address:my_address",
                "contractCode": "drtsc:../output/crowdfunding-dcdt.drtsc.json",
                "arguments": [
                    "500,000,000,000",
                    "123,000",
                    "str:REWA"
                ],
                "gasLimit": "5,000,000",
                "gasPrice": "0"
            },
            "expect": {
                "out": [],
                "status": "0",
                "gas": "*",
                "refund": "*"
            }
        },
        {
            "step": "checkState",
            "accounts": {
                "address:my_address": {
                    "nonce": "1",
                    "balance": "1,000,000",
                    "storage": {}
                },
                "sc:crowdfunding": {
                    "nonce": "0",
                    "balance": "0",
                    "storage": {
                        "str:target": "500,000,000,000",
                        "str:deadline": "123,000",
                        "str:tokenIdentifier": "str:REWA"
                    },
                    "code": "drtsc:../output/crowdfunding-dcdt.drtsc.json"
                }
            }
        }
    ]
}
