{
    "buildInfo": {
        "rustc": {
            "version": "1.84.1",
            "commitHash": "e71f9a9a98b0faf423844bf0ba7438f29dc27d58",
            "commitDate": "2025-01-27",
            "channel": "Stable",
            "short": "rustc 1.84.1 (e71f9a9a9 2025-01-27)"
        },
        "contractCrate": {
            "name": "check-pause",
            "version": "0.0.0"
        },
        "framework": {
            "name": "dharitri-sc",
            "version": "1.0.1"
        }
    },
    "name": "CheckPauseContract",
    "constructor": {
        "inputs": [],
        "outputs": []
    },
    "endpoints": [
        {
            "name": "checkPause",
            "mutability": "mutable",
            "inputs": [],
            "outputs": [
                {
                    "type": "bool"
                }
            ]
        },
        {
            "name": "pause",
            "onlyOwner": true,
            "mutability": "mutable",
            "inputs": [],
            "outputs": []
        },
        {
            "name": "unpause",
            "onlyOwner": true,
            "mutability": "mutable",
            "inputs": [],
            "outputs": []
        },
        {
            "name": "isPaused",
            "mutability": "readonly",
            "inputs": [],
            "outputs": [
                {
                    "type": "bool"
                }
            ]
        }
    ],
    "events": [
        {
            "identifier": "pauseContract",
            "inputs": []
        },
        {
            "identifier": "unpauseContract",
            "inputs": []
        }
    ],
    "dcdtAttributes": [],
    "hasCallback": false,
    "types": {}
}
