{
    "buildInfo": {
        "rustc": {
            "version": "1.80.1",
            "commitHash": "3f5fd8dd41153bc5fdca9427e9e05be2c767ba23",
            "commitDate": "2024-08-06",
            "channel": "Stable",
            "short": "rustc 1.80.1 (3f5fd8dd4 2024-08-06)"
        },
        "contractCrate": {
            "name": "factorial",
            "version": "0.0.0"
        },
        "framework": {
            "name": "dharitri-sc",
            "version": "0.52.3"
        }
    },
    "name": "Factorial",
    "constructor": {
        "inputs": [],
        "outputs": []
    },
    "upgradeConstructor": {
        "inputs": [],
        "outputs": []
    },
    "endpoints": [
        {
            "name": "factorial",
            "mutability": "mutable",
            "inputs": [
                {
                    "name": "value",
                    "type": "BigUint"
                }
            ],
            "outputs": [
                {
                    "type": "BigUint"
                }
            ]
        }
    ],
    "dcdtAttributes": [],
    "hasCallback": false,
    "types": {}
}
