{
    "name": "setup fees",
    "gasSchedule": "v3",
    "steps": [
        {
            "step": "setState",
            "accounts": {
                "address:owner": {
                    "nonce": "1",
                    "balance": "0"
                },
                "address:user1": {
                    "nonce": "0",
                    "balance": "0",
                    "dcdt": {
                        "str:USDC-aaaaaa": "500",
                        "str:WREWA-012345": "500"
                    }
                },
                "address:user2": {
                    "nonce": "0",
                    "balance": "0",
                    "dcdt": {
                        "str:WREWA-012345": "500",
                        "str:MFNFT-567890": {
                            "instances": [
                                {
                                    "nonce": "1",
                                    "balance": "1"
                                },
                                {
                                    "nonce": "2",
                                    "balance": "1"
                                },
                                {
                                    "nonce": "3",
                                    "balance": "1"
                                }
                            ]
                        }
                    }
                }
            },
            "newAddresses": [
                {
                    "creatorAddress": "address:owner",
                    "creatorNonce": "1",
                    "newAddress": "sc:dcdt-transfer-with-fee"
                }
            ]
        },
        {
            "step": "scDeploy",
            "id": "1",
            "tx": {
                "from": "address:owner",
                "contractCode": "drtsc:../output/dcdt-transfer-with-fee.drtsc.json",
                "arguments": [],
                "gasLimit": "5,000,000",
                "gasPrice": "0"
            },
            "expect": {
                "out": [],
                "status": "",
                "logs": "*",
                "gas": "*",
                "refund": "*"
            }
        },
        {
            "step": "checkState",
            "accounts": {
                "address:owner": {
                    "nonce": "2",
                    "balance": "0",
                    "storage": {}
                },
                "address:user1": {
                    "nonce": "0",
                    "balance": "0",
                    "dcdt": {
                        "str:USDC-aaaaaa": "500",
                        "str:WREWA-012345": "500"
                    }
                },
                "address:user2": {
                    "nonce": "0",
                    "balance": "0",
                    "dcdt": {
                        "str:MFNFT-567890": {
                            "instances": [
                                {
                                    "nonce": "1",
                                    "balance": "1"
                                },
                                {
                                    "nonce": "2",
                                    "balance": "1"
                                },
                                {
                                    "nonce": "3",
                                    "balance": "1"
                                }
                            ]
                        },
                        "str:WREWA-012345": "500"
                    }
                },
                "sc:dcdt-transfer-with-fee": {
                    "nonce": "0",
                    "storage": {},
                    "code": "drtsc:../output/dcdt-transfer-with-fee.drtsc.json",
                    "owner": "address:owner"
                }
            }
        }
    ]
}
