{
    "name": "2nd ticket bought by another account",
    "steps": [
        {
            "step": "externalSteps",
            "path": "buy-ticket.scen.json"
        },
        {
            "step": "setState",
            "accounts": {
                "address:acc2": {
                    "nonce": "0",
                    "balance": "1,000,000",
                    "storage": {},
                    "dcdt": {
                        "str:lottery_token": "100"
                    }
                }
            }
        },
        {
            "step": "scCall",
            "txId": "buy-ticket-2-another-account",
            "tx": {
                "from": "address:acc2",
                "to": "address:the_lottery_contract",
                "value": "0",
                "dcdtTokenName": "str:lottery_token",
                "dcdtValue": "100",
                "function": "buy_ticket",
                "arguments": [
                    "str:lottery_name"
                ],
                "gasLimit": "100,000,000",
                "gasPrice": "0"
            },
            "expect": {
                "status": "",
                "gas": "*",
                "refund": "*"
            }
        },
        {
            "step": "checkState",
            "accounts": {
                "address:my_address": {
                    "nonce": "2",
                    "balance": "1,000,000",
                    "storage": {}
                },
                "address:acc1": {
                    "nonce": "1",
                    "balance": "1,000,000",
                    "storage": {}
                },
                "address:acc2": {
                    "nonce": "1",
                    "balance": "1,000,000",
                    "storage": {}
                },
                "address:the_lottery_contract": {
                    "nonce": "0",
                    "balance": "0",
                    "storage": {
                        "''lotteryInfo|u32:12|''lottery_name": "u32:13|str:lottery_token|u32:1|u8:100|u32:0|u64:123,456|u32:800|u32:1|u8:100|u32:0|u32:2|u32:1|u8:200",
                        "''ticketHolder|u32:12|''lottery_name|0x00000000": "address:acc1",
                        "''ticketHolder|u32:12|''lottery_name|0x00000001": "address:acc2",
                        "''numberOfEntriesForUser|u32:12|''lottery_name|address:acc1": "1",
                        "''numberOfEntriesForUser|u32:12|''lottery_name|address:acc2": "1"
                    },
                    "dcdt": {
                        "str:lottery_token": "200"
                    },
                    "code": "file:../output/lottery-dcdt.wasm"
                }
            }
        }
    ]
}
