{
    "buildInfo": {
        "rustc": {
            "version": "1.76.0-nightly",
            "commitHash": "d86d65bbc19b928387f68427fcc3a0da498d8a19",
            "commitDate": "2023-12-10",
            "channel": "Nightly",
            "short": "rustc 1.76.0-nightly (d86d65bbc 2023-12-10)"
        },
        "contractCrate": {
            "name": "crypto-bubbles",
            "version": "0.0.0"
        },
        "framework": {
            "name": "dharitri-sc",
            "version": "0.47.0"
        }
    },
    "name": "CryptoBubbles",
    "constructor": {
        "docs": [
            "constructor function",
            "is called immediately after the contract is created"
        ],
        "inputs": [],
        "outputs": []
    },
    "endpoints": [
        {
            "docs": [
                "player adds funds"
            ],
            "name": "topUp",
            "mutability": "mutable",
            "payableInTokens": [
                "REWA"
            ],
            "inputs": [],
            "outputs": []
        },
        {
            "docs": [
                "player withdraws funds"
            ],
            "name": "withdraw",
            "mutability": "mutable",
            "inputs": [
                {
                    "name": "amount",
                    "type": "BigUint"
                }
            ],
            "outputs": []
        },
        {
            "name": "joinGame",
            "mutability": "mutable",
            "payableInTokens": [
                "REWA"
            ],
            "inputs": [
                {
                    "name": "game_index",
                    "type": "BigUint"
                }
            ],
            "outputs": []
        },
        {
            "name": "rewardWinner",
            "onlyOwner": true,
            "mutability": "mutable",
            "inputs": [
                {
                    "name": "game_index",
                    "type": "BigUint"
                },
                {
                    "name": "winner",
                    "type": "Address"
                },
                {
                    "name": "prize",
                    "type": "BigUint"
                }
            ],
            "outputs": []
        },
        {
            "name": "rewardAndSendToWallet",
            "mutability": "mutable",
            "inputs": [
                {
                    "name": "game_index",
                    "type": "BigUint"
                },
                {
                    "name": "winner",
                    "type": "Address"
                },
                {
                    "name": "prize",
                    "type": "BigUint"
                }
            ],
            "outputs": []
        },
        {
            "name": "balanceOf",
            "mutability": "readonly",
            "inputs": [
                {
                    "name": "player",
                    "type": "Address"
                }
            ],
            "outputs": [
                {
                    "type": "BigUint"
                }
            ]
        }
    ],
    "events": [
        {
            "identifier": "top_up",
            "inputs": [
                {
                    "name": "player",
                    "type": "Address",
                    "indexed": true
                },
                {
                    "name": "amount",
                    "type": "BigUint"
                }
            ]
        },
        {
            "identifier": "withdraw",
            "inputs": [
                {
                    "name": "player",
                    "type": "Address",
                    "indexed": true
                },
                {
                    "name": "amount",
                    "type": "BigUint"
                }
            ]
        },
        {
            "identifier": "player_joins_game",
            "inputs": [
                {
                    "name": "game_index",
                    "type": "BigUint",
                    "indexed": true
                },
                {
                    "name": "player",
                    "type": "Address",
                    "indexed": true
                },
                {
                    "name": "bet",
                    "type": "BigUint"
                }
            ]
        },
        {
            "identifier": "reward_winner",
            "inputs": [
                {
                    "name": "game_index",
                    "type": "BigUint",
                    "indexed": true
                },
                {
                    "name": "winner",
                    "type": "Address",
                    "indexed": true
                },
                {
                    "name": "prize",
                    "type": "BigUint"
                }
            ]
        }
    ],
    "dcdtAttributes": [],
    "hasCallback": false,
    "types": {}
}
