{
    "name": "buy ticket wrong fee",
    "steps": [
        {
            "step": "externalSteps",
            "path": "start-limited-tickets-and-fixed-deadline.scen.json"
        },
        {
            "step": "externalSteps",
            "path": "set_accounts.json"
        },
        {
            "step": "scCall",
            "txId": "buy-ticket",
            "tx": {
                "from": "address:acc1",
                "to": "address:the_lottery_contract",
                "value": "0",
                "function": "buy_ticket",
                "arguments": [
                    "str:lottery_name",
                    "200"
                ],
                "gasLimit": "100,000,000",
                "gasPrice": "0"
            },
            "expect": {
                "status": "4",
                "message": "str:Wrong ticket fee!",
                "gas": "*",
                "refund": "*"
            }
        },
        {
            "step": "checkState",
            "accounts": {
                "address:my_address": {
                    "nonce": "2",
                    "balance": "1,000,000",
                    "storage": {}
                },
                "address:acc1": {
                    "nonce": "1",
                    "balance": "1,000,000",
                    "storage": {}
                },
                "address:acc2": {
                    "nonce": "0",
                    "balance": "1,000,000",
                    "storage": {}
                },
                "address:the_lottery_contract": {
                    "nonce": "0",
                    "balance": "0",
                    "storage": {
                        "''lotteryInfo|u32:12|''lottery_name": "u32:1|u8:100|u32:2|u64:123,456|0xffffffff|u32:1|u8:100|u32:0|u32:0|u32:0|u32:0",
                        "''erc20_contract_address": "address:the_erc20_contract"
                    },
                    "code": "file:../output/lottery-erc20.wasm"
                },
                "address:the_erc20_contract": {
                    "nonce": "0",
                    "balance": "0",
                    "storage": {
                        "''balance|address:erc20_owner_address": "997,000,000",
                        "''balance|address:my_address": "1,000,000",
                        "''balance|address:acc1": "1,000,000",
                        "''balance|address:acc2": "1,000,000",
                        "''balance|address:the_lottery_contract": "0",
                        "''allowance|address:acc1|address:the_lottery_contract": "100",
                        "''allowance|address:acc2|address:the_lottery_contract": "100",
                        "''total_supply": "1,000,000,000"
                    },
                    "code": "file:../../simple-erc20/output/simple-erc20.wasm"
                },
                "address:erc20_owner_address": {
                    "nonce": "1",
                    "balance": "1,000,000",
                    "storage": {}
                }
            }
        }
    ]
}
