{
    "name": "try to determine winner too early",
    "steps": [
        {
            "step": "externalSteps",
            "path": "buy-ticket.scen.json"
        },
        {
            "step": "setState",
            "currentBlockInfo": {
                "blockNonce": "123,000"
            }
        },
        {
            "step": "scCall",
            "txId": "status-test",
            "tx": {
                "from": "address:my_address",
                "to": "address:the_lottery_contract",
                "value": "0",
                "function": "status",
                "arguments": [
                    "str:lottery_name"
                ],
                "gasLimit": "100,000,000",
                "gasPrice": "0"
            },
            "expect": {
                "status": "0",
                "out": [ "1" ],
                "gas": "*",
                "refund": "*"
            }
        },
        {
            "step": "scCall",
            "txId": "determine-winner-early",
            "tx": {
                "from": "address:my_address",
                "to": "address:the_lottery_contract",
                "value": "0",
                "function": "determine_winner",
                "arguments": [
                    "str:lottery_name"
                ],
                "gasLimit": "100,000,000",
                "gasPrice": "0"
            },
            "expect": {
                "status": "4",
                "message": "str:Lottery is still running!",
                "gas": "*",
                "refund": "*"
            }
        },
        {
            "step": "checkState",
            "accounts": {
                "address:my_address": {
                    "nonce": "4",
                    "balance": "1,000,000",
                    "storage": {}
                },
                "address:acc1": {
                    "nonce": "1",
                    "balance": "1,000,000",
                    "storage": {}
                },
                "address:acc2": {
                    "nonce": "0",
                    "balance": "1,000,000",
                    "storage": {}
                },
                "address:the_lottery_contract": {
                    "nonce": "0",
                    "balance": "0",
                    "storage": {
                        "''lotteryInfo|u32:12|''lottery_name": "u32:1|u8:100|u32:1|u64:123,456|0xffffffff|u32:1|u8:100|u32:0|u32:1|u32:1|u8:100|u32:0",
                        "''erc20_contract_address": "address:the_erc20_contract",
                        "''ticketHolder|u32:12|''lottery_name|0x00000000": "address:acc1",
                        "''numberOfEntriesForUser|u32:12|''lottery_name|address:acc1": "1"
                    },
                    "code": "file:../output/lottery-erc20.wasm"
                },
                "address:the_erc20_contract": {
                    "nonce": "0",
                    "balance": "0",
                    "storage": {
                        "''balance|address:erc20_owner_address": "997,000,000",
                        "''balance|address:my_address": "1,000,000",
                        "''balance|address:acc1": "999,900",
                        "''balance|address:acc2": "1,000,000",
                        "''balance|address:the_lottery_contract": "100",
                        "''allowance|address:acc1|address:the_lottery_contract": "0",
                        "''allowance|address:acc2|address:the_lottery_contract": "100",
                        "''total_supply": "1,000,000,000"
                    },
                    "code": "file:../../simple-erc20/output/simple-erc20.wasm"
                },
                "address:erc20_owner_address": {
                    "nonce": "1",
                    "balance": "1,000,000",
                    "storage": {}
                }
            }
        }
    ]
}
