{
    "name": "start with all options",
    "steps": [
        {
            "step": "externalSteps",
            "path": "lottery-init.scen.json"
        },
        {
            "step": "scCall",
            "txId": "start with all options",
            "tx": {
                "from": "address:my_address",
                "to": "address:the_lottery_contract",
                "value": "0",
                "function": "start",
                "arguments": [
                    "str:lottery_name",
                    "100",
                    "0x01|u32:5",
                    "0x01|u64:123,456",
                    "0x01|u32:1",
                    "0x01|u32:2|u8:75|u8:25",
                    "0x01|u32:5|address:acc1|address:acc2|address:acc3|address:acc4|address:acc5"
                ],
                "gasLimit": "100,000,000",
                "gasPrice": "0"
            },
            "expect": {
                "status": "",
                "gas": "*",
                "refund": "*"
            }
        },
        {
            "step": "setState",
            "accounts": {
                "address:acc3": {
                    "nonce": "0",
                    "balance": "1,000,000",
                    "storage": {}
                },
                "address:acc4": {
                    "nonce": "0",
                    "balance": "1,000,000",
                    "storage": {}
                },
                "address:acc5": {
                    "nonce": "0",
                    "balance": "1,000,000",
                    "storage": {}
                },
                "address:the_erc20_contract": {
                    "nonce": "0",
                    "balance": "0",
                    "storage": {
                        "''balance|address:erc20_owner_address": "994,000,000",
                        "''balance|address:my_address": "1,000,000",
                        "''balance|address:acc1": "1,000,000",
                        "''balance|address:acc2": "1,000,000",
                        "''balance|address:acc3": "1,000,000",
                        "''balance|address:acc4": "1,000,000",
                        "''balance|address:acc5": "1,000,000",
                        "''balance|address:the_lottery_contract": "0",
                        "''allowance|address:acc1|address:the_lottery_contract": "100",
                        "''allowance|address:acc2|address:the_lottery_contract": "100",
                        "''allowance|address:acc3|address:the_lottery_contract": "100",
                        "''allowance|address:acc4|address:the_lottery_contract": "100",
                        "''allowance|address:acc5|address:the_lottery_contract": "100",
                        "''total_supply": "1,000,000,000"
                    },
                    "code": "file:../../simple-erc20/output/simple-erc20.wasm"
                }
            }
        },
        {
            "step": "checkState",
            "accounts": {
                "address:my_address": {
                    "nonce": "2",
                    "balance": "1,000,000",
                    "storage": {}
                },
                "address:erc20_owner_address": {
                    "nonce": "1",
                    "balance": "1,000,000",
                    "storage": {}
                },
                "address:acc1": {
                    "nonce": "0",
                    "balance": "1,000,000",
                    "storage": {}
                },
                "address:acc2": {
                    "nonce": "0",
                    "balance": "1,000,000",
                    "storage": {}
                },
                "address:acc3": {
                    "nonce": "0",
                    "balance": "1,000,000",
                    "storage": {}
                },
                "address:acc4": {
                    "nonce": "0",
                    "balance": "1,000,000",
                    "storage": {}
                },
                "address:acc5": {
                    "nonce": "0",
                    "balance": "1,000,000",
                    "storage": {}
                },
                "address:the_lottery_contract": {
                    "nonce": "0",
                    "balance": "0",
                    "storage": {
                        "''lotteryInfo|u32:12|''lottery_name": "u32:1|u8:100|u32:5|u64:123,456|u32:1|u32:2|u8:75|u8:25|u32:5|address:acc1|address:acc2|address:acc3|address:acc4|address:acc5|u32:0|u32:0|u32:0",
                        "''erc20_contract_address": "address:the_erc20_contract"
                    },
                    "code": "file:../output/lottery-erc20.wasm"
                },
                "address:the_erc20_contract": {
                    "nonce": "0",
                    "balance": "0",
                    "storage": {
                        "''balance|address:erc20_owner_address": "994,000,000",
                        "''balance|address:my_address": "1,000,000",
                        "''balance|address:acc1": "1,000,000",
                        "''balance|address:acc2": "1,000,000",
                        "''balance|address:acc3": "1,000,000",
                        "''balance|address:acc4": "1,000,000",
                        "''balance|address:acc5": "1,000,000",
                        "''balance|address:the_lottery_contract": "00",
                        "''allowance|address:acc1|address:the_lottery_contract": "100",
                        "''allowance|address:acc2|address:the_lottery_contract": "100",
                        "''allowance|address:acc3|address:the_lottery_contract": "100",
                        "''allowance|address:acc4|address:the_lottery_contract": "100",
                        "''allowance|address:acc5|address:the_lottery_contract": "100",
                        "''total_supply": "1,000,000,000"
                    },
                    "code": "file:../../simple-erc20/output/simple-erc20.wasm"
                }
            }
        }
    ]
}
