{
    "name": "setup fees & transfer",
    "gasSchedule": "v3",
    "steps": [
        {
            "step": "externalSteps",
            "path": "deploy.scen.json"
        },
        {
            "step": "scCall",
            "txId": "3",
            "tx": {
                "from": "address:user1",
                "to": "sc:dcdt-transfer-with-fee",
                "dcdtValue": [
                    {
                        "tokenIdentifier": "str:USDC-aaaaaa",
                        "value": "100"
                    }
                ],
                "function": "transfer",
                "arguments": [
                    "address:user2"
                ],
                "gasLimit": "50,000,000",
                "gasPrice": "0"
            },
            "expect": {
                "out": [],
                "status": "0",
                "message": "",
                "logs": "*",
                "gas": "*",
                "refund": "*"
            }
        },
        {
            "step": "scCall",
            "txId": "4",
            "tx": {
                "from": "address:owner",
                "to": "sc:dcdt-transfer-with-fee",
                "function": "setPercentageFee",
                "arguments": [
                    "u32:1000",
                    "str:USDC-aaaaaa"
                ],
                "gasLimit": "5,000,000",
                "gasPrice": "0"
            },
            "expect": {
                "out": [],
                "status": "0",
                "message": "",
                "logs": "*",
                "gas": "*",
                "refund": "*"
            }
        },
        {
            "step": "scCall",
            "txId": "5",
            "tx": {
                "from": "address:owner",
                "to": "sc:dcdt-transfer-with-fee",
                "function": "setExactValueFee",
                "arguments": [
                    "str:USDC-aaaaaa",
                    "5",
                    "str:MFNFT-567890"
                ],
                "gasLimit": "50,000,000",
                "gasPrice": "0"
            },
            "expect": {
                "out": [],
                "status": "0",
                "message": "",
                "logs": "*",
                "gas": "*",
                "refund": "*"
            }
        },
        {
            "step": "scCall",
            "txId": "6",
            "tx": {
                "from": "address:user2",
                "to": "sc:dcdt-transfer-with-fee",
                "dcdtValue": [
                    {
                        "tokenIdentifier": "str:USDC-aaaaaa",
                        "value": "10"
                    },
                    {
                        "tokenIdentifier": "str:WREWA-012345",
                        "value": "100"
                    }
                ],
                "function": "transfer",
                "arguments": [
                    "address:owner"
                ],
                "gasLimit": "50,000,000",
                "gasPrice": "0"
            },
            "expect": {
                "out": [],
                "status": "0",
                "message": "",
                "logs": "*",
                "gas": "*",
                "refund": "*"
            }
        },
        {
            "step": "scCall",
            "txId": "7",
            "tx": {
                "from": "address:owner",
                "to": "sc:dcdt-transfer-with-fee",
                "function": "setExactValueFee",
                "arguments": [
                    "str:USDC-aaaaaa",
                    "10",
                    "str:WREWA-012345"
                ],
                "gasLimit": "50,000,000",
                "gasPrice": "0"
            },
            "expect": {
                "out": [],
                "status": "0",
                "message": "",
                "logs": "*",
                "gas": "*",
                "refund": "*"
            }
        },
        {
            "step": "scCall",
            "txId": "8",
            "tx": {
                "from": "address:user1",
                "to": "sc:dcdt-transfer-with-fee",
                "dcdtValue": [
                    {
                        "tokenIdentifier": "str:WREWA-012345",
                        "value": "2"
                    }
                ],
                "function": "transfer",
                "arguments": [
                    "address:user2"
                ],
                "gasLimit": "50,000,000",
                "gasPrice": "0"
            },
            "expect": {
                "out": [],
                "status": "4",
                "message": "str:Fee payment missing",
                "logs": "*",
                "gas": "*",
                "refund": "*"
            }
        },
        {
            "step": "scCall",
            "txId": "9",
            "tx": {
                "from": "address:user2",
                "to": "sc:dcdt-transfer-with-fee",
                "dcdtValue": [
                    {
                        "tokenIdentifier": "str:WREWA-012345",
                        "value": "100"
                    },
                    {
                        "tokenIdentifier": "str:USDC-aaaaaa",
                        "value": "1"
                    }
                ],
                "function": "transfer",
                "arguments": [
                    "address:owner"
                ],
                "gasLimit": "50,000,000",
                "gasPrice": "0"
            },
            "expect": {
                "out": [],
                "status": "4",
                "message": "str:Mismatching payment for covering fees",
                "logs": "*",
                "gas": "*",
                "refund": "*"
            }
        },
        {
            "step": "scCall",
            "txId": "10",
            "tx": {
                "from": "address:user2",
                "to": "sc:dcdt-transfer-with-fee",
                "dcdtValue": [
                    {
                        "tokenIdentifier": "str:MFNFT-567890",
                        "nonce": "1",
                        "value": "1"
                    },
                    {
                        "tokenIdentifier": "str:USDC-aaaaaa",
                        "value": "5"
                    },
                    {
                        "tokenIdentifier": "str:MFNFT-567890",
                        "nonce": "2",
                        "value": "1"
                    },
                    {
                        "tokenIdentifier": "str:USDC-aaaaaa",
                        "value": "5"
                    },
                    {
                        "tokenIdentifier": "str:USDC-aaaaaa",
                        "value": "20"
                    }
                ],
                "function": "transfer",
                "arguments": [
                    "address:user1"
                ],
                "gasLimit": "50,000,000",
                "gasPrice": "0"
            },
            "expect": {
                "out": [],
                "status": "0",
                "message": "",
                "logs": "*",
                "gas": "*",
                "refund": "*"
            }
        },
        {
            "step": "checkState",
            "accounts": {
                "address:owner": {
                    "nonce": "5",
                    "balance": "0",
                    "dcdt": {
                        "str:USDC-aaaaaa": "9",
                        "str:WREWA-012345": "100"
                    },
                    "storage": {}
                },
                "address:user1": {
                    "nonce": "2",
                    "balance": "0",
                    "dcdt": {
                        "str:MFNFT-567890": {
                            "instances": [
                                {
                                    "nonce": "1",
                                    "balance": "1"
                                },
                                {
                                    "nonce": "2",
                                    "balance": "1"
                                }
                            ]
                        },
                        "str:USDC-aaaaaa": "418",
                        "str:WREWA-012345": "500"
                    }
                },
                "address:user2": {
                    "nonce": "3",
                    "balance": "0",
                    "dcdt": {
                        "str:MFNFT-567890": {
                            "instances": [
                                {
                                    "nonce": "3",
                                    "balance": "1"
                                }
                            ]
                        },
                        "str:USDC-aaaaaa": "60",
                        "str:WREWA-012345": "400"
                    }
                },
                "sc:dcdt-transfer-with-fee": {
                    "nonce": "0",
                    "dcdt": {
                        "str:USDC-aaaaaa": {
                            "balance": "13"
                        }
                    },
                    "storage": {
                        "str:token_fee|nested:str:USDC-aaaaaa": "u8:2|u32:1000",
                        "str:token_fee|nested:str:MFNFT-567890": "u8:1|u8:0|nested:str:USDC-aaaaaa|u64:0|biguint:5",
                        "str:token_fee|nested:str:WREWA-012345": "u8:1|u8:0|nested:str:USDC-aaaaaa|u64:0|biguint:10",
                        "str:paid_fees.info": "u32:1|u32:1|u32:1|u32:1",
                        "str:paid_fees.node_links|u32:1": "u32:0|u32:0",
                        "str:paid_fees.node_id|nested:str:USDC-aaaaaa|u64:0": "1",
                        "str:paid_fees.value|u32:1": "nested:str:USDC-aaaaaa|u64:0",
                        "str:paid_fees.mapped|nested:str:USDC-aaaaaa|u64:0": "13"
                    },
                    "code": "file:../output/dcdt-transfer-with-fee.wasm",
                    "owner": "address:owner"
                }
            }
        }
    ]
}
