{
    "name": "ping in order to deposit funds",
    "gasSchedule": "v4",
    "steps": [
        {
            "step": "externalSteps",
            "path": "ping-pong-init.scen.json"
        },
        {
            "step": "setState",
            "currentBlockInfo": {
                "blockTimestamp": "781"
            }
        },
        {
            "step": "scCall",
            "tx": {
                "from": "address:participant1",
                "to": "sc:ping-pong",
                "value": "500,000,000,000",
                "function": "ping",
                "arguments": [],
                "gasLimit": "10,000,000",
                "gasPrice": "0"
            },
            "expect": {
                "status": "",
                "gas": "*",
                "refund": "*"
            }
        },
        {
            "step": "checkState",
            "accounts": {
                "address:my_address": {
                    "nonce": "*",
                    "balance": "1,000,000",
                    "storage": {}
                },
                "address:participant1": {
                    "nonce": "*",
                    "balance": "1,300,000,000,000",
                    "storage": {}
                },
                "address:participant2": {
                    "nonce": "*",
                    "balance": "2,500,000,000,000",
                    "storage": {}
                },
                "sc:ping-pong": {
                    "nonce": "0",
                    "balance": "500,000,000,000",
                    "storage": {
                        "str:pingAmount": "500,000,000,000",
                        "str:durationInSeconds": "123,000",
                        "str:acceptedPaymentTokenId": "str:REWA",
                        "str:userPingTimestamp|address:participant1": "781"
                    },
                    "code": "drtsc:../output/ping-pong.drtsc.json"
                }
            }
        }
    ]
}