{
    "name": "try to ping the wrong ammount of funds",
    "gasSchedule": "v4",
    "steps": [
        {
            "step": "externalSteps",
            "path": "ping-pong-init.scen.json"
        },
        {
            "step": "scCall",
            "tx": {
                "from": "address:participant1",
                "to": "sc:ping-pong",
                "value": "450,000,000,000",
                "function": "ping",
                "arguments": [],
                "gasLimit": "10,000,000",
                "gasPrice": "0"
            },
            "expect": {
                "status": "4",
                "message": "str:The payment must match the fixed ping amount",
                "gas": "*",
                "refund": "*"
            }
        }
    ]
}
