{
    "name": "call ping a second time",
    "gasSchedule": "v4",
    "steps": [
        {
            "step": "externalSteps",
            "path": "ping-pong-call-ping.scen.json"
        },
        {
            "step": "setState",
            "currentBlockInfo": {
                "blockTimestamp": "123,001"
            }
        },
        {
            "step": "scCall",
            "tx": {
                "from": "address:participant1",
                "to": "sc:ping-pong",
                "value": "500,000,000,000",
                "function": "ping",
                "arguments": [],
                "gasLimit": "10,000,000",
                "gasPrice": "0"
            },
            "expect": {
                "status": "4",
                "message": "str:Already pinged",
                "gas": "*",
                "refund": "*"
            }
        }
    ]
}
