{
    "buildInfo": {
        "rustc": {
            "version": "1.85.0",
            "commitHash": "4d91de4e48198da2e33413efdcd9cd2cc0c46688",
            "commitDate": "2025-02-17",
            "channel": "Stable",
            "short": "rustc 1.85.0 (4d91de4e4 2025-02-17)"
        },
        "contractCrate": {
            "name": "large-storage",
            "version": "0.0.0"
        },
        "framework": {
            "name": "dharitri-sc",
            "version": "0.54.2"
        }
    },
    "name": "LargeStorageBenchmark",
    "constructor": {
        "inputs": [],
        "outputs": []
    },
    "endpoints": [
        {
            "name": "saveStructure",
            "mutability": "mutable",
            "inputs": [
                {
                    "name": "field1",
                    "type": "bytes"
                },
                {
                    "name": "field2",
                    "type": "SampleEnum"
                },
                {
                    "name": "field3",
                    "type": "bytes"
                }
            ],
            "outputs": []
        },
        {
            "name": "savedStructure",
            "mutability": "readonly",
            "inputs": [],
            "outputs": [
                {
                    "type": "Structure"
                }
            ]
        }
    ],
    "dcdtAttributes": [],
    "hasCallback": false,
    "types": {
        "SampleEnum": {
            "type": "enum",
            "variants": [
                {
                    "name": "Value1",
                    "discriminant": 0
                },
                {
                    "name": "Value2",
                    "discriminant": 1
                }
            ]
        },
        "Structure": {
            "type": "struct",
            "fields": [
                {
                    "name": "field1",
                    "type": "bytes"
                },
                {
                    "name": "field2",
                    "type": "SampleEnum"
                },
                {
                    "name": "field3",
                    "type": "bytes"
                }
            ]
        }
    }
}
