{
    "name": "withdraw-dcdt",
    "steps": [
        {
            "step": "externalSteps",
            "path": "fund-rewa-and-dcdt.scen.json"
        },
        {
            "step": "setState",
            "comment": "set block",
            "currentBlockInfo": {
                "blockTimestamp": "511",
                "blockNonce": "15",
                "blockRound": "15",
                "blockEpoch": "0"
            }
        },
        {
            "step": "scCall",
            "txId": "withdraw-dcdt-1",
            "tx": {
                "from": "address:acc2",
                "to": "sc:the_digital_cash_contract",
                "function": "withdraw",
                "arguments": [
                    "0xe868c2baab2a20b612f1351da5945c52c60f5321c6cde572149db90c9e8fbfc8"
                ],
                "gasLimit": "500,000,000",
                "gasPrice": "0"
            },
            "expect": {
                "out": [],
                "status": "4",
                "message": "str:withdrawal has not been available yet",
                "logs": "*",
                "gas": "*",
                "refund": "*"
            }
        },
        {
            "step": "checkState",
            "accounts": {
                "sc:the_digital_cash_contract": {
                    "nonce": "0",
                    "balance": "1,000,000",
                    "dcdt": {
                        "str:CASHTOKEN-123456": "50"
                    },
                    "storage": {
                        "str:deposit|0x558fd9b0dd9fed3d3bed883d3b92907743362c56b9728392f84b261f1cc5ae0a": {
                            "1-amount": "biguint:1,000,000",
                            "2-depositor_address": "address:acc1",
                            "3-expiration_round": "u64:16",
                            "4-token_name": "nested:str:REWA",
                            "5-nonce": "u64:0"
                        },
                        "str:deposit|0xe868c2baab2a20b612f1351da5945c52c60f5321c6cde572149db90c9e8fbfc8": {
                            "1-amount": "biguint:50",
                            "2-depositor_address": "address:acc2",
                            "3-expiration_round": "u64:16",
                            "4-token_name": "nested:str:CASHTOKEN-123456",
                            "5-nonce": "u64:0"
                        }
                    },
                    "code": "file:../output/digital-cash.wasm"
                },
                "address:acc1": {
                    "nonce": "1",
                    "balance": "0",
                    "storage": {}
                },
                "address:acc2": {
                    "nonce": "2",
                    "balance": "1,000,000",
                    "dcdt": {
                        "str:CASHTOKEN-123456": "50"
                    },
                    "storage": {}
                },
                "address:digital_cash_owner_address": {
                    "nonce": "1",
                    "balance": "0",
                    "storage": {}
                }
            }
        },
        {
            "step": "scCall",
            "txId": "withdraw-dcdt-2",
            "tx": {
                "from": "address:acc2",
                "to": "sc:the_digital_cash_contract",
                "function": "withdraw",
                "arguments": [
                    "0xe868c2baab2a20b612f1351da5945c52c60f5321c6cde572149db90c9e8fbfc7"
                ],
                "gasLimit": "500,000,000",
                "gasPrice": "0"
            },
            "expect": {
                "out": [],
                "status": "4",
                "message": "str:non-existent key",
                "logs": "*",
                "gas": "*",
                "refund": "*"
            }
        },
        {
            "step": "setState",
            "comment": "set block",
            "currentBlockInfo": {
                "blockTimestamp": "511",
                "blockNonce": "300",
                "blockRound": "300",
                "blockEpoch": "1"
            }
        },
        {
            "step": "scCall",
            "txId": "withdraw-dcdt-3",
            "tx": {
                "from": "address:acc2",
                "to": "sc:the_digital_cash_contract",
                "function": "withdraw",
                "arguments": [
                    "0xe868c2baab2a20b612f1351da5945c52c60f5321c6cde572149db90c9e8fbfc8"
                ],
                "gasLimit": "500,000,000",
                "gasPrice": "0"
            },
            "expect": {
                "out": [],
                "status": "0",
                "message": "",
                "logs": "*",
                "gas": "*",
                "refund": "*"
            }
        },
        {
            "step": "checkState",
            "accounts": {
                "sc:the_digital_cash_contract": {
                    "nonce": "0",
                    "balance": "1,000,000",
                    "dcdt": {
                        "str:CASHTOKEN-123456": "0"
                    },
                    "storage": {
                        "str:deposit|0x558fd9b0dd9fed3d3bed883d3b92907743362c56b9728392f84b261f1cc5ae0a": {
                            "1-amount": "biguint:1,000,000",
                            "2-depositor_address": "address:acc1",
                            "3-expiration_round": "u64:16",
                            "4-token_name": "nested:str:REWA",
                            "5-nonce": "u64:0"
                        }
                    },
                    "code": "file:../output/digital-cash.wasm"
                },
                "address:acc1": {
                    "nonce": "1",
                    "balance": "0",
                    "storage": {}
                },
                "address:acc2": {
                    "nonce": "4",
                    "balance": "1,000,000",
                    "dcdt": {
                        "str:CASHTOKEN-123456": "100"
                    },
                    "storage": {}
                },
                "address:digital_cash_owner_address": {
                    "nonce": "1",
                    "balance": "0",
                    "storage": {}
                }
            }
        }
    ]
}
