{
    "name": "register, name taken",
    "steps": [
        {
            "step": "scCall",
            "txId": "try-register-coolname1075-same-user",
            "comment": "keccak256(coolname1075.numbat) also happens to end in 0x87, found using name-miner",
            "tx": {
                "from": "address:cool_address",
                "to": "sc:dns#f4",
                "value": "123,000",
                "function": "register",
                "arguments": [
                    "str:coolname1075.x"
                ],
                "gasLimit": "10,000,000",
                "gasPrice": "0"
            },
            "expect": {
                "out": [],
                "status": "0",
                "logs": "*",
                "gas": "*",
                "refund": "*"
            }
        },
        {
            "step": "scCall",
            "txId": "resolve-coolname0001-again",
            "tx": {
                "from": "address:viewer",
                "to": "sc:dns#f4",
                "value": "0",
                "function": "resolve",
                "arguments": [
                    "str:coolname1075.x"
                ],
                "gasLimit": "50,000,000",
                "gasPrice": "0"
            },
            "expect": {
                "out": [],
                "status": "",
                "logs": "*",
                "gas": "*",
                "refund": "*"
            }
        },
        {
            "step": "checkState",
            "accounts": {
                "address:cool_address": {
                    "nonce": "*",
                    "balance": "0",
                    "username": "str:coolname0001.x"
                },
                "sc:dns#af": {
                    "nonce": "*",
                    "balance": "0",
                    "storage": {
                        "''registration_cost": "123,000",
                        "''feat:register": "1",
                        "''value_state|keccak256:str:coolname0001.numbat": "u8:5|address:cool_address"
                    },
                    "code": "file:../output/dns.wasm"
                },
                "+": ""
            }
        }
    ]
}
