{
    "name": "set the sell functions to the deposited tokens & test fail buy before set price",
    "steps": [
        {
            "step": "externalSteps",
            "path": "deposit.scen.json"
        },
        {
            "step": "scCall",
            "tx": {
                "from": "address:artist2",
                "to": "sc:bonding-curve-contract",
                "function": "setBondingCurve",
                "arguments": [
                    "str:MFFT-12345",
                    "u8:0|biguint:1|biguint:1",
                    "1"
                ],
                "gasLimit": "50,000,000",
                "gasPrice": "0"
            },
            "expect": {
                "out": [],
                "status": "4",
                "message": "str:The price function can only be set by the seller.",
                "gas": "*",
                "refund": "*"
            }
        },
        {
            "step": "scCall",
            "tx": {
                "from": "address:artist1",
                "to": "sc:bonding-curve-contract",
                "function": "setBondingCurve",
                "arguments": [
                    "str:MFFT-12345",
                    "u8:0|biguint:1|biguint:1",
                    "1"
                ],
                "gasLimit": "50,000,000",
                "gasPrice": "0"
            },
            "expect": {
                "out": [],
                "status": "0",
                "gas": "*",
                "refund": "*"
            }
        },
        {
            "step": "scCall",
            "tx": {
                "from": "address:artist2",
                "to": "sc:bonding-curve-contract",
                "function": "setBondingCurve",
                "arguments": [
                    "str:MFSFT-24680",
                    "u8:0|biguint:0|biguint:1",
                    "0"
                ],
                "gasLimit": "50,000,000",
                "gasPrice": "0"
            },
            "expect": {
                "out": [],
                "status": "0",
                "gas": "*",
                "refund": "*"
            }
        },
        {
            "step": "scCall",
            "tx": {
                "from": "address:artist1",
                "to": "sc:bonding-curve-contract",
                "function": "setBondingCurve",
                "arguments": [
                    "str:MFNFT-67890",
                    "u8:1|biguint:1",
                    "1"
                ],
                "gasLimit": "50,000,000",
                "gasPrice": "0"
            },
            "expect": {
                "out": [],
                "status": "0",
                "gas": "*",
                "refund": "*"
            }
        },
        {
            "step": "checkState",
            "accounts": {
                "address:owner": {
                    "nonce": "1",
                    "balance": "0",
                    "storage": {}
                },
                "address:buyer1": {
                    "nonce": "0",
                    "balance": "0",
                    "dcdt": {
                        "str:REWA-12345": "200"
                    },
                    "storage": {}
                },
                "address:buyer2": {
                    "nonce": "0",
                    "balance": "0",
                    "dcdt": {
                        "str:REWA-12345": "20000"
                    },
                    "storage": {}
                },
                "address:artist1": {
                    "nonce": "11",
                    "balance": "0",
                    "dcdt": {
                        "str:MFNFT-67890": {
                            "instances": [
                                {
                                    "nonce": "1",
                                    "balance": "1"
                                },
                                {
                                    "nonce": "7",
                                    "balance": "1"
                                }
                            ]
                        },
                        "str:MFFT-12345": "300"
                    },
                    "storage": {}
                },
                "address:artist2": {
                    "nonce": "4",
                    "balance": "0",
                    "dcdt": {
                        "str:MFSFT-24680": {
                            "instances": [
                                {
                                    "nonce": "1",
                                    "balance": "0"
                                },
                                {
                                    "nonce": "2",
                                    "balance": "1000"
                                },
                                {
                                    "nonce": "17",
                                    "balance": "500"
                                }
                            ]
                        }
                    },
                    "storage": {}
                },
                "sc:bonding-curve-contract": {
                    "nonce": "0",
                    "balance": "0",
                    "dcdt": {
                        "str:MFFT-12345": "700",
                        "str:REWA-12345": "55",
                        "str:MFSFT-24680": {
                            "instances": [
                                {
                                    "nonce": "1",
                                    "balance": "2000"
                                },
                                {
                                    "nonce": "17",
                                    "balance": "500"
                                }
                            ]
                        },
                        "str:MFNFT-67899": {
                            "instances": [
                                {
                                    "nonce": "2"
                                },
                                {
                                    "nonce": "3"
                                },
                                {
                                    "nonce": "4"
                                },
                                {
                                    "nonce": "5"
                                },
                                {
                                    "nonce": "6"
                                },
                                {
                                    "nonce": "8"
                                },
                                {
                                    "nonce": "9"
                                }
                            ]
                        }
                    },
                    "storage": {
                        "str:bonding_curve|nested:str:MFFT-12345": "u8:0|biguint:1|biguint:1|biguint:700|biguint:700|u8:1|nested:str:REWA-12345|biguint:0",
                        "str:bonding_curve|nested:str:MFSFT-24680": "u8:0|biguint:0|biguint:1|biguint:2500|biguint:2500|u8:0|nested:str:REWA-12345|biguint:0",
                        "str:bonding_curve|nested:str:MFNFT-67890": "u8:1|biguint:1|biguint:7|biguint:7|u8:1|nested:str:REWA-12345|biguint:0",
                        "str:token_details|nested:str:MFFT-12345": "u32:1|u64:0|address:artist1",
                        "str:token_details|nested:str:MFSFT-24680": "u32:2|u64:1|u64:17|address:artist2",
                        "str:token_details|nested:str:MFNFT-67890": "u32:7|u64:2|u64:3|u64:4|u64:5|u64:6|u64:8|u64:9|address:artist1",
                        "str:nonce_amount|nested:str:MFFT-12345|u64:0": "700",
                        "str:nonce_amount|nested:str:MFSFT-24680|u64:1": "2000",
                        "str:nonce_amount|nested:str:MFSFT-24680|u64:17": "500",
                        "str:nonce_amount|nested:str:MFNFT-67890|u64:2": "1",
                        "str:nonce_amount|nested:str:MFNFT-67890|u64:3": "1",
                        "str:nonce_amount|nested:str:MFNFT-67890|u64:4": "1",
                        "str:nonce_amount|nested:str:MFNFT-67890|u64:5": "1",
                        "str:nonce_amount|nested:str:MFNFT-67890|u64:6": "1",
                        "str:nonce_amount|nested:str:MFNFT-67890|u64:8": "1",
                        "str:nonce_amount|nested:str:MFNFT-67890|u64:9": "1",
                        "str:owned_tokens|address:artist1|str:.info": "u32:2|u32:1|u32:2|u32:2",
                        "str:owned_tokens|address:artist1|str:.node_links|u32:1": "u32:0|u32:2",
                        "str:owned_tokens|address:artist1|str:.node_id|str:MFFT-12345": "1",
                        "str:owned_tokens|address:artist1|str:.value|u32:1": "str:MFFT-12345",
                        "str:owned_tokens|address:artist1|str:.node_links|u32:2": "u32:1|u32:0",
                        "str:owned_tokens|address:artist1|str:.node_id|str:MFNFT-67890": "2",
                        "str:owned_tokens|address:artist1|str:.value|u32:2": "str:MFNFT-67890",
                        "str:owned_tokens|address:artist2|str:.info": "u32:1|u32:1|u32:1|u32:1",
                        "str:owned_tokens|address:artist2|str:.node_links|u32:1": "u32:0|u32:0",
                        "str:owned_tokens|address:artist2|str:.node_id|str:MFSFT-24680": "1",
                        "str:owned_tokens|address:artist2|str:.value|u32:1": "str:MFSFT-24680"
                    },
                    "code": "file:../output/bonding-curve-contract.wasm"
                }
            }
        }
    ]
}
