{
    "name": "start 2nd with limited tickets and fixed deadline",
    "gasSchedule": "dummy",
    "steps": [
        {
            "step": "externalSteps",
            "path": "start-limited-tickets-and-fixed-deadline.scen.json"
        },
        {
            "step": "scCall",
            "id": "start 2nd limited tickets, fixed deadline",
            "tx": {
                "from": "address:acc1",
                "to": "sc:lottery",
                "function": "start",
                "arguments": [
                    "str:lottery_$$$$",
                    "str:LOTTO-123456",
                    "500",
                    "0x01|u32:5",
                    "0x01|u64:234,567",
                    "0x",
                    "0x",
                    "0x"
                ],
                "gasLimit": "100,000,000",
                "gasPrice": "0"
            },
            "expect": {
                "out": [],
                "status": "",
                "gas": "*",
                "refund": "*"
            }
        },
        {
            "step": "checkState",
            "accounts": {
                "address:my_address": {
                    "nonce": "2",
                    "balance": "1,000,000",
                    "storage": {}
                },
                "address:acc1": {
                    "nonce": "1",
                    "balance": "1,000,000",
                    "storage": {}
                },
                "address:acc2": {
                    "nonce": "0",
                    "balance": "1,000,000",
                    "storage": {}
                },
                "sc:lottery": {
                    "nonce": "0",
                    "balance": "0",
                    "storage": {
                        "str:lotteryInfo|nested:str:lottery_name": {
                            "0-token_identifier": "nested:str:LOTTERY-123456",
                            "1-ticket_price": "biguint:100",
                            "2-tickets-left": "u32:2",
                            "3-deadline": "u64:123,456",
                            "4-max_entries_per_user": "u32:800",
                            "5-prize_distribution": "nested:u8:100",
                            "6-prize_pool": "biguint:0"
                        },
                        "str:lotteryInfo|nested:str:lottery_$$$$": {
                            "0-token_identifier": "nested:str:LOTTO-123456",
                            "1-ticket_price": "biguint:500",
                            "2-tickets-left": "u32:5",
                            "3-deadline": "u64:234,567",
                            "4-max_entries_per_user": "u32:800",
                            "5-prize_distribution": "nested:u8:100",
                            "6-prize_pool": "biguint:0"
                        }
                    },
                    "code": "file:../output/lottery-dcdt.wasm"
                }
            }
        }
    ]
}
