{
    "buildInfo": {
        "rustc": {
            "version": "1.80.1",
            "commitHash": "3f5fd8dd41153bc5fdca9427e9e05be2c767ba23",
            "commitDate": "2024-08-06",
            "channel": "Stable",
            "short": "rustc 1.80.1 (3f5fd8dd4 2024-08-06)"
        },
        "contractCrate": {
            "name": "large-storage",
            "version": "0.0.0"
        },
        "framework": {
            "name": "dharitri-sc",
            "version": "0.52.3"
        }
    },
    "name": "LargeStorageBenchmark",
    "constructor": {
        "inputs": [],
        "outputs": []
    },
    "endpoints": [
        {
            "name": "saveStructure",
            "mutability": "mutable",
            "inputs": [
                {
                    "name": "field1",
                    "type": "bytes"
                },
                {
                    "name": "field2",
                    "type": "SampleEnum"
                },
                {
                    "name": "field3",
                    "type": "bytes"
                }
            ],
            "outputs": []
        },
        {
            "name": "savedStructure",
            "mutability": "readonly",
            "inputs": [],
            "outputs": [
                {
                    "type": "Structure"
                }
            ]
        }
    ],
    "dcdtAttributes": [],
    "hasCallback": false,
    "types": {
        "SampleEnum": {
            "type": "enum",
            "variants": [
                {
                    "name": "Value1",
                    "discriminant": 0
                },
                {
                    "name": "Value2",
                    "discriminant": 1
                }
            ]
        },
        "Structure": {
            "type": "struct",
            "fields": [
                {
                    "name": "field1",
                    "type": "bytes"
                },
                {
                    "name": "field2",
                    "type": "SampleEnum"
                },
                {
                    "name": "field3",
                    "type": "bytes"
                }
            ]
        }
    }
}
