{
    "name": "call pong all in order to send the funds back to everyone",
    "gasSchedule": "v3",
    "steps": [
        {
            "step": "scCall",
            "txId": "pong-all-complete",
            "tx": {
                "from": "address:participant1",
                "to": "sc:ping-pong",
                "function": "pongAll",
                "arguments": [],
                "gasLimit": "10,000,000",
                "gasPrice": "0"
            },
            "expect": {
                "out": [
                    "str:completed"
                ],
                "status": "0",
                "message": "",
                "gas": "*",
                "refund": "*"
            }
        },
        {
            "step": "checkState",
            "accounts": {
                "address:my_address": {
                    "nonce": "*",
                    "balance": "1,000,000",
                    "storage": {}
                },
                "address:participant1": {
                    "nonce": "*",
                    "balance": "1,800,000,000,000",
                    "storage": {}
                },
                "address:participant2": {
                    "nonce": "*",
                    "balance": "2,500,000,000,000",
                    "storage": {}
                },
                "sc:ping-pong": {
                    "nonce": "0",
                    "balance": "*",
                    "storage": {
                        "str:pingAmount": "500,000,000,000",
                        "str:activationTimestamp": "780",
                        "str:deadline": "123,780",
                        "str:user_address_to_id|address:participant1": "1",
                        "str:user_id_to_address|0x0000001": "address:participant1",
                        "str:userStatus|0x0000001": "2",
                        "str:user_address_to_id|address:participant2": "2",
                        "str:user_id_to_address|0x0000002": "address:participant2",
                        "str:userStatus|0x0000002": "2",
                        "str:user_count": "2"
                    },
                    "code": "file:../output/ping-pong-rewa.wasm"
                }
            }
        }
    ]
}
