{
    "networkProvider": {
        "type": "ProxyNetworkProvider",
        "url": "http://localhost:7950"
    },
    "users": {
        "individuals": [
            {
                "name": "whale",
                "pem": "~/numbatsdk/testwallets/latest/users/alice.pem"
            },
            {
                "name": "alice",
                "pem": "~/numbatsdk/testwallets/latest/users/alice.pem"
            },
            {
                "name": "bob",
                "pem": "~/numbatsdk/testwallets/latest/users/bob.pem"
            }
        ],
        "groups": [
            {
                "name": "friends",
                "folder": "~/numbatsdk/testwallets/latest/users"
            }
        ]
    }
}
