{
    "buildInfo": {
        "rustc": {
            "version": "1.85.0",
            "commitHash": "4d91de4e48198da2e33413efdcd9cd2cc0c46688",
            "commitDate": "2025-02-17",
            "channel": "Stable",
            "short": "rustc 1.85.0 (4d91de4e4 2025-02-17)"
        },
        "contractCrate": {
            "name": "order-book-factory",
            "version": "0.0.0"
        },
        "framework": {
            "name": "dharitri-sc",
            "version": "0.54.2"
        }
    },
    "name": "Factory",
    "constructor": {
        "inputs": [
            {
                "name": "pair_template_address",
                "type": "Address"
            }
        ],
        "outputs": []
    },
    "endpoints": [
        {
            "name": "createPair",
            "mutability": "mutable",
            "inputs": [
                {
                    "name": "token_id_pair",
                    "type": "TokenIdPair"
                }
            ],
            "outputs": [
                {
                    "type": "Address"
                }
            ]
        },
        {
            "name": "getPair",
            "mutability": "readonly",
            "inputs": [
                {
                    "name": "token_id_pair",
                    "type": "TokenIdPair"
                }
            ],
            "outputs": [
                {
                    "type": "Option<Address>"
                }
            ]
        }
    ],
    "dcdtAttributes": [],
    "hasCallback": false,
    "types": {
        "TokenIdPair": {
            "type": "struct",
            "fields": [
                {
                    "name": "first_token_id",
                    "type": "TokenIdentifier"
                },
                {
                    "name": "second_token_id",
                    "type": "TokenIdentifier"
                }
            ]
        }
    }
}
