{
    "name": "init accounts",
    "steps": [
        {
            "step": "setState",
            "accounts": {
                "address:owner": {
                    "nonce": "0",
                    "balance": "1,000,000,000,000,000,000,000,000,000,000",
                    "dcdt": {
                        "str:WREWA-abcdef": "5,000,000,000",
                        "str:ALC-abcdef": "5,000,000,000",
                        "str:BLC-abcdef": "5,000,000,000"
                    }
                },
                "address:user1": {
                    "nonce": "0",
                    "balance": "1,000,000,000,000,000,000,000,000,000,000",
                    "dcdt": {
                        "str:WREWA-abcdef": "5,000,000,000",
                        "str:ALC-abcdef": "5,000,000,000",
                        "str:BLC-abcdef": "5,000,000,000"
                    }
                },
                "address:user2": {
                    "nonce": "0",
                    "balance": "1,000,000,000,000,000,000,000,000,000,000",
                    "dcdt": {
                        "str:WREWA-abcdef": "5,000,000,000",
                        "str:ALC-abcdef": "5,000,000,000",
                        "str:BLC-abcdef": "5,000,000,000"
                    }
                },
                "address:user_with_lp": {
                    "nonce": "0",
                    "balance": "1,000,000,000,000,000,000,000,000,000,000",
                    "dcdt": {
                        "str:LPTOK-abcdef": "5,000,000,000"
                    }
                }
            }
        },
        {
            "step": "checkState",
            "accounts": {
                "address:owner": {
                    "nonce": "0",
                    "balance": "1,000,000,000,000,000,000,000,000,000,000",
                    "dcdt": {
                        "str:WREWA-abcdef": "5,000,000,000",
                        "str:ALC-abcdef": "5,000,000,000",
                        "str:BLC-abcdef": "5,000,000,000"
                    },
                    "storage": {
                        "+": ""
                    }
                },
                "address:user1": {
                    "nonce": "0",
                    "balance": "1,000,000,000,000,000,000,000,000,000,000",
                    "dcdt": {
                        "str:WREWA-abcdef": "5,000,000,000",
                        "str:ALC-abcdef": "5,000,000,000",
                        "str:BLC-abcdef": "5,000,000,000"
                    },
                    "storage": {
                        "+": ""
                    }
                },
                "address:user2": {
                    "nonce": "0",
                    "balance": "1,000,000,000,000,000,000,000,000,000,000",
                    "dcdt": {
                        "str:WREWA-abcdef": "5,000,000,000",
                        "str:ALC-abcdef": "5,000,000,000",
                        "str:BLC-abcdef": "5,000,000,000"
                    },
                    "storage": {
                        "+": ""
                    }
                },
                "address:user_with_lp": {
                    "nonce": "0",
                    "balance": "1,000,000,000,000,000,000,000,000,000,000",
                    "dcdt": {
                        "str:LPTOK-abcdef": "5,000,000,000"
                    },
                    "storage": {
                        "+": ""
                    }
                }
            }
        }
    ]
}
