{
    "buildInfo": {
        "rustc": {
            "version": "1.80.1",
            "commitHash": "3f5fd8dd41153bc5fdca9427e9e05be2c767ba23",
            "commitDate": "2024-08-06",
            "channel": "Stable",
            "short": "rustc 1.80.1 (3f5fd8dd4 2024-08-06)"
        },
        "contractCrate": {
            "name": "vec-repeat",
            "version": "0.0.0"
        },
        "framework": {
            "name": "dharitri-sc",
            "version": "0.52.3"
        }
    },
    "name": "VecRepeat",
    "constructor": {
        "inputs": [],
        "outputs": []
    },
    "endpoints": [
        {
            "name": "add",
            "mutability": "mutable",
            "inputs": [
                {
                    "name": "num_repeats",
                    "type": "u32"
                },
                {
                    "name": "value",
                    "type": "bytes"
                }
            ],
            "outputs": []
        },
        {
            "name": "count",
            "mutability": "mutable",
            "inputs": [
                {
                    "name": "value",
                    "type": "bytes"
                }
            ],
            "outputs": [
                {
                    "type": "u32"
                }
            ]
        },
        {
            "name": "remove",
            "mutability": "mutable",
            "inputs": [
                {
                    "name": "num_repeats",
                    "type": "u32"
                }
            ],
            "outputs": []
        },
        {
            "name": "bench",
            "mutability": "readonly",
            "inputs": [],
            "outputs": [
                {
                    "type": "variadic<bytes>",
                    "multi_result": true
                }
            ]
        },
        {
            "name": "add_struct",
            "mutability": "mutable",
            "inputs": [
                {
                    "name": "num_repeats",
                    "type": "u32"
                },
                {
                    "name": "value",
                    "type": "ExampleStruct"
                }
            ],
            "outputs": []
        },
        {
            "name": "count_struct",
            "mutability": "mutable",
            "inputs": [
                {
                    "name": "value",
                    "type": "ExampleStruct"
                }
            ],
            "outputs": [
                {
                    "type": "u32"
                }
            ]
        },
        {
            "name": "remove_struct",
            "mutability": "mutable",
            "inputs": [
                {
                    "name": "num_repeats",
                    "type": "u32"
                }
            ],
            "outputs": []
        },
        {
            "name": "bench_struct",
            "mutability": "readonly",
            "inputs": [],
            "outputs": [
                {
                    "type": "variadic<ExampleStruct>",
                    "multi_result": true
                }
            ]
        }
    ],
    "dcdtAttributes": [],
    "hasCallback": false,
    "types": {
        "ExampleStruct": {
            "type": "struct",
            "fields": [
                {
                    "name": "first_token_id",
                    "type": "TokenIdentifier"
                },
                {
                    "name": "first_token_nonce",
                    "type": "u64"
                },
                {
                    "name": "first_token_amount",
                    "type": "BigUint"
                },
                {
                    "name": "second_token_id",
                    "type": "TokenIdentifier"
                },
                {
                    "name": "second_token_nonce",
                    "type": "u64"
                },
                {
                    "name": "second_token_amount",
                    "type": "BigUint"
                }
            ]
        }
    }
}
