{
    "buildInfo": {
        "rustc": {
            "version": "1.76.0-nightly",
            "commitHash": "d86d65bbc19b928387f68427fcc3a0da498d8a19",
            "commitDate": "2023-12-10",
            "channel": "Nightly",
            "short": "rustc 1.76.0-nightly (d86d65bbc 2023-12-10)"
        },
        "contractCrate": {
            "name": "empty",
            "version": "0.0.0"
        },
        "framework": {
            "name": "dharitri-sc",
            "version": "0.48.0"
        }
    },
    "docs": [
        "An empty contract. To be used as a template when starting a new contract from scratch."
    ],
    "name": "EmptyContract",
    "constructor": {
        "inputs": [],
        "outputs": []
    },
    "endpoints": [
        {
            "name": "upgrade",
            "mutability": "mutable",
            "inputs": [],
            "outputs": []
        }
    ],
    "dcdtAttributes": [],
    "hasCallback": false,
    "types": {}
}
