{
    "name": "claim-dcdt",
    "steps": [
        {
            "step": "externalSteps",
            "path": "fund-rewa-and-dcdt.scen.json"
        },
        {
            "step": "scCall",
            "id": "claim2",
            "tx": {
                "from": "address:acc1",
                "to": "sc:the_digital_cash_contract",
                "function": "claim",
                "arguments": [
                    "0x287bd4010b50c24a02018345fe5171edf4182e6294325382c75ef4c4409f01bd",
                    "0xdd092ec3a8d971daede79da4e5c5c90d66af9f2209a6f6541affa00c46a72fc2596e4db1b1bb226ce76e50730733078ff74a79ff7d0d185054375e0989330600"
                ],
                "gasLimit": "500,000,000",
                "gasPrice": "0"
            },
            "expect": {
                "out": [],
                "status": "4",
                "message": "str:non-existent key",
                "logs": "*",
                "gas": "*",
                "refund": "*"
            }
        },
        {
            "step": "setState",
            "comment": "set block",
            "currentBlockInfo": {
                "blockTimestamp": "511",
                "blockNonce": "1555",
                "blockRound": "1555",
                "blockEpoch": "1"
            }
        },
        {
            "step": "scCall",
            "id": "claim3",
            "tx": {
                "from": "address:acc1",
                "to": "sc:the_digital_cash_contract",
                "function": "claim",
                "arguments": [
                    "0x487bd4010b50c24a02018345fe5171edf4182e6294325382c75ef4c4409f01bd",
                    "0xdd092ec3a8d971daede79da4e5c5c90d66af9f2209a6f6541affa00c46a72fc2596e4db1b1bb226ce76e50730733078ff74a79ff7d0d185054375e0989330600"
                ],
                "gasLimit": "500,000,000",
                "gasPrice": "0"
            },
            "expect": {
                "out": [],
                "status": "4",
                "message": "str:deposit expired",
                "logs": "*",
                "gas": "*",
                "refund": "*"
            }
        },
        {
            "step": "setState",
            "comment": "set block",
            "currentBlockInfo": {
                "blockTimestamp": "511",
                "blockNonce": "9",
                "blockRound": "9",
                "blockEpoch": "1"
            }
        },
        {
            "step": "scCall",
            "id": "claim4",
            "tx": {
                "from": "address:acc1",
                "to": "sc:the_digital_cash_contract",
                "function": "claim",
                "arguments": [
                    "0x487bd4010b50c24a02018345fe5171edf4182e6294325382c75ef4c4409f01bd",
                    "0x1dd092ec3a8d971daede79da4e5c5c90d66af9f2209a6f6541affa00c46a72fc2596e4db1b1bb226ce76e50730733078ff74a79ff7d0d185054375e0989330600"
                ],
                "gasLimit": "500,000,000",
                "gasPrice": "0"
            },
            "expect": {
                "out": [],
                "status": "4",
                "message": "str:argument decode error (signature): bad array length",
                "logs": "*",
                "gas": "*",
                "refund": "*"
            }
        },
        {
            "step": "scCall",
            "id": "claim5",
            "tx": {
                "from": "address:acc1",
                "to": "sc:the_digital_cash_contract",
                "function": "claim",
                "arguments": [
                    "0x487bd4010b50c24a02018345fe5171edf4182e6294325382c75ef4c4409f01bd",
                    "0xdd092ec3a8d971daede79da4e5c5c90d66af9f2209a6f6541affa00c46a72fc2596e4db1b1bb226ce76e50730733078ff74a79ff7d0d185054375e0989330600"
                ],
                "gasLimit": "500,000,000",
                "gasPrice": "0"
            },
            "expect": {
                "out": [],
                "status": "0",
                "message": "",
                "logs": "*",
                "gas": "*",
                "refund": "*"
            }
        },
        {
            "step": "checkState",
            "accounts": {
                "sc:the_digital_cash_contract": {
                    "nonce": "0",
                    "balance": "3,010",
                    "dcdt": {
                        "str:CASHTOKEN-112233": "50",
                        "str:CASHTOKEN-445566": "50",
                        "str:CASHTOKEN-778899": "50"
                    },
                    "storage": {
                        "str:deposit|0xdb474a3a065d3f0c0a62ae680ef6435e48eb482899d2ae30ff7a3a4b0ef19c60": {
                            "0-depositor_address": "address:acc1",
                            "1-dcdt_funds": "u32:0",
                            "2-rewa_funds": "biguint:1,000",
                            "3-valability": "u64:60",
                            "4-expiration_round": "u64:10",
                            "5-fees": {
                                "0-num_token_to_transfer": "u32:1",
                                "1-value": {
                                    "0-tokenIdentifier": "nested:str:REWA",
                                    "1-nonce": "u64:0",
                                    "2-amount": "biguint:1,000"
                                }
                            }
                        },
                        "str:deposit|0x885532043a061e0c779e4064b85193f72cffd22c5bcc208c209128e60f21bf0d": {
                            "0-depositor_address": "address:acc3",
                            "1-dcdt_funds": "u32:3|nested:str:CASHTOKEN-112233|u64:0|biguint:50|nested:str:CASHTOKEN-445566|u64:0|biguint:50|nested:str:CASHTOKEN-778899|u64:0|biguint:50",
                            "2-rewa_funds": "biguint:0",
                            "3-valability": "u64:100",
                            "4-expiration_round": "u64:16",
                            "5-fees": {
                                "0-num_token_to_transfer": "u32:3",
                                "1-value": {
                                    "0-tokenIdentifier": "nested:str:REWA",
                                    "1-nonce": "u64:0",
                                    "2-amount": "biguint:1,000"
                                }
                            }
                        },
                        "str:fee|nested:str:REWA": "10",
                        "str:whitelistedFeeTokens|str:.len": "1",
                        "str:whitelistedFeeTokens|str:.item|u32:1": "str:REWA",
                        "str:whitelistedFeeTokens|str:.index|nested:str:REWA": "1",
                        "str:allTimeFeeTokens|str:.len": "1",
                        "str:allTimeFeeTokens|str:.item|u32:1": "str:REWA",
                        "str:allTimeFeeTokens|str:.index|nested:str:REWA": "1",
                        "str:collectedFees|nested:str:REWA": "10"
                    },
                    "code": "file:../output/digital-cash.wasm"
                },
                "address:acc1": {
                    "nonce": "7",
                    "balance": "998,000",
                    "dcdt": {
                        "str:CASHTOKEN-123456": "50"
                    },
                    "storage": {}
                },
                "address:acc2": {
                    "nonce": "3",
                    "balance": "999,990",
                    "dcdt": {
                        "str:CASHTOKEN-123456": "50"
                    },
                    "storage": {}
                },
                "address:acc3": {
                    "nonce": "3",
                    "balance": "999,000",
                    "dcdt": {
                        "str:CASHTOKEN-112233": "50",
                        "str:CASHTOKEN-445566": "50",
                        "str:CASHTOKEN-778899": "50"
                    },
                    "storage": {}
                },
                "address:digital_cash_owner_address": {
                    "nonce": "1",
                    "balance": "0",
                    "storage": {}
                }
            }
        }
    ]
}
