{
    "name": "fund-rewa-dcdt",
    "steps": [
        {
            "step": "externalSteps",
            "path": "set-accounts.scen.json"
        },
        {
            "step": "scCall",
            "id": "fail-fund",
            "tx": {
                "from": "address:acc1",
                "to": "sc:the_digital_cash_contract",
                "rewaValue": "1,000",
                "function": "fund",
                "arguments": [
                    "0xdb474a3a065d3f0c0a62ae680ef6435e48eb482899d2ae30ff7a3a4b0ef19c60",
                    "u64:100"
                ],
                "gasLimit": "500,000,000",
                "gasPrice": "0"
            },
            "expect": {
                "out": [],
                "status": "4",
                "message": "str:fees not covered",
                "logs": "*",
                "gas": "*",
                "refund": "*"
            }
        },
        {
            "step": "scCall",
            "id": "deposit-fees-1",
            "tx": {
                "from": "address:acc1",
                "to": "sc:the_digital_cash_contract",
                "rewaValue": "1,000",
                "function": "depositFees",
                "arguments": [
                    "0xdb474a3a065d3f0c0a62ae680ef6435e48eb482899d2ae30ff7a3a4b0ef19c60"
                ],
                "gasLimit": "500,000,000",
                "gasPrice": "0"
            },
            "expect": {
                "out": [],
                "status": "0",
                "message": "",
                "logs": "*",
                "gas": "*",
                "refund": "*"
            }
        },
        {
            "step": "scCall",
            "id": "fund-1",
            "tx": {
                "from": "address:acc1",
                "to": "sc:the_digital_cash_contract",
                "rewaValue": "1,000",
                "function": "fund",
                "arguments": [
                    "0xdb474a3a065d3f0c0a62ae680ef6435e48eb482899d2ae30ff7a3a4b0ef19c60",
                    "u64:60"
                ],
                "gasLimit": "500,000,000",
                "gasPrice": "0"
            },
            "expect": {
                "out": [],
                "status": "0",
                "message": "",
                "logs": "*",
                "gas": "*",
                "refund": "*"
            }
        },
        {
            "step": "checkState",
            "accounts": {
                "sc:the_digital_cash_contract": {
                    "nonce": "0",
                    "balance": "2,000",
                    "storage": {
                        "str:deposit|0xdb474a3a065d3f0c0a62ae680ef6435e48eb482899d2ae30ff7a3a4b0ef19c60": {
                            "0-depositor_address": "address:acc1",
                            "1-dcdt_funds": "u32:0",
                            "2-rewa_funds": "biguint:1,000",
                            "3-valability": "u64:60",
                            "4-expiration_round": "u64:10",
                            "5-fees": {
                                "0-num_token_to_transfer": "u32:1",
                                "1-value": {
                                    "0-tokenIdentifier": "nested:str:REWA",
                                    "1-nonce": "u64:0",
                                    "2-amount": "biguint:1,000"
                                }
                            }
                        },
                        "str:fee|nested:str:REWA": "10",
                        "str:whitelistedFeeTokens|str:.len": "1",
                        "str:whitelistedFeeTokens|str:.item|u32:1": "str:REWA",
                        "str:whitelistedFeeTokens|str:.index|nested:str:REWA": "1",
                        "str:allTimeFeeTokens|str:.len": "1",
                        "str:allTimeFeeTokens|str:.item|u32:1": "str:REWA",
                        "str:allTimeFeeTokens|str:.index|nested:str:REWA": "1"
                    },
                    "code": "file:../output/digital-cash.wasm"
                },
                "address:acc1": {
                    "nonce": "3",
                    "balance": "998000",
                    "storage": {}
                },
                "address:acc2": {
                    "nonce": "0",
                    "balance": "1,000,000",
                    "dcdt": {
                        "str:CASHTOKEN-123456": "100"
                    },
                    "storage": {}
                },
                "address:acc3": {
                    "nonce": "0",
                    "balance": "1,000,000",
                    "dcdt": {
                        "str:CASHTOKEN-112233": "100",
                        "str:CASHTOKEN-445566": "100",
                        "str:CASHTOKEN-778899": "100"
                    },
                    "storage": {}
                },
                "address:digital_cash_owner_address": {
                    "nonce": "1",
                    "balance": "0",
                    "storage": {}
                }
            }
        },
        {
            "step": "scCall",
            "id": "deposit-fees-2",
            "tx": {
                "from": "address:acc2",
                "to": "sc:the_digital_cash_contract",
                "rewaValue": "1,000",
                "function": "depositFees",
                "arguments": [
                    "0x487bd4010b50c24a02018345fe5171edf4182e6294325382c75ef4c4409f01bd"
                ],
                "gasLimit": "500,000,000",
                "gasPrice": "0"
            },
            "expect": {
                "out": [],
                "status": "0",
                "message": "",
                "logs": "*",
                "gas": "*",
                "refund": "*"
            }
        },
        {
            "step": "scCall",
            "id": "fund-2",
            "tx": {
                "from": "address:acc2",
                "to": "sc:the_digital_cash_contract",
                "dcdtValue": [
                    {
                        "tokenIdentifier": "str:CASHTOKEN-123456",
                        "value": "50"
                    }
                ],
                "function": "fund",
                "arguments": [
                    "0x487bd4010b50c24a02018345fe5171edf4182e6294325382c75ef4c4409f01bd",
                    "u64:100"
                ],
                "gasLimit": "100,000,000",
                "gasPrice": "0"
            },
            "expect": {
                "out": [],
                "status": "",
                "message": "",
                "gas": "*",
                "refund": "*"
            }
        },
        {
            "step": "checkState",
            "accounts": {
                "sc:the_digital_cash_contract": {
                    "nonce": "0",
                    "balance": "3,000",
                    "dcdt": {
                        "str:CASHTOKEN-123456": "50"
                    },
                    "storage": {
                        "str:deposit|0xdb474a3a065d3f0c0a62ae680ef6435e48eb482899d2ae30ff7a3a4b0ef19c60": {
                            "0-depositor_address": "address:acc1",
                            "1-dcdt_funds": "u32:0",
                            "2-rewa_funds": "biguint:1,000",
                            "3-valability": "u64:60",
                            "4-expiration_round": "u64:10",
                            "5-fees": {
                                "0-num_token_to_transfer": "u32:1",
                                "1-value": {
                                    "0-tokenIdentifier": "nested:str:REWA",
                                    "1-nonce": "u64:0",
                                    "2-amount": "biguint:1,000"
                                }
                            }
                        },
                        "str:deposit|0x487bd4010b50c24a02018345fe5171edf4182e6294325382c75ef4c4409f01bd": {
                            "0-depositor_address": "address:acc2",
                            "1-dcdt_funds": "u32:1|nested:str:CASHTOKEN-123456|u64:0|biguint:50",
                            "2-rewa_funds": "biguint:0",
                            "3-valability": "u64:100",
                            "4-expiration_round": "u64:16",
                            "5-fees": {
                                "0-num_token_to_transfer": "u32:1",
                                "1-value": {
                                    "0-tokenIdentifier": "nested:str:REWA",
                                    "1-nonce": "u64:0",
                                    "2-amount": "biguint:1,000"
                                }
                            }
                        },
                        "str:fee|nested:str:REWA": "10",
                        "str:whitelistedFeeTokens|str:.len": "1",
                        "str:whitelistedFeeTokens|str:.item|u32:1": "str:REWA",
                        "str:whitelistedFeeTokens|str:.index|nested:str:REWA": "1",
                        "str:allTimeFeeTokens|str:.len": "1",
                        "str:allTimeFeeTokens|str:.item|u32:1": "str:REWA",
                        "str:allTimeFeeTokens|str:.index|nested:str:REWA": "1"
                    },
                    "code": "file:../output/digital-cash.wasm"
                },
                "address:acc1": {
                    "nonce": "3",
                    "balance": "998,000",
                    "storage": {}
                },
                "address:acc2": {
                    "nonce": "2",
                    "balance": "999,000",
                    "dcdt": {
                        "str:CASHTOKEN-123456": "50"
                    },
                    "storage": {}
                },
                "address:acc3": {
                    "nonce": "0",
                    "balance": "1,000,000",
                    "dcdt": {
                        "str:CASHTOKEN-112233": "100",
                        "str:CASHTOKEN-445566": "100",
                        "str:CASHTOKEN-778899": "100"
                    },
                    "storage": {}
                },
                "address:digital_cash_owner_address": {
                    "nonce": "1",
                    "balance": "0",
                    "storage": {}
                }
            }
        },
        {
            "step": "scCall",
            "id": "fund-fail-2",
            "tx": {
                "from": "address:acc2",
                "to": "sc:the_digital_cash_contract",
                "dcdtValue": [
                    {
                        "tokenIdentifier": "str:CASHTOKEN-123456",
                        "value": "10"
                    }
                ],
                "function": "fund",
                "arguments": [
                    "0x487bd4010b50c24a02018345fe5171edf4182e6294325382c75ef4c4409f01bd",
                    "u64:100"
                ],
                "gasLimit": "100,000,000",
                "gasPrice": "0"
            },
            "expect": {
                "out": [],
                "status": "4",
                "message": "str:key already used",
                "gas": "*",
                "refund": "*"
            }
        },
        {
            "step": "scCall",
            "id": "fund-fail-3",
            "tx": {
                "from": "address:acc3",
                "to": "sc:the_digital_cash_contract",
                "dcdtValue": [
                    {
                        "tokenIdentifier": "str:CASHTOKEN-112233",
                        "value": "50"
                    },
                    {
                        "tokenIdentifier": "str:CASHTOKEN-445566",
                        "value": "50"
                    },
                    {
                        "tokenIdentifier": "str:CASHTOKEN-778899",
                        "value": "50"
                    }
                ],
                "function": "fund",
                "arguments": [
                    "0x487bd4010b50c24a02018345fe5171edf4182e6294325382c75ef4c4409f01bd",
                    "u64:100"
                ],
                "gasLimit": "100,000,000",
                "gasPrice": "0"
            },
            "expect": {
                "out": [],
                "status": "4",
                "message": "str:invalid depositor",
                "gas": "*",
                "refund": "*"
            }
        },
        {
            "step": "scCall",
            "id": "deposit-fees-3",
            "tx": {
                "from": "address:acc3",
                "to": "sc:the_digital_cash_contract",
                "rewaValue": "1,000",
                "function": "depositFees",
                "arguments": [
                    "0x885532043a061e0c779e4064b85193f72cffd22c5bcc208c209128e60f21bf0d"
                ],
                "gasLimit": "500,000,000",
                "gasPrice": "0"
            },
            "expect": {
                "out": [],
                "status": "0",
                "message": "",
                "logs": "*",
                "gas": "*",
                "refund": "*"
            }
        },
        {
            "step": "scCall",
            "id": "fund-2",
            "tx": {
                "from": "address:acc3",
                "to": "sc:the_digital_cash_contract",
                "dcdtValue": [
                    {
                        "tokenIdentifier": "str:CASHTOKEN-112233",
                        "value": "50"
                    },
                    {
                        "tokenIdentifier": "str:CASHTOKEN-445566",
                        "value": "50"
                    },
                    {
                        "tokenIdentifier": "str:CASHTOKEN-778899",
                        "value": "50"
                    }
                ],
                "function": "fund",
                "arguments": [
                    "0x885532043a061e0c779e4064b85193f72cffd22c5bcc208c209128e60f21bf0d",
                    "u64:100"
                ],
                "gasLimit": "100,000,000",
                "gasPrice": "0"
            },
            "expect": {
                "out": [],
                "status": "",
                "message": "",
                "gas": "*",
                "refund": "*"
            }
        },
        {
            "step": "checkState",
            "accounts": {
                "sc:the_digital_cash_contract": {
                    "nonce": "0",
                    "balance": "4,000",
                    "dcdt": {
                        "str:CASHTOKEN-123456": "50",
                        "str:CASHTOKEN-112233": "50",
                        "str:CASHTOKEN-445566": "50",
                        "str:CASHTOKEN-778899": "50"
                    },
                    "storage": {
                        "str:deposit|0xdb474a3a065d3f0c0a62ae680ef6435e48eb482899d2ae30ff7a3a4b0ef19c60": {
                            "0-depositor_address": "address:acc1",
                            "1-dcdt_funds": "u32:0",
                            "2-rewa_funds": "biguint:1,000",
                            "3-valability": "u64:60",
                            "4-expiration_round": "u64:10",
                            "5-fees": {
                                "0-num_token_to_transfer": "u32:1",
                                "1-value": {
                                    "0-tokenIdentifier": "nested:str:REWA",
                                    "1-nonce": "u64:0",
                                    "2-amount": "biguint:1,000"
                                }
                            }
                        },
                        "str:deposit|0x487bd4010b50c24a02018345fe5171edf4182e6294325382c75ef4c4409f01bd": {
                            "0-depositor_address": "address:acc2",
                            "1-dcdt_funds": "u32:1|nested:str:CASHTOKEN-123456|u64:0|biguint:50",
                            "2-rewa_funds": "biguint:0",
                            "3-valability": "u64:100",
                            "4-expiration_round": "u64:16",
                            "5-fees": {
                                "0-num_token_to_transfer": "u32:1",
                                "1-value": {
                                    "0-tokenIdentifier": "nested:str:REWA",
                                    "1-nonce": "u64:0",
                                    "2-amount": "biguint:1,000"
                                }
                            }
                        },
                        "str:deposit|0x885532043a061e0c779e4064b85193f72cffd22c5bcc208c209128e60f21bf0d": {
                            "0-depositor_address": "address:acc3",
                            "1-dcdt_funds": "u32:3|nested:str:CASHTOKEN-112233|u64:0|biguint:50|nested:str:CASHTOKEN-445566|u64:0|biguint:50|nested:str:CASHTOKEN-778899|u64:0|biguint:50",
                            "2-rewa_funds": "biguint:0",
                            "3-valability": "u64:100",
                            "4-expiration_round": "u64:16",
                            "5-fees": {
                                "0-num_token_to_transfer": "u32:3",
                                "1-value": {
                                    "0-tokenIdentifier": "nested:str:REWA",
                                    "1-nonce": "u64:0",
                                    "2-amount": "biguint:1,000"
                                }
                            }
                        },
                        "str:fee|nested:str:REWA": "10",
                        "str:whitelistedFeeTokens|str:.len": "1",
                        "str:whitelistedFeeTokens|str:.item|u32:1": "str:REWA",
                        "str:whitelistedFeeTokens|str:.index|nested:str:REWA": "1",
                        "str:allTimeFeeTokens|str:.len": "1",
                        "str:allTimeFeeTokens|str:.item|u32:1": "str:REWA",
                        "str:allTimeFeeTokens|str:.index|nested:str:REWA": "1"
                    },
                    "code": "file:../output/digital-cash.wasm"
                },
                "address:acc1": {
                    "nonce": "3",
                    "balance": "998,000",
                    "storage": {}
                },
                "address:acc2": {
                    "nonce": "3",
                    "balance": "999,000",
                    "dcdt": {
                        "str:CASHTOKEN-123456": "50"
                    },
                    "storage": {}
                },
                "address:acc3": {
                    "nonce": "3",
                    "balance": "999,000",
                    "dcdt": {
                        "str:CASHTOKEN-112233": "50",
                        "str:CASHTOKEN-445566": "50",
                        "str:CASHTOKEN-778899": "50"
                    },
                    "storage": {}
                },
                "address:digital_cash_owner_address": {
                    "nonce": "1",
                    "balance": "0",
                    "storage": {}
                }
            }
        }
    ]
}
