{
    "name": "claiming successful crowdfunding",
    "steps": [
      {
        "step": "externalSteps",
        "path": "crowdfunding-fund.scen.json"
      },
      {
        "step": "setState",
        "accounts": {
            "address:donor2": {
              "nonce": "0",
              "balance": "1,000,000,000,000",
              "storage": {}
            }
          }
      },
      {
        "step": "scCall",
        "txId": "fund-2",
        "tx": {
            "from": "address:donor2",
            "to": "address:the_crowdfunding_contract",
            "value": "250,000,000,000",
            "function": "fund",
            "arguments": [],
            "gasLimit": "100,000,000",
            "gasPrice": "0"
        },
        "expect": {
            "status": "",
            "gas": "*",
            "refund": "*"
        }
      },
      {
        "step": "checkState",
        "accounts": {
          "address:my_address": {
            "nonce": "1",
            "balance": "1,000,000",
            "storage": {}
          },
          "address:donor1": {
            "nonce": "1",
            "balance": "150,000,000,000",
            "storage": {}
          },
          "address:donor2": {
            "nonce": "1",
            "balance": "750,000,000,000",
            "storage": {}
          },
          "address:the_crowdfunding_contract": {
            "nonce": "0",
            "balance": "500,000,000,000",
            "storage": {
              "''owner": "address:my_address",
              "''target": "500,000,000,000",
              "''deadline": "123,000",
              "''deposit|address:donor1": "250,000,000,000",
              "''deposit|address:donor2": "250,000,000,000"
            },
            "code": "file:../output/crowdfunding-rewa.wasm"
          }
        }
    },
    {
        "step": "setState",
        "currentBlockInfo": {
            "blockNonce": "123,001"
        }
    },
      {
        "step": "scCall",
        "txId": "claim-donor",
        "tx": {
            "from": "address:donor1",
            "to": "address:the_crowdfunding_contract",
            "value": "0",
            "function": "claim",
            "arguments": [],
            "gasLimit": "100,000,000",
            "gasPrice": "0"
        },
        "expect": {
            "message": "str:only owner can claim successful funding",
            "status": "4",
            "gas": "*",
            "refund": "*"
        }
      },
      {
        "step": "scCall",
        "txId": "claim-owner",
        "tx": {
            "from": "address:my_address",
            "to": "address:the_crowdfunding_contract",
            "value": "0",
            "function": "claim",
            "arguments": [],
            "gasLimit": "100,000,000",
            "gasPrice": "0"
        },
        "expect": {
            "status": "0",
            "gas": "*",
            "refund": "*"
        }
      },
      {
        "step": "checkState",
        "accounts": {
          "address:my_address": {
            "nonce": "2",
            "balance": "500,001,000,000",
            "storage": {}
          },
          "address:donor1": {
            "nonce": "2",
            "balance": "150,000,000,000",
            "storage": {}
          },
          "address:donor2": {
            "nonce": "1",
            "balance": "750,000,000,000",
            "storage": {}
          },
          "address:the_crowdfunding_contract": {
            "nonce": "0",
            "balance": "0",
            "storage": {
              "''owner": "address:my_address",
              "''target": "500,000,000,000",
              "''deadline": "123,000",
              "''deposit|address:donor1": "250,000,000,000",
              "''deposit|address:donor2": "250,000,000,000"
            },
            "code": "file:../output/crowdfunding-rewa.wasm"
          }
        }
    }
    ]
  }
