{
    "name": "crowdfunding funding",
    "steps": [
      {
        "step": "externalSteps",
        "path": "crowdfunding-init.scen.json"
      },
      {
        "step": "setState",
        "accounts": {
          "address:donor1": {
            "nonce": "0",
            "balance": "400,000,000,000",
            "storage": {}
          }
        }
      },
      {
        "step": "scCall",
        "txId": "fund-1",
        "tx": {
            "from": "address:donor1",
            "to": "address:the_crowdfunding_contract",
            "value": "250,000,000,000",
            "function": "fund",
            "arguments": [],
            "gasLimit": "100,000,000",
            "gasPrice": "0"
        },
        "expect": {
            "status": "",
            "gas": "*",
            "refund": "*"
        }
      },
      {
        "step": "checkState",
        "accounts": {
          "address:my_address": {
            "nonce": "1",
            "balance": "1,000,000",
            "storage": {}
          },
          "address:donor1": {
            "nonce": "1",
            "balance": "150,000,000,000",
            "storage": {}
          },
          "address:the_crowdfunding_contract": {
            "nonce": "0",
            "balance": "250,000,000,000",
            "storage": {
              "''owner": "address:my_address",
              "''target": "500,000,000,000",
              "''deadline": "123,000",
              "''deposit|address:donor1": "250,000,000,000"
            },
            "code": "file:../output/crowdfunding-rewa.wasm"
          }
        }
      }
    ]
  }
