{
    "name": "ping-pong deployment test",
    "gasSchedule": "v3",
    "steps": [
        {
            "step": "setState",
            "accounts": {
                "address:my_address": {
                    "nonce": "0",
                    "balance": "1,000,000"
                },
                "address:participant1": {
                    "nonce": "0",
                    "balance": "1,800,000,000,000"
                },
                "address:participant2": {
                    "nonce": "0",
                    "balance": "2,500,000,000,000"
                }
            },
            "newAddresses": [
                {
                    "creatorAddress": "address:my_address",
                    "creatorNonce": "0",
                    "newAddress": "sc:ping-pong"
                }
            ]
        },
        {
            "step": "scDeploy",
            "id": "deploy",
            "tx": {
                "from": "address:my_address",
                "contractCode": "drtsc:../output/ping-pong-rewa.drtsc.json",
                "arguments": [
                    "500,000,000,000",
                    "123,000",
                    "1|u64:780"
                ],
                "gasLimit": "10,000,000",
                "gasPrice": "0"
            },
            "expect": {
                "out": [],
                "status": "0",
                "gas": "*",
                "refund": "*"
            }
        },
        {
            "step": "checkState",
            "accounts": {
                "address:my_address": {
                    "nonce": "1",
                    "balance": "1,000,000",
                    "storage": {}
                },
                "address:participant1": {
                    "nonce": "0",
                    "balance": "1,800,000,000,000",
                    "storage": {}
                },
                "address:participant2": {
                    "nonce": "0",
                    "balance": "2,500,000,000,000",
                    "storage": {}
                },
                "sc:ping-pong": {
                    "nonce": "0",
                    "balance": "0",
                    "storage": {
                        "str:pingAmount": "500,000,000,000",
                        "str:activationTimestamp": "780",
                        "str:deadline": "123,780"
                    },
                    "code": "drtsc:../output/ping-pong-rewa.drtsc.json"
                }
            }
        }
    ]
}
