{
    "name": "activate nodes scenario",
    "gasSchedule": "v2",
    "steps": [
        {
            "step": "externalSteps",
            "path": "steps/init_accounts.steps.json"
        },
        {
            "step": "externalSteps",
            "path": "steps/deploy.steps.json"
        },
        {
            "step": "externalSteps",
            "path": "steps/add_nodes.steps.json"
        }, 
        {
            "step": "externalSteps",
            "path": "steps/stake_1.steps.json"
        }, 
        {
            "step": "externalSteps",
            "path": "steps/increase_cap.steps.json"
        },
        {
            "step": "externalSteps",
            "path": "steps/activate_nodes.steps.json"
        },
        {
            "step": "scCall",
            "txId": "unstake not active ",
            "tx": {
                "from": "address:node_address",
                "to": "sc:delegation",
                "value": "0",
                "function": "unStakeNodes",
                "arguments": [
                    "str:bls_key_6_______________________________________________________________________________________",
                    "str:bls_key_1_______________________________________________________________________________________"
                ],
                "gasLimit": "100,000,000",
                "gasPrice": "0"
            },
            "expect": {
                "out": [],
                "status": "4",
                "message":"str:node not active",
                "logs": "*",
                "gas": "*",
                "refund": "*"
            }
        },
        {
            "step": "scCall",
            "txId": "check-nodes_state-1",
            "tx": {
                "from": "address:someone",
                "to": "sc:delegation",
                "value": "0",
                "function": "getAllNodeStates",
                "arguments": [],
                "gasLimit": "100,000,000",
                "gasPrice": "0"
            },
            "expect": {
                "out": [
                    "str:bls_key_1_______________________________________________________________________________________", "7",
                    "str:bls_key_2_______________________________________________________________________________________", "3",
                    "str:bls_key_3_______________________________________________________________________________________", "3",
                    "str:bls_key_4_______________________________________________________________________________________", "7",
                    "str:bls_key_5_______________________________________________________________________________________", "0",
                    "str:bls_key_6_______________________________________________________________________________________", "3",
                    "str:bls_key_7_______________________________________________________________________________________", "7"
                ],
                "status": "",
                "logs": [],
                "gas": "*",
                "refund": "*"
            }
        },
        {
            "step": "scCall",
            "txId": "unstake active",
            "tx": {
                "from": "address:node_address",
                "to": "sc:delegation",
                "value": "0",
                "function": "unStakeNodes",
                "arguments": [
                    "str:bls_key_6_______________________________________________________________________________________"
                ],
                "gasLimit": "100,000,000",
                "gasPrice": "0"
            },
            "expect": {
                "out": [],
                "status": "",
                "logs": "*",
                "gas": "*",
                "refund": "*"
            }
        },
        {
            "step": "scCall",
            "txId": "check-nodes_state-2",
            "tx": {
                "from": "address:someone",
                "to": "sc:delegation",
                "value": "0",
                "function": "getAllNodeStates",
                "arguments": [],
                "gasLimit": "100,000,000",
                "gasPrice": "0"
            },
            "expect": {
                "out": [
                    "str:bls_key_1_______________________________________________________________________________________", "7",
                    "str:bls_key_2_______________________________________________________________________________________", "3",
                    "str:bls_key_3_______________________________________________________________________________________", "3",
                    "str:bls_key_4_______________________________________________________________________________________", "7",
                    "str:bls_key_5_______________________________________________________________________________________", "0",
                    "str:bls_key_6_______________________________________________________________________________________", "5",
                    "str:bls_key_7_______________________________________________________________________________________", "7"
                ],
                "status": "",
                "logs": [],
                "gas": "*",
                "refund": "*"
            }
        },
        {
            "step": "scCall",
            "txId": "unBond active",
            "tx": {
                "from": "address:node_address",
                "to": "sc:delegation",
                "value": "0",
                "function": "unBondNodes",
                "arguments": [
                    "str:bls_key_2_______________________________________________________________________________________"
                ],
                "gasLimit": "100,000,000",
                "gasPrice": "0"
            },
            "expect": {
                "out": [],
                "status": "4",
                "message": "str:node cannot be unbonded",
                "logs": "*",
                "gas": "*",
                "refund": "*"
            }
        },
        {
            "step": "scCall",
            "txId": "check-nodes_state-3",
            "tx": {
                "from": "address:someone",
                "to": "sc:delegation",
                "value": "0",
                "function": "getAllNodeStates",
                "arguments": [],
                "gasLimit": "100,000,000",
                "gasPrice": "0"
            },
            "expect": {
                "out": [
                    "str:bls_key_1_______________________________________________________________________________________", "7",
                    "str:bls_key_2_______________________________________________________________________________________", "3",
                    "str:bls_key_3_______________________________________________________________________________________", "3",
                    "str:bls_key_4_______________________________________________________________________________________", "7",
                    "str:bls_key_5_______________________________________________________________________________________", "0",
                    "str:bls_key_6_______________________________________________________________________________________", "5",
                    "str:bls_key_7_______________________________________________________________________________________", "7"
                ],
                "status": "",
                "logs": [],
                "gas": "*",
                "refund": "*"
            }
        },
        {
            "step": "scCall",
            "txId": "check-nodes_state-4",
            "tx": {
                "from": "address:someone",
                "to": "sc:delegation",
                "value": "0",
                "function": "getAllNodeStates",
                "arguments": [],
                "gasLimit": "100,000,000",
                "gasPrice": "0"
            },
            "expect": {
                "out": [
                    "str:bls_key_1_______________________________________________________________________________________", "7",
                    "str:bls_key_2_______________________________________________________________________________________", "3",
                    "str:bls_key_3_______________________________________________________________________________________", "3",
                    "str:bls_key_4_______________________________________________________________________________________", "7",
                    "str:bls_key_5_______________________________________________________________________________________", "0",
                    "str:bls_key_6_______________________________________________________________________________________", "5",
                    "str:bls_key_7_______________________________________________________________________________________", "7"
                ],
                "status": "",
                "logs": [],
                "gas": "*",
                "refund": "*"
            }
        },
        {
            "step": "setState",
            "comment": "block nonce for unbond, just in time",
            "currentBlockInfo": {
                "blockNonce": "61"
            }
        },
        {
            "step": "scCall",
            "txId": "unBond unStaked",
            "tx": {
                "from": "address:node_address",
                "to": "sc:delegation",
                "value": "0",
                "function": "unBondNodes",
                "arguments": [
                    "str:bls_key_6_______________________________________________________________________________________"
                ],
                "gasLimit": "100,000,000",
                "gasPrice": "0"
            },
            "expect": {
                "out": [],
                "status": "",
                "logs": "*",
                "gas": "*",
                "refund": "*"
            }
        },
        {
            "step": "scCall",
            "txId": "check-nodes_state-5",
            "tx": {
                "from": "address:someone",
                "to": "sc:delegation",
                "value": "0",
                "function": "getAllNodeStates",
                "arguments": [],
                "gasLimit": "100,000,000",
                "gasPrice": "0"
            },
            "expect": {
                "out": [
                    "str:bls_key_1_______________________________________________________________________________________", "7",
                    "str:bls_key_2_______________________________________________________________________________________", "3",
                    "str:bls_key_3_______________________________________________________________________________________", "3",
                    "str:bls_key_4_______________________________________________________________________________________", "7",
                    "str:bls_key_5_______________________________________________________________________________________", "0",
                    "str:bls_key_6_______________________________________________________________________________________", "0",
                    "str:bls_key_7_______________________________________________________________________________________", "7"
                ],
                "status": "",
                "logs": [],
                "gas": "*",
                "refund": "*"
            }
        },
        {
            "step": "checkState",
            "accounts": {
                "sc:auction": {
                    "nonce": "0",
                    "balance": "200,000,000,000,000",
                    "storage": "*",
                    "code": "file:../../auction-mock/output/auction-mock.wasm"
                },
                "+": ""
            }
        },
        {
            "step": "scCall",
            "txId": "unBond unStaked",
            "tx": {
                "from": "address:node_address",
                "to": "sc:delegation",
                "value": "0",
                "function": "unStakeNodes",
                "arguments": [
                    "str:bls_key_2_______________________________________________________________________________________"
                ],
                "gasLimit": "100,000,000",
                "gasPrice": "0"
            },
            "expect": {
                "out": [],
                "status": "",
                "logs": "*",
                "gas": "*",
                "refund": "*"
            }
        },
        {
            "step": "setState",
            "comment": "block nonce for unbond, just in time",
            "currentBlockInfo": {
                "blockNonce": "130"
            }
        },
        {
            "step": "scCall",
            "txId": "unBond unStaked",
            "tx": {
                "from": "address:node_address",
                "to": "sc:delegation",
                "value": "0",
                "function": "unStakeNodes",
                "arguments": [
                    "str:bls_key_3_______________________________________________________________________________________"
                ],
                "gasLimit": "100,000,000",
                "gasPrice": "0"
            },
            "expect": {
                "out": [],
                "status": "",
                "logs": "*",
                "gas": "*",
                "refund": "*"
            }
        },
        {
            "step": "scCall",
            "txId": "check-nodes_state-6",
            "tx": {
                "from": "address:someone",
                "to": "sc:delegation",
                "value": "0",
                "function": "getAllNodeStates",
                "arguments": [],
                "gasLimit": "100,000,000",
                "gasPrice": "0"
            },
            "expect": {
                "out": [
                    "str:bls_key_1_______________________________________________________________________________________", "7",
                    "str:bls_key_2_______________________________________________________________________________________", "5",
                    "str:bls_key_3_______________________________________________________________________________________", "5",
                    "str:bls_key_4_______________________________________________________________________________________", "7",
                    "str:bls_key_5_______________________________________________________________________________________", "0",
                    "str:bls_key_6_______________________________________________________________________________________", "0",
                    "str:bls_key_7_______________________________________________________________________________________", "7"
                ],
                "status": "",
                "logs": [],
                "gas": "*",
                "refund": "*"
            }
        },
        {
            "step": "scCall",
            "txId": "unBond all possible",
            "tx": {
                "from": "address:node_address",
                "to": "sc:delegation",
                "value": "0",
                "function": "unBondAllPossibleNodes",
                "arguments": [],
                "gasLimit": "100,000,000",
                "gasPrice": "0"
            },
            "expect": {
                "out": [],
                "status": "",
                "logs": "*",
                "gas": "*",
                "refund": "*"
            }
        },
        {
            "step": "scCall",
            "txId": "check-nodes_state-7",
            "tx": {
                "from": "address:someone",
                "to": "sc:delegation",
                "value": "0",
                "function": "getAllNodeStates",
                "arguments": [],
                "gasLimit": "100,000,000",
                "gasPrice": "0"
            },
            "expect": {
                "out": [
                    "str:bls_key_1_______________________________________________________________________________________", "7",
                    "str:bls_key_2_______________________________________________________________________________________", "0",
                    "str:bls_key_3_______________________________________________________________________________________", "0",
                    "str:bls_key_4_______________________________________________________________________________________", "7",
                    "str:bls_key_5_______________________________________________________________________________________", "0",
                    "str:bls_key_6_______________________________________________________________________________________", "0",
                    "str:bls_key_7_______________________________________________________________________________________", "7"
                ],
                "status": "",
                "logs": [],
                "gas": "*",
                "refund": "*"
            }
        },
        {
            "step": "checkState",
            "accounts": {
                "sc:auction": {
                    "nonce": "0",
                    "balance": "0",
                    "storage": "*",
                    "code": "file:../../auction-mock/output/auction-mock.wasm"
                },
                "+": ""
            }
        }
    ]
}
