{
    "buildInfo": {
        "rustc": {
            "version": "1.85.0",
            "commitHash": "4d91de4e48198da2e33413efdcd9cd2cc0c46688",
            "commitDate": "2025-02-17",
            "channel": "Stable",
            "short": "rustc 1.85.0 (4d91de4e4 2025-02-17)"
        },
        "contractCrate": {
            "name": "lottery-dcdt",
            "version": "0.0.0"
        },
        "framework": {
            "name": "dharitri-sc",
            "version": "0.53.0"
        }
    },
    "name": "Lottery",
    "constructor": {
        "inputs": [],
        "outputs": []
    },
    "endpoints": [
        {
            "name": "start",
            "mutability": "mutable",
            "inputs": [
                {
                    "name": "lottery_name",
                    "type": "bytes"
                },
                {
                    "name": "token_identifier",
                    "type": "RewaOrDcdtTokenIdentifier"
                },
                {
                    "name": "ticket_price",
                    "type": "BigUint"
                },
                {
                    "name": "opt_total_tickets",
                    "type": "Option<u32>"
                },
                {
                    "name": "opt_deadline",
                    "type": "Option<u64>"
                },
                {
                    "name": "opt_max_entries_per_user",
                    "type": "Option<u32>"
                },
                {
                    "name": "opt_prize_distribution",
                    "type": "Option<bytes>"
                },
                {
                    "name": "opt_whitelist",
                    "type": "Option<List<Address>>"
                },
                {
                    "name": "opt_burn_percentage",
                    "type": "optional<BigUint>",
                    "multi_arg": true
                }
            ],
            "outputs": [],
            "allow_multiple_var_args": true
        },
        {
            "name": "createLotteryPool",
            "mutability": "mutable",
            "inputs": [
                {
                    "name": "lottery_name",
                    "type": "bytes"
                },
                {
                    "name": "token_identifier",
                    "type": "RewaOrDcdtTokenIdentifier"
                },
                {
                    "name": "ticket_price",
                    "type": "BigUint"
                },
                {
                    "name": "opt_total_tickets",
                    "type": "Option<u32>"
                },
                {
                    "name": "opt_deadline",
                    "type": "Option<u64>"
                },
                {
                    "name": "opt_max_entries_per_user",
                    "type": "Option<u32>"
                },
                {
                    "name": "opt_prize_distribution",
                    "type": "Option<bytes>"
                },
                {
                    "name": "opt_whitelist",
                    "type": "Option<List<Address>>"
                },
                {
                    "name": "opt_burn_percentage",
                    "type": "optional<BigUint>",
                    "multi_arg": true
                }
            ],
            "outputs": [],
            "allow_multiple_var_args": true
        },
        {
            "name": "buy_ticket",
            "mutability": "mutable",
            "payableInTokens": [
                "*"
            ],
            "inputs": [
                {
                    "name": "lottery_name",
                    "type": "bytes"
                }
            ],
            "outputs": []
        },
        {
            "name": "determine_winner",
            "mutability": "mutable",
            "inputs": [
                {
                    "name": "lottery_name",
                    "type": "bytes"
                }
            ],
            "outputs": []
        },
        {
            "name": "status",
            "mutability": "readonly",
            "inputs": [
                {
                    "name": "lottery_name",
                    "type": "bytes"
                }
            ],
            "outputs": [
                {
                    "type": "Status"
                }
            ]
        },
        {
            "name": "getLotteryInfo",
            "mutability": "readonly",
            "inputs": [
                {
                    "name": "lottery_name",
                    "type": "bytes"
                }
            ],
            "outputs": [
                {
                    "type": "LotteryInfo"
                }
            ]
        },
        {
            "name": "getLotteryWhitelist",
            "mutability": "readonly",
            "inputs": [
                {
                    "name": "lottery_name",
                    "type": "bytes"
                }
            ],
            "outputs": [
                {
                    "type": "variadic<Address>",
                    "multi_result": true
                }
            ]
        }
    ],
    "dcdtAttributes": [],
    "hasCallback": false,
    "types": {
        "LotteryInfo": {
            "type": "struct",
            "fields": [
                {
                    "name": "token_identifier",
                    "type": "RewaOrDcdtTokenIdentifier"
                },
                {
                    "name": "ticket_price",
                    "type": "BigUint"
                },
                {
                    "name": "tickets_left",
                    "type": "u32"
                },
                {
                    "name": "deadline",
                    "type": "u64"
                },
                {
                    "name": "max_entries_per_user",
                    "type": "u32"
                },
                {
                    "name": "prize_distribution",
                    "type": "bytes"
                },
                {
                    "name": "prize_pool",
                    "type": "BigUint"
                }
            ]
        },
        "Status": {
            "type": "enum",
            "variants": [
                {
                    "name": "Inactive",
                    "discriminant": 0
                },
                {
                    "name": "Running",
                    "discriminant": 1
                },
                {
                    "name": "Ended",
                    "discriminant": 2
                }
            ]
        }
    }
}
