{
    "buildInfo": {
        "rustc": {
            "version": "1.87.0-nightly",
            "commitHash": "b74da9613a8cb5ba67a985f71325be0b7b16c0dd",
            "commitDate": "2025-03-06",
            "channel": "Nightly",
            "short": "rustc 1.87.0-nightly (b74da9613 2025-03-06)"
        },
        "contractCrate": {
            "name": "large-storage",
            "version": "0.0.0"
        },
        "framework": {
            "name": "dharitri-sc",
            "version": "1.0.1"
        }
    },
    "name": "LargeStorageBenchmark",
    "constructor": {
        "inputs": [],
        "outputs": []
    },
    "endpoints": [
        {
            "name": "saveStructure",
            "mutability": "mutable",
            "inputs": [
                {
                    "name": "field1",
                    "type": "bytes"
                },
                {
                    "name": "field2",
                    "type": "SampleEnum"
                },
                {
                    "name": "field3",
                    "type": "bytes"
                }
            ],
            "outputs": []
        },
        {
            "name": "savedStructure",
            "mutability": "readonly",
            "inputs": [],
            "outputs": [
                {
                    "type": "Structure"
                }
            ]
        }
    ],
    "dcdtAttributes": [],
    "hasCallback": false,
    "types": {
        "SampleEnum": {
            "type": "enum",
            "variants": [
                {
                    "name": "Value1",
                    "discriminant": 0
                },
                {
                    "name": "Value2",
                    "discriminant": 1
                }
            ]
        },
        "Structure": {
            "type": "struct",
            "fields": [
                {
                    "name": "field1",
                    "type": "bytes"
                },
                {
                    "name": "field2",
                    "type": "SampleEnum"
                },
                {
                    "name": "field3",
                    "type": "bytes"
                }
            ]
        }
    }
}
