{
    "name": "approve_SwitchCaller",
    "steps": [
        {
            "step": "setState",
            "accounts": {
                "0x82a978b3f5962a5b0957d9ee9eef472ee55b42f1000000000000000000000000": {
                    "nonce": "0",
                    "balance": "0xe8d4a51000",
                    "storage": {},
                    "code": ""
                },
                "``account_1_____________________s1": {
                    "nonce": "0",
                    "balance": "0xe8d4a51000",
                    "storage": {},
                    "code": ""
                },
                "``busd__________________________s1": {
                    "nonce": "0",
                    "balance": "0",
                    "storage": {
                        "``balance|``account_1_____________________s1": "0x2710",
                        "``total_supply": "0x2710"
                    },
                    "code": "file:../output/simple-erc20.wasm"
                }
            }
        },
        {
            "step": "scCall",
            "txId": "1",
            "tx": {
                "from": "``account_1_____________________s1",
                "to": "``busd__________________________s1",
                "value": "0",
                "function": "allowance",
                "arguments": [
                    "0x82a978b3f5962a5b0957d9ee9eef472ee55b42f1000000000000000000000000",
                    "``account_1_____________________s1"
                ],
                "gasLimit": "0x100000",
                "gasPrice": "0x01"
            },
            "expect": {
                "out": [ "0" ],
                "status": "",
                "logs": [],
                "gas": "*",
                "refund": "*"
            }
        },
        {
            "step": "scCall",
            "txId": "2",
            "tx": {
                "from": "0x82a978b3f5962a5b0957d9ee9eef472ee55b42f1000000000000000000000000",
                "to": "``busd__________________________s1",
                "value": "0",
                "function": "approve",
                "arguments": [
                    "``account_1_____________________s1",
                    "0x19"
                ],
                "gasLimit": "0x100000",
                "gasPrice": "0x01"
            },
            "expect": {
                "out": [],
                "status": "",
                "logs": [
                    {
                        "address": "``busd__________________________s1",
                        "identifier": "0x0000000000000000000000000000000000000000000000000000000000000002",
                        "topics": [
                            "0x82a978b3f5962a5b0957d9ee9eef472ee55b42f1000000000000000000000000",
                            "``account_1_____________________s1"
                        ],
                        "data": "0x19"
                    }
                ],
                "gas": "*",
                "refund": "*"
            }
        },
        {
            "step": "scCall",
            "txId": "3",
            "tx": {
                "from": "``account_1_____________________s1",
                "to": "``busd__________________________s1",
                "value": "0",
                "function": "allowance",
                "arguments": [
                    "0x82a978b3f5962a5b0957d9ee9eef472ee55b42f1000000000000000000000000",
                    "``account_1_____________________s1"
                ],
                "gasLimit": "0x100000",
                "gasPrice": "0x01"
            },
            "expect": {
                "out": [
                    "0x19"
                ],
                "status": "",
                "logs": [],
                "gas": "*",
                "refund": "*"
            }
        },
        {
            "step": "checkState",
            "accounts": {
                "0x82a978b3f5962a5b0957d9ee9eef472ee55b42f1000000000000000000000000": {
                    "nonce": "1",
                    "balance": "0xe8d4951000",
                    "storage": {},
                    "code": ""
                },
                "``account_1_____________________s1": {
                    "nonce": "2",
                    "balance": "0xe8d4851000",
                    "storage": {},
                    "code": ""
                },
                "``busd__________________________s1": {
                    "nonce": "0",
                    "balance": "0",
                    "storage": {
                        "``balance|``account_1_____________________s1": "0x2710",
                        "``allowance|0x82a978b3f5962a5b0957d9ee9eef472ee55b42f1000000000000000000000000|``account_1_____________________s1": "0x19",
                        "``total_supply": "0x2710"
                    },
                    "code": "file:../output/simple-erc20.wasm"
                }
            }
        }
    ]
}
