{
    "name": "auction token with custom start time",
    "gasSchedule": "v4",
    "steps": [
        {
            "step": "externalSteps",
            "path": "init.scen.json"
        },
        {
            "step": "setState",
            "comment": "set current block timestamp",
            "currentBlockInfo": {
                "blockTimestamp": "123,000"
            }
        },
        {
            "step": "scCall",
            "txId": "auctionToken custom start time",
            "comment": "arguments are: min_bid, max_bid, deadline, payment token. Nonce is skipped, since REWA has no nonce. Last arg is start time",
            "tx": {
                "from": "address:seller",
                "to": "sc:marketplace",
                "value": "0",
                "dcdt": {
                    "tokenIdentifier": "str:NFT-123456",
                    "nonce": "1",
                    "value": "1"
                },
                "function": "auctionToken",
                "arguments": [
                    "100",
                    "1,000",
                    "123,456",
                    "str:REWA",
                    "0",
                    "false",
                    "0",
                    "123,333"
                ],
                "gasLimit": "20,000,000",
                "gasPrice": "0"
            },
            "expect": {
                "status": "0",
                "message": "*",
                "out": [
                    "1"
                ],
                "gas": "*",
                "refund": "*"
            }
        },
        {
            "step": "checkState",
            "accounts": {
                "address:seller": {
                    "nonce": "1",
                    "balance": "0",
                    "dcdt": {
                        "str:NFT-123456": {
                            "instances": []
                        },
                        "str:SFT-123456": {
                            "instances": [
                                {
                                    "nonce": "1",
                                    "balance": "10",
                                    "creator": "address:nft_creator",
                                    "royalties": "2000"
                                }
                            ]
                        }
                    },
                    "storage": {}
                },
                "sc:marketplace": {
                    "nonce": "0",
                    "balance": "0",
                    "dcdt": {
                        "str:NFT-123456": {
                            "instances": [
                                {
                                    "nonce": "1",
                                    "balance": "1",
                                    "creator": "address:nft_creator",
                                    "royalties": "2000"
                                }
                            ]
                        }
                    },
                    "storage": {
                        "str:bidCutPercentage": "1000",
                        "str:lastValidAuctionId": "1",
                        "str:auctionById|u64:1": {
                            "00-auctioned_token": "nested:str:NFT-123456|u64:1",
                            "01-nr_auctioned_tokens": "biguint:1",
                            "02-auction_type": "u8:1",
                            "04-payment_token": "nested:str:REWA|u64:0",
                            "05-min_bid": "biguint:100",
                            "06-max_bid": "u8:1|biguint:1000",
                            "07-min_bid_diff": "biguint:0",
                            "08-start_time": "u64:123,333",
                            "09-deadline": "u64:123,456",
                            "10-original_owner": "address:seller",
                            "11-current_bid": "biguint:0",
                            "12-current_winner": "0x0000000000000000000000000000000000000000000000000000000000000000",
                            "13-marketplace_cut_percentage": "biguint:1000",
                            "14-creator_royalties_percentage": "biguint:2000"
                        }
                    },
                    "code": "file:../output/dcdt-nft-marketplace.wasm"
                },
                "+": {}
            }
        },
        {
            "step": "scCall",
            "txId": "bid before start time",
            "tx": {
                "from": "address:first_bidder",
                "to": "sc:marketplace",
                "value": "100",
                "function": "bid",
                "arguments": [
                    "1",
                    "str:NFT-123456",
                    "1"
                ],
                "gasLimit": "10,000,000",
                "gasPrice": "0"
            },
            "expect": {
                "status": "4",
                "message": "str:Auction hasn't started yet",
                "gas": "*",
                "refund": "*"
            }
        },
        {
            "step": "setState",
            "comment": "set current block timestamp after start time",
            "currentBlockInfo": {
                "blockTimestamp": "123,444"
            }
        },
        {
            "step": "scCall",
            "txId": "bid after start time",
            "tx": {
                "from": "address:first_bidder",
                "to": "sc:marketplace",
                "value": "100",
                "function": "bid",
                "arguments": [
                    "1",
                    "str:NFT-123456",
                    "1"
                ],
                "gasLimit": "15,000,000",
                "gasPrice": "0"
            },
            "expect": {
                "status": "0",
                "message": "",
                "gas": "*",
                "refund": "*"
            }
        },
        {
            "step": "checkState",
            "accounts": {
                "address:first_bidder": {
                    "nonce": "2",
                    "balance": "900",
                    "storage": {}
                },
                "sc:marketplace": {
                    "nonce": "0",
                    "balance": "100",
                    "dcdt": {
                        "str:NFT-123456": {
                            "instances": [
                                {
                                    "nonce": "1",
                                    "balance": "1",
                                    "creator": "address:nft_creator",
                                    "royalties": "2000"
                                }
                            ]
                        }
                    },
                    "storage": {
                        "str:bidCutPercentage": "1000",
                        "str:lastValidAuctionId": "1",
                        "str:auctionById|u64:1": {
                            "00-auctioned_token": "nested:str:NFT-123456|u64:1",
                            "01-nr_auctioned_tokens": "biguint:1",
                            "02-auction_type": "u8:1",
                            "04-payment_token": "nested:str:REWA|u64:0",
                            "05-min_bid": "biguint:100",
                            "06-max_bid": "u8:1|biguint:1000",
                            "07-min_bid_diff": "biguint:0",
                            "08-start_time": "u64:123,333",
                            "09-deadline": "u64:123,456",
                            "10-original_owner": "address:seller",
                            "11-current_bid": "biguint:100",
                            "12-current_winner": "address:first_bidder",
                            "13-marketplace_cut_percentage": "biguint:1000",
                            "14-creator_royalties_percentage": "biguint:2000"
                        }
                    },
                    "code": "file:../output/dcdt-nft-marketplace.wasm"
                },
                "+": {}
            }
        }
    ]
}
