{
    "name": "end auction by reaching the deadline",
    "gasSchedule": "v4",
    "steps": [
        {
            "step": "externalSteps",
            "path": "bid_sft_sell_all_second.scen.json"
        },
        {
            "step": "setState",
            "comment": "set current block timestamp",
            "currentBlockInfo": {
                "blockTimestamp": "234,567"
            }
        },
        {
            "step": "scCall",
            "txId": "auction end deadline",
            "comment": "owner, creator and seller will receive part of the final bid",
            "tx": {
                "from": "address:second_bidder",
                "to": "sc:marketplace",
                "value": "0",
                "function": "endAuction",
                "arguments": [
                    "1"
                ],
                "gasLimit": "12,000,000",
                "gasPrice": "0"
            },
            "expect": {
                "status": "0",
                "message": "",
                "gas": "*",
                "refund": "*"
            }
        },
        {
            "step": "checkState",
            "accounts": {
                "address:owner": {
                    "nonce": "1",
                    "balance": "20",
                    "storage": {}
                },
                "address:nft_creator": {
                    "nonce": "0",
                    "balance": "40",
                    "dcdt": {
                        "str:NFT-123456": {
                            "roles": [
                                "DCDTRoleNFTCreate"
                            ]
                        }
                    },
                    "storage": {}
                },
                "address:seller": {
                    "nonce": "1",
                    "balance": "140",
                    "dcdt": {
                        "str:NFT-123456": {
                            "instances": [
                                {
                                    "nonce": "1",
                                    "balance": "1",
                                    "creator": "address:nft_creator",
                                    "royalties": "2000"
                                }
                            ]
                        }
                    },
                    "storage": {}
                },
                "address:first_bidder": {
                    "nonce": "1",
                    "balance": "1000",
                    "storage": {}
                },
                "address:second_bidder": {
                    "nonce": "2",
                    "balance": "800",
                    "dcdt": {
                        "str:SFT-123456": {
                            "instances": [
                                {
                                    "nonce": "1",
                                    "balance": "10",
                                    "creator": "address:nft_creator",
                                    "royalties": "2000"
                                }
                            ]
                        }
                    },
                    "storage": {}
                },
                "sc:marketplace": {
                    "nonce": "0",
                    "balance": "0",
                    "storage": {
                        "str:bidCutPercentage": "1000",
                        "str:lastValidAuctionId": "1",
                        "str:auctionById|nested:str:NFT-123456|u64:1": ""
                    },
                    "code": "file:../output/dcdt-nft-marketplace.wasm"
                },
                "+": {}
            }
        }
    ]
}
