{
    "name": "first bid",
    "gasSchedule": "v4",
    "steps": [
        {
            "step": "externalSteps",
            "path": "auction_sft_sell_one_by_one.scen.json"
        },
        {
            "step": "scCall",
            "txId": "buy-sft-multiple",
            "tx": {
                "from": "address:first_bidder",
                "to": "sc:marketplace",
                "value": "500",
                "function": "buySft",
                "arguments": [
                    "1",
                    "str:SFT-123456",
                    "1",
                    "5"
                ],
                "gasLimit": "15,000,000",
                "gasPrice": "0"
            },
            "expect": {
                "status": "0",
                "message": "",
                "gas": "*",
                "refund": "*"
            }
        },
        {
            "step": "checkState",
            "accounts": {
                "address:owner": {
                    "nonce": "1",
                    "balance": "50",
                    "storage": {}
                },
                "address:nft_creator": {
                    "nonce": "0",
                    "balance": "100",
                    "dcdt": {
                        "str:NFT-123456": {
                            "roles": [
                                "DCDTRoleNFTCreate"
                            ]
                        }
                    },
                    "storage": {}
                },
                "address:seller": {
                    "nonce": "1",
                    "balance": "350",
                    "dcdt": {
                        "str:NFT-123456": {
                            "instances": [
                                {
                                    "nonce": "1",
                                    "balance": "1",
                                    "creator": "address:nft_creator",
                                    "royalties": "2000"
                                }
                            ]
                        }
                    },
                    "storage": {}
                },
                "address:first_bidder": {
                    "nonce": "*",
                    "balance": "500",
                    "dcdt": {
                        "str:SFT-123456": {
                            "instances": [
                                {
                                    "nonce": "1",
                                    "balance": "5",
                                    "creator": "address:nft_creator",
                                    "royalties": "2000"
                                }
                            ]
                        }
                    },
                    "storage": {}
                },
                "address:second_bidder": {
                    "nonce": "*",
                    "balance": "1000",
                    "storage": {}
                },
                "sc:marketplace": {
                    "nonce": "0",
                    "balance": "0",
                    "dcdt": {
                        "str:SFT-123456": {
                            "instances": [
                                {
                                    "nonce": "1",
                                    "balance": "5",
                                    "creator": "address:nft_creator",
                                    "royalties": "2000"
                                }
                            ]
                        }
                    },
                    "storage": {
                        "str:bidCutPercentage": "1000",
                        "str:lastValidAuctionId": "1",
                        "str:auctionById|u64:1": {
                            "00-auctioned_token": "nested:str:SFT-123456|u64:1",
                            "01-nr_auctioned_tokens": "biguint:5",
                            "02-auction_type": "u8:3",
                            "04-payment_token": "nested:str:REWA|u64:0",
                            "05-min_bid": "biguint:100",
                            "06-max_bid": "u8:1|biguint:100",
                            "07-min_bid_diff": "biguint:0",
                            "08-start_time": "u64:123,000",
                            "09-deadline": "u64:123,456",
                            "10-original_owner": "address:seller",
                            "11-current_bid": "biguint:500",
                            "12-current_winner": "address:first_bidder",
                            "13-marketplace_cut_percentage": "biguint:1000",
                            "14-creator_royalties_percentage": "biguint:2000"
                        }
                    },
                    "code": "file:../output/dcdt-nft-marketplace.wasm"
                },
                "+": {}
            }
        }
    ]
}
