{
    "name": "first bid",
    "gasSchedule": "v4",
    "steps": [
        {
            "step": "externalSteps",
            "path": "auction_token.scen.json"
        },
        {
            "step": "setState",
            "accounts": {
                "address:first_bidder": {
                    "nonce": "0",
                    "balance": "1000",
                    "dcdt": {
                        "str:RIDE-123456": "1000",
                        "str:MOA-123456": "1000"
                    }
                }
            }
        },
        {
            "step": "scCall",
            "txId": "withdraw token",
            "tx": {
                "from": "address:seller",
                "to": "sc:marketplace",
                "value": "0",
                "function": "withdraw",
                "arguments": [
                    "1"
                ],
                "gasLimit": "15,000,000",
                "gasPrice": "0"
            },
            "expect": {
                "status": "0",
                "message": "",
                "gas": "*",
                "refund": "*"
            }
        },
        {
            "step": "scCall",
            "txId": "whitelist_token",
            "tx": {
                "from": "address:owner",
                "to": "sc:marketplace",
                "value": "0",
                "function": "addTokensToWhitelist",
                "arguments": [
                    "str:RIDE-123456"
                ],
                "gasLimit": "15,000,000",
                "gasPrice": "0"
            },
            "expect": {
                "status": "0",
                "message": "",
                "gas": "*",
                "refund": "*"
            }
        },
        {
            "step": "scCall",
            "txId": "auctionToken error - accepted payment token DCDT not whitelisted",
            "comment": "arguments are: min_bid, max_bid, deadline, payment token.",
            "tx": {
                "from": "address:seller",
                "to": "sc:marketplace",
                "value": "0",
                "dcdt": {
                    "tokenIdentifier": "str:NFT-123456",
                    "nonce": "1",
                    "value": "1"
                },
                "function": "auctionToken",
                "arguments": [
                    "100",
                    "1,000",
                    "123,456",
                    "str:MOA-123456"
                ],
                "gasLimit": "20,000,000",
                "gasPrice": "0"
            },
            "expect": {
                "status": "4",
                "message": "str:Token is not whitelisted",
                "gas": "*",
                "refund": "*"
            }
        },
        {
            "step": "scCall",
            "txId": "auctionToken error - accepted payment token REWA not whitelisted",
            "comment": "arguments are: min_bid, max_bid, deadline, payment token. Nonce is skipped, since REWA has no nonce",
            "tx": {
                "from": "address:seller",
                "to": "sc:marketplace",
                "value": "0",
                "dcdt": {
                    "tokenIdentifier": "str:NFT-123456",
                    "nonce": "1",
                    "value": "1"
                },
                "function": "auctionToken",
                "arguments": [
                    "100",
                    "1,000",
                    "123,456",
                    "str:REWA"
                ],
                "gasLimit": "20,000,000",
                "gasPrice": "0"
            },
            "expect": {
                "status": "4",
                "message": "str:Token is not whitelisted",
                "gas": "*",
                "refund": "*"
            }
        },
        {
            "step": "scCall",
            "txId": "auctionToken succes",
            "comment": "arguments are: min_bid, max_bid, deadline, payment token. Nonce is skipped, since REWA has no nonce",
            "tx": {
                "from": "address:seller",
                "to": "sc:marketplace",
                "value": "0",
                "dcdt": {
                    "tokenIdentifier": "str:NFT-123456",
                    "nonce": "1",
                    "value": "1"
                },
                "function": "auctionToken",
                "arguments": [
                    "100",
                    "1,000",
                    "123,456",
                    "str:RIDE-123456"
                ],
                "gasLimit": "20,000,000",
                "gasPrice": "0"
            },
            "expect": {
                "status": "0",
                "message": "*",
                "out": [
                    "2"
                ],
                "gas": "*",
                "refund": "*"
            }
        },
        {
            "step": "scCall",
            "txId": "bid error - payment token REWA not accepted",
            "tx": {
                "from": "address:first_bidder",
                "to": "sc:marketplace",
                "value": "100",
                "function": "bid",
                "arguments": [
                    "2",
                    "str:NFT-123456",
                    "1"
                ],
                "gasLimit": "15,000,000",
                "gasPrice": "0"
            },
            "expect": {
                "status": "4",
                "message": "str:Wrong token used as payment",
                "gas": "*",
                "refund": "*"
            }
        },
        {
            "step": "scCall",
            "txId": "bid succes",
            "tx": {
                "from": "address:first_bidder",
                "to": "sc:marketplace",
                "dcdtValue": [
                    {
                        "tokenIdentifier": "str:RIDE-123456",
                        "value": "100"
                    }
                ],
                "function": "bid",
                "arguments": [
                    "2",
                    "str:NFT-123456",
                    "1"
                ],
                "gasLimit": "15,000,000",
                "gasPrice": "0"
            },
            "expect": {
                "status": "0",
                "message": "",
                "gas": "*",
                "refund": "*"
            }
        },
        {
            "step": "checkState",
            "accounts": {
                "address:first_bidder": {
                    "nonce": "2",
                    "balance": "1000",
                    "dcdt": {
                        "str:MOA-123456": "1000",
                        "str:RIDE-123456": "900"
                    },
                    "storage": {}
                },
                "sc:marketplace": {
                    "nonce": "0",
                    "balance": "0",
                    "dcdt": {
                        "str:RIDE-123456": "100",
                        "str:NFT-123456": {
                            "instances": [
                                {
                                    "nonce": "1",
                                    "balance": "1",
                                    "creator": "address:nft_creator",
                                    "royalties": "2000"
                                }
                            ]
                        }
                    },
                    "storage": {
                        "str:whitelistedTokens|str:.len": "1",
                        "str:whitelistedTokens|str:.item|u32:1": "str:RIDE-123456",
                        "str:whitelistedTokens|str:.index|nested:str:RIDE-123456": "1",
                        "str:bidCutPercentage": "1000",
                        "str:lastValidAuctionId": "2",
                        "str:auctionById|u64:2": {
                            "00-auctioned_token": "nested:str:NFT-123456|u64:1",
                            "01-nr_auctioned_tokens": "biguint:1",
                            "02-auction_type": "u8:1",
                            "04-payment_token": "nested:str:RIDE-123456|u64:0",
                            "05-min_bid": "biguint:100",
                            "06-max_bid": "u8:1|biguint:1000",
                            "07-min_bid_diff": "biguint:0",
                            "08-start_time": "u64:123,000",
                            "09-deadline": "u64:123,456",
                            "10-original_owner": "address:seller",
                            "11-current_bid": "biguint:100",
                            "12-current_winner": "address:first_bidder",
                            "13-marketplace_cut_percentage": "biguint:1000",
                            "14-creator_royalties_percentage": "biguint:2000"
                        }
                    },
                    "code": "file:../output/dcdt-nft-marketplace.wasm"
                },
                "+": {}
            }
        }
    ]
}