{
    "name": "max bid",
    "gasSchedule": "v4",
    "steps": [
        {
            "step": "externalSteps",
            "path": "bid_second.scen.json"
        },
        {
            "step": "scCall",
            "txId": "max bid",
            "tx": {
                "from": "address:first_bidder",
                "to": "sc:marketplace",
                "value": "1000",
                "function": "bid",
                "arguments": [
                    "1",
                    "str:NFT-123456",
                    "1"
                ],
                "gasLimit": "12,000,000",
                "gasPrice": "0"
            },
            "expect": {
                "status": "0",
                "message": "",
                "gas": "*",
                "refund": "*"
            }
        },
        {
            "step": "checkState",
            "accounts": {
                "address:first_bidder": {
                    "nonce": "2",
                    "balance": "0",
                    "dcdt": {
                        "str:NFT-123456": {
                            "instances": [
                                {
                                    "nonce": "1",
                                    "balance": "1",
                                    "creator": "address:nft_creator",
                                    "royalties": "2000"
                                }
                            ]
                        }
                    },
                    "storage": {}
                },
                "address:second_bidder": {
                    "nonce": "1",
                    "balance": "1000",
                    "storage": {}
                },
                "sc:marketplace": {
                    "nonce": "0",
                    "balance": "0",
                    "storage": {
                        "str:bidCutPercentage": "1000",
                        "str:lastValidAuctionId": "1"
                    },
                    "code": "file:../output/dcdt-nft-marketplace.wasm"
                },
                "+": {}
            }
        }
    ]
}
