{
    "name": "offer token",
    "gasSchedule": "v4",
    "steps": [
        {
            "step": "externalSteps",
            "path": "offer_token.scen.json"
        },
        {
            "step": "setState",
            "comment": "set current block timestamp",
            "currentBlockInfo": {
                "blockTimestamp": "124,500"
            }
        },
        {
            "step": "scCall",
            "txId": "offer token success",
            "tx": {
                "from": "address:seller",
                "to": "sc:marketplace",
                "value": "0",
                "function": "acceptOffer",
                "dcdt": {
                    "tokenIdentifier": "str:NFT-123456",
                    "nonce": "1",
                    "value": "1"
                },
                "arguments": [
                    "1"
                ],
                "gasLimit": "15,000,000",
                "gasPrice": "0"
            },
            "expect": {
                "status": "0",
                "message": "",
                "gas": "*",
                "refund": "*"
            }
        },
        {
            "step": "checkState",
            "accounts": {
                "address:seller": {
                    "nonce": "1",
                    "balance": "7",
                    "dcdt": {
                        "str:SFT-123456": {
                            "instances": [
                                {
                                    "nonce": "1",
                                    "balance": "10",
                                    "creator": "address:nft_creator",
                                    "royalties": "2000"
                                }
                            ]
                        }
                    },
                    "storage": {}
                },
                "address:first_bidder": {
                    "nonce": "2",
                    "balance": "990",
                    "dcdt": {
                        "str:NFT-123456": {
                            "instances": [
                                {
                                    "nonce": "1",
                                    "balance": "1",
                                    "creator": "address:nft_creator",
                                    "royalties": "2000"
                                }
                            ]
                        }
                    },
                    "storage": {}
                },
                "address:owner": {
                    "nonce": "1",
                    "balance": "1",
                    "storage": {}
                },
                "address:nft_creator": {
                    "nonce": "0",
                    "balance": "2",
                    "dcdt": {
                        "str:NFT-123456": {
                            "roles": [
                                "DCDTRoleNFTCreate"
                            ]
                        }
                    },
                    "storage": {}
                },
                "sc:marketplace": {
                    "nonce": "0",
                    "balance": "0",
                    "storage": {
                        "str:bidCutPercentage": "1000",
                        "str:lastValidOfferId": "1"
                    },
                    "code": "file:../output/dcdt-nft-marketplace.wasm"
                },
                "+": {}
            }
        }
    ]
}
