{
    "name": "seller withdraw",
    "gasSchedule": "v4",
    "steps": [
        {
            "step": "externalSteps",
            "path": "buy_sft_sell_one_by_one_second.scen.json"
        },
        {
            "step": "scCall",
            "txId": "withdraw",
            "tx": {
                "from": "address:seller",
                "to": "sc:marketplace",
                "value": "0",
                "function": "withdraw",
                "arguments": [
                    "1"
                ],
                "gasLimit": "15,000,000",
                "gasPrice": "0"
            },
            "expect": {
                "status": "0",
                "message": "",
                "gas": "*",
                "refund": "*"
            }
        },
        {
            "step": "checkState",
            "accounts": {
                "address:owner": {
                    "nonce": "1",
                    "balance": "20",
                    "storage": {}
                },
                "address:nft_creator": {
                    "nonce": "0",
                    "balance": "40",
                    "dcdt": {
                        "str:NFT-123456": {
                            "roles": [
                                "DCDTRoleNFTCreate"
                            ]
                        }
                    },
                    "storage": {}
                },
                "address:seller": {
                    "nonce": "2",
                    "balance": "140",
                    "dcdt": {
                        "str:NFT-123456": {
                            "instances": [
                                {
                                    "nonce": "1",
                                    "balance": "1",
                                    "creator": "address:nft_creator",
                                    "royalties": "2000"
                                }
                            ]
                        },
                        "str:SFT-123456": {
                            "instances": [
                                {
                                    "nonce": "1",
                                    "balance": "8",
                                    "creator": "address:nft_creator",
                                    "royalties": "2000"
                                }
                            ]
                        }
                    },
                    "storage": {}
                },
                "address:first_bidder": {
                    "nonce": "*",
                    "balance": "900",
                    "dcdt": {
                        "str:SFT-123456": {
                            "instances": [
                                {
                                    "nonce": "1",
                                    "balance": "1",
                                    "creator": "address:nft_creator",
                                    "royalties": "2000"
                                }
                            ]
                        }
                    },
                    "storage": {}
                },
                "address:second_bidder": {
                    "nonce": "*",
                    "balance": "900",
                    "dcdt": {
                        "str:SFT-123456": {
                            "instances": [
                                {
                                    "nonce": "1",
                                    "balance": "1",
                                    "creator": "address:nft_creator",
                                    "royalties": "2000"
                                }
                            ]
                        }
                    },
                    "storage": {}
                },
                "sc:marketplace": {
                    "nonce": "0",
                    "balance": "0",
                    "storage": {
                        "str:bidCutPercentage": "1000",
                        "str:lastValidAuctionId": "1",
                        "str:auctionById|u64:1": ""
                    },
                    "code": "file:../output/dcdt-nft-marketplace.wasm"
                },
                "+": {}
            }
        }
    ]
}
