{
    "name": "lottery flow with burn percentage integrated",
    "gasSchedule": "dummy",
    "steps": [
        {
            "step": "externalSteps",
            "path": "lottery-init.scen.json"
        },
        {
            "step": "scCall",
            "id": "start limited tickets, fixed deadline - invalid",
            "comment": "try starting lottery without setting local burn role",
            "tx": {
                "from": "address:my_address",
                "to": "sc:lottery",
                "function": "start",
                "arguments": [
                    "str:lottery_name",
                    "str:LOTTERY-123456",
                    "100",
                    "0x01|u32:2",
                    "0x01|u64:123,456",
                    "0x",
                    "0x",
                    "0x",
                    "50"
                ],
                "gasLimit": "100,000,000",
                "gasPrice": "0"
            },
            "expect": {
                "out": [],
                "status": "4",
                "message": "str:The contract can't burn the selected token!",
                "gas": "*",
                "refund": "*"
            }
        },
        {
            "step": "setState",
            "comment": "simulate a local roles set for the token that will be used",
            "accounts": {
                "address:acc1": {
                    "nonce": "0",
                    "balance": "1,000,000",
                    "dcdt": {
                        "str:LOTTERY-123456": "200"
                    }
                },
                "sc:lottery": {
                    "nonce": "0",
                    "balance": "0",
                    "dcdt": {
                        "str:LOTTERY-123456": {
                            "roles": [
                                "DCDTRoleLocalBurn"
                            ]
                        }
                    },
                    "code": "file:../output/lottery-dcdt.wasm"
                }
            }
        },
        {
            "step": "scCall",
            "id": "start limited tickets, fixed deadline, 50% burn rate",
            "comment": "start lottery after setting local burn role",
            "tx": {
                "from": "address:my_address",
                "to": "sc:lottery",
                "function": "start",
                "arguments": [
                    "str:lottery_name",
                    "str:LOTTERY-123456",
                    "100",
                    "0x01|u32:2",
                    "0x01|u64:123,456",
                    "0x",
                    "0x",
                    "0x",
                    "50"
                ],
                "gasLimit": "100,000,000",
                "gasPrice": "0"
            },
            "expect": {
                "out": [],
                "status": "0",
                "message": "",
                "gas": "*",
                "refund": "*"
            }
        },
        {
            "step": "checkState",
            "accounts": {
                "sc:lottery": {
                    "nonce": "0",
                    "balance": "0",
                    "dcdt": {
                        "str:LOTTERY-123456": {
                            "roles": [
                                "DCDTRoleLocalBurn"
                            ]
                        }
                    },
                    "storage": {
                        "str:lotteryInfo|nested:str:lottery_name": {
                            "0-token_identifier": "nested:str:LOTTERY-123456",
                            "1-ticket_price": "biguint:100",
                            "2-tickets-left": "u32:2",
                            "3-deadline": "u64:123,456",
                            "4-max_entries_per_user": "u32:800",
                            "5-prize_distribution": "nested:u8:100",
                            "6-prize_pool": "biguint:0"
                        },
                        "str:burnPercentageForLottery|nested:str:lottery_name": "50"
                    },
                    "code": "file:../output/lottery-dcdt.wasm"
                },
                "+": ""
            }
        },
        {
            "step": "scCall",
            "id": "buy first ticket",
            "tx": {
                "from": "address:acc1",
                "to": "sc:lottery",
                "dcdtValue": [
                    {
                        "tokenIdentifier": "str:LOTTERY-123456",
                        "value": "100"
                    }
                ],
                "function": "buy_ticket",
                "arguments": [
                    "str:lottery_name"
                ],
                "gasLimit": "100,000,000",
                "gasPrice": "0"
            },
            "expect": {
                "out": [],
                "status": "0",
                "message": "",
                "gas": "*",
                "refund": "*"
            }
        },
        {
            "step": "scCall",
            "id": "buy second ticket",
            "tx": {
                "from": "address:acc1",
                "to": "sc:lottery",
                "dcdtValue": [
                    {
                        "tokenIdentifier": "str:LOTTERY-123456",
                        "value": "100"
                    }
                ],
                "function": "buy_ticket",
                "arguments": [
                    "str:lottery_name"
                ],
                "gasLimit": "100,000,000",
                "gasPrice": "0"
            },
            "expect": {
                "out": [],
                "status": "0",
                "message": "",
                "gas": "*",
                "refund": "*"
            }
        },
        {
            "step": "checkState",
            "accounts": {
                "address:acc1": {
                    "nonce": "2",
                    "balance": "1,000,000",
                    "dcdt": {
                        "str:LOTTERY-123456": "0"
                    },
                    "storage": {}
                },
                "sc:lottery": {
                    "nonce": "0",
                    "balance": "0",
                    "dcdt": {
                        "str:LOTTERY-123456": {
                            "instances": [
                                {
                                    "nonce": "0",
                                    "balance": "200"
                                }
                            ],
                            "roles": [
                                "DCDTRoleLocalBurn"
                            ]
                        }
                    },
                    "storage": {
                        "str:lotteryInfo|nested:str:lottery_name": {
                            "0-token_identifier": "nested:str:LOTTERY-123456",
                            "1-ticket_price": "biguint:100",
                            "2-tickets-left": "u32:0",
                            "3-deadline": "u64:123,456",
                            "4-max_entries_per_user": "u32:800",
                            "5-prize_distribution": "nested:u8:100",
                            "6-prize_pool": "biguint:200"
                        },
                        "str:burnPercentageForLottery|nested:str:lottery_name": "50",
                        "str:ticketHolder|nested:str:lottery_name|str:.len": "2",
                        "str:ticketHolder|nested:str:lottery_name|str:.item|u32:1": "address:acc1",
                        "str:ticketHolder|nested:str:lottery_name|str:.item|u32:2": "address:acc1",
                        "str:numberOfEntriesForUser|u32:12|str:lottery_name|address:acc1": "2"
                    },
                    "code": "file:../output/lottery-dcdt.wasm"
                },
                "+": ""
            }
        },
        {
            "step": "scCall",
            "id": "determine-winner-same-ticket-holder",
            "tx": {
                "from": "address:my_address",
                "to": "sc:lottery",
                "function": "determine_winner",
                "arguments": [
                    "str:lottery_name"
                ],
                "gasLimit": "100,000,000",
                "gasPrice": "0"
            },
            "expect": {
                "out": [],
                "status": "0",
                "message": "",
                "gas": "*",
                "refund": "*"
            }
        },
        {
            "step": "checkState",
            "comment": "check that 50% was burned, and 50% returned to acc1",
            "accounts": {
                "address:acc1": {
                    "nonce": "2",
                    "balance": "1,000,000",
                    "dcdt": {
                        "str:LOTTERY-123456": "100"
                    },
                    "storage": {}
                },
                "sc:lottery": {
                    "nonce": "0",
                    "balance": "0",
                    "dcdt": {
                        "str:LOTTERY-123456": {
                            "roles": [
                                "DCDTRoleLocalBurn"
                            ]
                        }
                    },
                    "storage": {
                        "str:lotteryInfo|nested:str:lottery_name": "",
                        "str:burnPercentageForLottery|nested:str:lottery_name": "0"
                    },
                    "code": "file:../output/lottery-dcdt.wasm"
                },
                "+": ""
            }
        }
    ]
}
