{
    "name": "approve siring",
    "gasSchedule": "dummy",
    "steps": [
        {
            "step": "externalSteps",
            "path": "setup_accounts.scen.json"
        },
        {
            "step": "scCall",
            "txId": "tx-approve-siring",
            "tx": {
                "from": "address:acc1",
                "to": "sc:kitty_ownership_contract",
                "function": "approveSiring",
                "arguments": [
                    "address:acc2",
                    "1"
                ],
                "gasLimit": "100,000,000",
                "gasPrice": "0"
            },
            "expect": {
                "out": [],
                "status": "0",
                "message": "",
                "gas": "*",
                "refund": "*"
            }
        },
        {
            "step": "checkState",
            "accounts": {
                "sc:kitty_ownership_contract": {
                    "nonce": "0",
                    "balance": "0",
                    "storage": {
                        "str:geneScienceContractAddress": "sc:kitty_genetic_alg",
                        "str:kittyAuctionContractAddress": "sc:kitty_auction_contract",
                        "str:birthFee": "10",
                        "str:totalKitties": "3",
                        "str:kitty|u32:0": "u8:0|u8:0|u8:0|u8:0|u8:0|u8:0|u8:0|u64:0|u64:0|u32:0|u32:0|u32:0|u16:0|u16:0",
                        "str:kitty|u32:1": "u8:0|u8:0|u8:0|u8:0|u8:0|u8:0|u8:0|u64:0|u64:0|u32:0|u32:0|u32:0|u16:0|u16:0",
                        "str:kitty|u32:2": "u8:255|u8:255|u8:255|u8:255|u8:255|u8:255|u8:255|u64:0|u64:0|u32:0|u32:0|u32:0|u16:0|u16:0",
                        "str:owner|u32:1": "address:acc1",
                        "str:owner|u32:2": "address:acc2",
                        "str:nrOwnedKitties|address:acc1": "1",
                        "str:nrOwnedKitties|address:acc2": "1",
                        "str:sireAllowedAddress|u32:1": "address:acc2"
                    },
                    "code": "file:../output/kitty-ownership.wasm"
                },
                "+": ""
            }
        }
    ]
}
