{
    "name": "test query functions",
    "gasSchedule": "dummy",
    "steps": [
        {
            "step": "externalSteps",
            "path": "setup_accounts.scen.json"
        },
        {
            "step": "scCall",
            "txId": "tx-total-supply",
            "tx": {
                "from": "address:acc3",
                "to": "sc:kitty_ownership_contract",
                "function": "totalSupply",
                "arguments": [],
                "gasLimit": "100,000,000",
                "gasPrice": "0"
            },
            "expect": {
                "out": [
                    "2"
                ],
                "status": "0",
                "message": "",
                "gas": "*",
                "refund": "*"
            }
        },
        {
            "step": "scCall",
            "txId": "tx-balance-of",
            "tx": {
                "from": "address:acc3",
                "to": "sc:kitty_ownership_contract",
                "function": "balanceOf",
                "arguments": [
                    "address:acc1"
                ],
                "gasLimit": "100,000,000",
                "gasPrice": "0"
            },
            "expect": {
                "out": [
                    "1"
                ],
                "status": "0",
                "message": "",
                "gas": "*",
                "refund": "*"
            }
        },
        {
            "step": "scCall",
            "txId": "tx-owner-of",
            "tx": {
                "from": "address:acc3",
                "to": "sc:kitty_ownership_contract",
                "function": "ownerOf",
                "arguments": [
                    "2"
                ],
                "gasLimit": "100,000,000",
                "gasPrice": "0"
            },
            "expect": {
                "out": [
                    "address:acc2"
                ],
                "status": "0",
                "message": "",
                "gas": "*",
                "refund": "*"
            }
        },
        {
            "step": "scCall",
            "txId": "tx-tokens-of-owner",
            "tx": {
                "from": "address:acc3",
                "to": "sc:kitty_ownership_contract",
                "function": "tokensOfOwner",
                "arguments": [
                    "address:acc1"
                ],
                "gasLimit": "100,000,000",
                "gasPrice": "0"
            },
            "expect": {
                "out": [
                    "1"
                ],
                "status": "0",
                "message": "",
                "gas": "*",
                "refund": "*"
            }
        },
        {
            "step": "scCall",
            "txId": "tx-get-kitty-by-id",
            "tx": {
                "from": "address:acc3",
                "to": "sc:kitty_ownership_contract",
                "function": "getKittyById",
                "arguments": [
                    "1"
                ],
                "gasLimit": "100,000,000",
                "gasPrice": "0"
            },
            "expect": {
                "out": [
                    "u8:0|u8:0|u8:0|u8:0|u8:0|u8:0|u8:0|u64:0|u64:0|u32:0|u32:0|u32:0|u16:0|u16:0"
                ],
                "status": "0",
                "message": "",
                "gas": "*",
                "refund": "*"
            }
        },
        {
            "step": "scCall",
            "txId": "tx-is-ready-to-breed",
            "tx": {
                "from": "address:acc3",
                "to": "sc:kitty_ownership_contract",
                "function": "isReadyToBreed",
                "arguments": [
                    "1"
                ],
                "gasLimit": "100,000,000",
                "gasPrice": "0"
            },
            "expect": {
                "out": [
                    "0x1"
                ],
                "status": "0",
                "message": "",
                "gas": "*",
                "refund": "*"
            }
        },
        {
            "step": "scCall",
            "txId": "tx-is-pregnant",
            "tx": {
                "from": "address:acc3",
                "to": "sc:kitty_ownership_contract",
                "function": "isPregnant",
                "arguments": [
                    "1"
                ],
                "gasLimit": "100,000,000",
                "gasPrice": "0"
            },
            "expect": {
                "out": [
                    "0x"
                ],
                "status": "0",
                "message": "",
                "gas": "*",
                "refund": "*"
            }
        },
        {
            "step": "scCall",
            "txId": "tx-can-breed-with",
            "tx": {
                "from": "address:acc3",
                "to": "sc:kitty_ownership_contract",
                "function": "canBreedWith",
                "arguments": [
                    "1",
                    "2"
                ],
                "gasLimit": "100,000,000",
                "gasPrice": "0"
            },
            "expect": {
                "out": [
                    "0x"
                ],
                "status": "0",
                "message": "",
                "gas": "*",
                "refund": "*"
            }
        }
    ]
}
