{
    "name": "adder",
    "comment": "add then check",
    "steps": [
        {
            "step": "setState",
            "accounts": {
                "address:owner": {
                    "nonce": "5",
                    "balance": "0x500000",
                    "storage": {},
                    "code": ""
                }
            },
            "newAddresses": [
                {
                    "creatorAddress": "address:owner",
                    "creatorNonce": "5",
                    "newAddress": "address:adder_address"
                }
            ]
        },
        {
            "step": "scDeploy",
            "txId": "1",
            "tx": {
                "from": "address:owner",
                "value": "0",
                "contractCode": "file:../output/adder.wasm",
                "arguments": [
                    "0x05"
                ],
                "gasLimit": "0x100000",
                "gasPrice": "0x01"
            },
            "expect": {
                "out": [],
                "status": "",
                "logs": [],
                "gas": "*",
                "refund": "*"
            }
        },
        {
            "step": "scCall",
            "txId": "2",
            "tx": {
                "from": "address:owner",
                "to": "address:adder_address",
                "value": "0",
                "function": "getSum",
                "arguments": [],
                "gasLimit": "0x100000",
                "gasPrice": "0x01"
            },
            "expect": {
                "out": [
                    "5"
                ],
                "status": "",
                "logs": [],
                "gas": "*",
                "refund": "*"
            }
        },
        {
            "step": "scCall",
            "txId": "3",
            "tx": {
                "from": "address:owner",
                "to": "address:adder_address",
                "value": "0",
                "function": "add",
                "arguments": [
                    "3"
                ],
                "gasLimit": "0x100000",
                "gasPrice": "0x01"
            },
            "expect": {
                "out": [],
                "status": "",
                "logs": [],
                "gas": "*",
                "refund": "*"
            }
        },
        {
            "step": "checkState",
            "accounts": {
                "address:owner": {
                    "nonce": "8",
                    "balance": "0x200000",
                    "storage": {},
                    "code": ""
                },
                "address:adder_address": {
                    "nonce": "0",
                    "balance": "0",
                    "storage": {
                        "``sum": "0x08"
                    },
                    "code": "file:../output/adder.wasm"
                }
            }
        }
    ]
}
