{
    "name": "batch transfer fungible",
    "steps": [
        {
            "step": "externalSteps",
            "path": "create_two_tokens_both_fungible_same_creator.scen.json"
        },
        {
            "step": "scCall",
            "txId": "batch-transfer-fungible",
            "tx": {
                "from": "address:creator",
                "to": "address:contract_address",
                "value": "0",
                "function": "safeBatchTransferFrom",
                "arguments": [
                    "address:creator",
                    "address:user1",
                    "u32:1|u8:1|u32:1|u8:2",
                    "u32:2|u16:400|u32:1|u8:20",
                    "str:data"
                ],
                "gasLimit": "0x100000",
                "gasPrice": "0x00"
            },
            "expect": {
                "out": [],
                "status": "0",
                "message": "",
                "logs": [],
                "gas": "*",
                "refund": "*"
            }
        },
        {
            "step": "checkState",
            "accounts": {
                "address:owner": {
                    "nonce": "1",
                    "balance": "0",
                    "storage": {}
                },
                "address:creator": {
                    "nonce": "3",
                    "balance": "0",
                    "storage": {}
                },
                "address:contract_address": {
                    "nonce": "0",
                    "balance": "0",
                    "storage": {
                        "str:tokenTypeCreator|u32:1|u8:1": "address:creator",
                        "str:isFungible|u32:1|u8:1": "true",
                        "str:tokenTypeUri|u32:1|u8:1": "str:https://token-cdn-domain/{id}.json",
                        "str:balanceOf|address:creator|str:.mapped|u8:1": "600",
                        "str:balanceOf|address:user1|str:.mapped|u8:1": "400",

                        "str:tokenTypeCreator|u32:1|u8:2": "address:creator",
                        "str:isFungible|u32:1|u8:2": "true",
                        "str:tokenTypeUri|u32:1|u8:2": "str:https://token-cdn-domain/{id}.json",
                        "str:balanceOf|address:creator|str:.mapped|u8:2": "22",
                        "str:balanceOf|address:user1|str:.mapped|u8:2": "20",

                        "str:lastValidTypeId": "2",

                        "str:balanceOf|address:creator|str:.node_links|u32:1": "u32:0|u32:2",
                        "str:balanceOf|address:creator|str:.value|u32:1": "1",
                        "str:balanceOf|address:creator|str:.node_id|u8:1": "1",

                        "str:balanceOf|address:creator|str:.node_links|u32:2": "u32:1|u32:0",
                        "str:balanceOf|address:creator|str:.value|u32:2": "2",
                        "str:balanceOf|address:creator|str:.node_id|u8:2": "2",

                        "str:balanceOf|address:creator|str:.info": "u32:2|u32:1|u32:2|u32:2",

                        "str:balanceOf|address:user1|str:.node_links|u32:1": "u32:0|u32:2",
                        "str:balanceOf|address:user1|str:.value|u32:1": "1",
                        "str:balanceOf|address:user1|str:.node_id|u8:1": "1",

                        "str:balanceOf|address:user1|str:.node_links|u32:2": "u32:1|u32:0",
                        "str:balanceOf|address:user1|str:.value|u32:2": "2",
                        "str:balanceOf|address:user1|str:.node_id|u8:2": "2",

                        "str:balanceOf|address:user1|str:.info": "u32:2|u32:1|u32:2|u32:2"
                    },
                    "code": "file:../output/erc1155.wasm"
                }
            }
        }
    ]
}
