{"rustc":2583705999082248762,"features":"[\"default\", \"size_classes\"]","declared_features":"[\"default\", \"extra_assertions\", \"nightly\", \"size_classes\", \"spin\", \"static_array_backend\", \"use_std_for_test_debugging\"]","target":12318548087768197662,"profile":17257705230225558938,"path":2922498881685655559,"deps":[],"local":[{"CheckDepInfo":{"dep_info":"release/.fingerprint/wee_alloc-0f3bfdd5fa1b406f/dep-build-script-build-script-build","checksum":false}}],"rustflags":[],"config":2069994364910194474,"compile_kind":0}