{
    "gasSchedule": "v2",
    "steps": [
        {
            "step": "externalSteps",
            "path": "steps/init_accounts.steps.json"
        },
        {
            "step": "externalSteps",
            "path": "steps/deploy.steps.json"
        },
        {
            "step": "scCall",
            "txId": "change-quorum-propose",
            "tx": {
                "from": "address:alice",
                "to": "address:multisig",
                "value": "0",
                "function": "proposeChangeQuorum",
                "arguments": [
                    "3"
                ],
                "gasLimit": "50,000,000",
                "gasPrice": "0"
            },
            "expect": {
                "out": ["1"],
                "status": "",
                "logs": [],
                "gas": "*",
                "refund": "*"
            }
        },
        {
            "step": "scCall",
            "txId": "change-quorum-sign-bob",
            "tx": {
                "from": "address:bob",
                "to": "address:multisig",
                "value": "0",
                "function": "sign",
                "arguments": ["1"],
                "gasLimit": "50,000,000",
                "gasPrice": "0"
            },
            "expect": {
                "out": [],
                "status": "",
                "logs": [],
                "gas": "*",
                "refund": "*"
            }
        },
        {
            "step": "scCall",
            "txId": "pending-action-data",
            "tx": {
                "from": "address:bob",
                "to": "address:multisig",
                "value": "0",
                "function": "getPendingActionFullInfo",
                "arguments": [],
                "gasLimit": "50,000,000",
                "gasPrice": "0"
            },
            "expect": {
                "out": [
                    [
                        "u32:1",
                        "u8:4|u32:3",
                        "u32:2|address:alice|address:bob"
                    ]
                ],
                "status": "",
                "logs": [],
                "gas": "*",
                "refund": "*"
            }
        },
        {
            "step": "scCall",
            "txId": "change-quorum-perform",
            "tx": {
                "from": "address:alice",
                "to": "address:multisig",
                "value": "0",
                "function": "performAction",
                "arguments": ["1"],
                "gasLimit": "50,000,000",
                "gasPrice": "0"
            },
            "expect": {
                "out": [],
                "status": "",
                "logs": [],
                "gas": "*",
                "refund": "*"
            }
        },
        {
            "step": "scCall",
            "txId": "getQuorum",
            "tx": {
                "from": "address:owner",
                "to": "address:multisig",
                "value": "0",
                "function": "getQuorum",
                "arguments": [],
                "gasLimit": "50,000,000",
                "gasPrice": "0"
            },
            "expect": {
                "out": [
                    "3"
                ],
                "status": "",
                "logs": [],
                "gas": "*",
                "refund": "*"
            }
        },
        {
            "step": "scCall",
            "txId": "pending-action-data-none",
            "tx": {
                "from": "address:bob",
                "to": "address:multisig",
                "value": "0",
                "function": "getPendingActionFullInfo",
                "arguments": [],
                "gasLimit": "50,000,000",
                "gasPrice": "0"
            },
            "expect": {
                "out": [],
                "status": "",
                "logs": [],
                "gas": "*",
                "refund": "*"
            }
        }
    ]
}
