{
    "name": "create two tokens, one fungible, one non fungible",
    "steps": [
        {
            "step": "externalSteps",
            "path": "create_token_fungible.scen.json"
        },
        {
            "step": "scCall",
            "txId": "create-non-fungible-token",
            "tx": {
                "from": "address:creator",
                "to": "address:contract_address",
                "value": "0",
                "function": "createToken",
                "arguments": [
                    "str:https://second-token-cdn-domain/{id}.json",
                    "3",
                    "false"
                ],
                "gasLimit": "0x100000",
                "gasPrice": "0x00"
            },
            "expect": {
                "out": ["2"],
                "status": "0",
                "message": "",
                "logs": [],
                "gas": "*",
                "refund": "*"
            }
        },
        {
            "step": "checkState",
            "accounts": {
                "address:owner": {
                    "nonce": "1",
                    "balance": "0",
                    "storage": {}
                },
                "address:creator": {
                    "nonce": "2",
                    "balance": "0",
                    "storage": {}
                },
                "address:contract_address": {
                    "nonce": "0",
                    "balance": "0",
                    "storage": {
                        "str:tokenTypeCreator|u32:1|u8:1": "address:creator",
                        "str:isFungible|u32:1|u8:1": "true",
                        "str:tokenTypeUri|u32:1|u8:1": "str:https://token-cdn-domain/{id}.json",
                        "str:balanceOf|address:creator|str:.mapped|u8:1": "1000",

                        "str:tokenTypeCreator|u32:1|u8:2": "address:creator",
                        "str:isFungible|u32:1|u8:2": "false",
                        "str:tokenTypeUri|u32:1|u8:2": "str:https://second-token-cdn-domain/{id}.json",
                        "str:lastValidTokenIdForType|u32:1|u8:2": "3",
                        "str:balanceOf|address:creator|str:.mapped|u8:2": "3",

                        "str:lastValidTypeId": "2",

                        "str:tokenOwner|u32:1|u8:2|u32:1|u8:1": "address:creator",
                        "str:tokenOwner|u32:1|u8:2|u32:1|u8:2": "address:creator",
                        "str:tokenOwner|u32:1|u8:2|u32:1|u8:3": "address:creator",

                        "str:balanceOf|address:creator|str:.node_links|u32:1": "u32:0|u32:2",
                        "str:balanceOf|address:creator|str:.value|u32:1": "1",
                        "str:balanceOf|address:creator|str:.node_id|u8:1": "1",

                        "str:balanceOf|address:creator|str:.node_links|u32:2": "u32:1|u32:0",
                        "str:balanceOf|address:creator|str:.value|u32:2": "2",
                        "str:balanceOf|address:creator|str:.node_id|u8:2": "2",

                        "str:balanceOf|address:creator|str:.info": "u32:2|u32:1|u32:2|u32:2"
                    },
                    "code": "file:../output/erc1155.wasm"
                }
            }
        }
    ]
}
