{
    "name": "create non-fungible token",
    "steps": [
        {
            "step": "externalSteps",
            "path": "deploy.scen.json"
        },
        {
            "step": "setState",
            "accounts": {
                "address:creator": {
                    "nonce": "0",
                    "balance": "0",
                    "storage": {}
                }
            }
        },
        {
            "step": "scCall",
            "txId": "create-non-fungible-token",
            "tx": {
                "from": "address:creator",
                "to": "address:contract_address",
                "value": "0",
                "function": "createToken",
                "arguments": [
                    "str:https://token-cdn-domain/{id}.json",
                    "5",
                    "false"
                ],
                "gasLimit": "0x100000",
                "gasPrice": "0x00"
            },
            "expect": {
                "out": ["1"],
                "status": "0",
                "message": "",
                "logs": [],
                "gas": "*",
                "refund": "*"
            }
        },
        {
            "step": "checkState",
            "accounts": {
                "address:owner": {
                    "nonce": "1",
                    "balance": "0",
                    "storage": {}
                },
                "address:creator": {
                    "nonce": "1",
                    "balance": "0",
                    "storage": {}
                },
                "address:contract_address": {
                    "nonce": "0",
                    "balance": "0",
                    "storage": {
                        "str:tokenTypeCreator|u32:1|u8:1": "address:creator",
                        "str:isFungible|u32:1|u8:1": "false",
                        "str:tokenTypeUri|u32:1|u8:1": "str:https://token-cdn-domain/{id}.json",
                        "str:lastValidTokenIdForType|u32:1|u8:1": "5",
                        "str:balanceOf|address:creator|str:.mapped|u8:1": "5",

                        "str:lastValidTypeId": "1",

                        "str:tokenOwner|u32:1|u8:1|u32:1|u8:1": "address:creator",
                        "str:tokenOwner|u32:1|u8:1|u32:1|u8:2": "address:creator",
                        "str:tokenOwner|u32:1|u8:1|u32:1|u8:3": "address:creator",
                        "str:tokenOwner|u32:1|u8:1|u32:1|u8:4": "address:creator",
                        "str:tokenOwner|u32:1|u8:1|u32:1|u8:5": "address:creator",

                        "str:balanceOf|address:creator|str:.node_links|u32:1": "u32:0|u32:0",
                        "str:balanceOf|address:creator|str:.value|u32:1": "1",
                        "str:balanceOf|address:creator|str:.node_id|u8:1": "1",
                        "str:balanceOf|address:creator|str:.info": "u32:1|u32:1|u32:1|u32:1"
                    },
                    "code": "file:../output/erc1155.wasm"
                }
            }
        }
    ]
}
