{
    "name": "crypto",
    "gasSchedule": "v2",
    "steps": [
        {
            "step": "setState",
            "accounts": {
                "address:features_contract": {
                    "nonce": "0",
                    "balance": "0",
                    "storage": {},
                    "code": "file:../output/basic-features.wasm"
                },
                "address:an_account": {
                    "nonce": "0",
                    "balance": "0",
                    "storage": {},
                    "code": ""
                }
            }
        },
        {
            "step": "scCall",
            "txId": "1",
            "tx": {
                "from": "address:an_account",
                "to": "address:features_contract",
                "value": "0",
                "function": "computeKeccak256",
                "arguments": [
                    "0x61"
                ],
                "gasLimit": "50,000,000",
                "gasPrice": "0"
            },
            "expect": {
                "out": [
                    "0x3ac225168df54212a25c1c01fd35bebfea408fdac2e31ddd6f80a4bbf9a5f1cb"
                ],
                "status": "",
                "logs": [],
                "gas": "*",
                "refund": "*"
            }
        },
        {
            "step": "scCall",
            "txId": "2",
            "tx": {
                "from": "address:an_account",
                "to": "address:features_contract",
                "value": "0",
                "function": "computeKeccak256",
                "arguments": [
                    "0x0102030405060708"
                ],
                "gasLimit": "50,000,000",
                "gasPrice": "0"
            },
            "expect": {
                "out": [
                    "keccak256:0x0102030405060708"
                ],
                "status": "",
                "logs": [],
                "gas": "*",
                "refund": "*"
            }
        }
    ]
}
