{
    "gasSchedule": "v2",
    "steps": [
        {
            "step": "setState",
            "accounts": {
                "address:features_contract": {
                    "nonce": "0",
                    "balance": "0",
                    "storage": {},
                    "code": "file:../output/basic-features.wasm"
                },
                "address:an_account": {
                    "nonce": "0",
                    "balance": "0",
                    "storage": {},
                    "code": ""
                }
            }
        },
        {
            "step": "scCall",
            "txId": "A1",
            "tx": {
                "from": "address:an_account",
                "to": "address:features_contract",
                "value": "0",
                "function": "logEventA",
                "arguments": [
                    "0"
                ],
                "gasLimit": "50,000,000",
                "gasPrice": "0"
            },
            "expect": {
                "out": [],
                "status": "",
                "logs": [
                    {
                        "address": "address:features_contract",
                        "identifier": "str:event_a",
                        "topics": [],
                        "data": ""
                    }
                ],
                "gas": "*",
                "refund": "*"
            }
        },
        {
            "step": "scCall",
            "txId": "A2",
            "tx": {
                "from": "address:an_account",
                "to": "address:features_contract",
                "value": "0",
                "function": "logEventA",
                "arguments": [
                    "0x1234abc"
                ],
                "gasLimit": "50,000,000",
                "gasPrice": "0"
            },
            "expect": {
                "out": [],
                "status": "",
                "logs": [
                    {
                        "address": "address:features_contract",
                        "identifier": "str:event_a",
                        "topics": [],
                        "data": "0x1234abc"
                    }
                ],
                "gas": "*",
                "refund": "*"
            }
        },
        {
            "step": "scCall",
            "txId": "B1",
            "tx": {
                "from": "address:an_account",
                "to": "address:features_contract",
                "value": "0",
                "function": "logEventB",
                "arguments": [
                    "0xa1",
                    "``arg2_an_address_______________s3",
                    "1",
                    "2"
                ],
                "gasLimit": "50,000,000",
                "gasPrice": "0"
            },
            "expect": {
                "out": [],
                "status": "",
                "logs": [
                    {
                        "address": "address:features_contract",
                        "identifier": "str:event_b",
                        "topics": [
                            "0xa1",
                            "``arg2_an_address_______________s3"
                        ],
                        "data": [
                            "biguint:1",
                            "biguint:2"
                        ]
                        
                    }
                ],
                "gas": "*",
                "refund": "*"
            }
        }
    ]
}
