{
    "name": "isSmartContract hook check",
    "gasSchedule": "v2",
    "steps": [
        {
            "step": "setState",
            "accounts": {
                "address:features_contract": {
                    "nonce": "0",
                    "balance": "0",
                    "storage": {},
                    "code": "file:../output/basic-features.wasm"
                },
                "address:an_account": {
                    "nonce": "0",
                    "balance": "0",
                    "storage": {},
                    "code": ""
                }
            },
            "newAddresses": [
                {
                    "creatorAddress": "address:an_account",
                    "creatorNonce": "0",
                    "newAddress": "address:also_features_contract"
                }
            ]
        },
        {
            "step": "scQuery",
            "txId": "is_smart_contract",
            "tx": {
                "to": "address:features_contract",
                "function": "is_smart_contract",
                "arguments": [
                    "address:an_account"
                ]
            },
            "expect": {
                "out": [ "false" ],
                "status": "",
                "logs": [],
                "gas": "*",
                "refund": "*"
            }
        },
        {
            "step": "scQuery",
            "txId": "is_smart_contract",
            "tx": {
                "to": "address:features_contract",
                "function": "is_smart_contract",
                "arguments": [
                    "address:features_contract"
                ]
            },
            "expect": {
                "out": [ "true" ],
                "status": "",
                "logs": [],
                "gas": "*",
                "refund": "*"
            }
        },
        {
            "step": "scDeploy",
            "txId": "1",
            "tx": {
                "from": "address:an_account",
                "value": "0",
                "contractCode": "file:../output/basic-features.wasm",
                "arguments": [],
                "gasLimit": "50,000,000",
                "gasPrice": "0"
            },
            "expect": {
                "out": [],
                "status": "",
                "logs": [],
                "gas": "*",
                "refund": "*"
            }
        },
        {
            "step": "scQuery",
            "txId": "is_smart_contract_deployed",
            "tx": {
                "to": "address:features_contract",
                "function": "is_smart_contract",
                "arguments": [
                    "address:also_features_contract"
                ]
            },
            "expect": {
                "out": [ "true" ],
                "status": "",
                "logs": [],
                "gas": "*",
                "refund": "*"
            }
        }
    ]
}
