{"rustc":2583705999082248762,"features":"[\"numbat-wasm-module-features-wasm\", \"numbat-wasm-module-pause-wasm\", \"numbat-wasm-node\", \"wasm-output-mode\"]","declared_features":"[\"default\", \"numbat-wasm-module-features-default\", \"numbat-wasm-module-features-wasm\", \"numbat-wasm-module-pause-default\", \"numbat-wasm-module-pause-wasm\", \"numbat-wasm-node\", \"wasm-output-mode\"]","target":1064528564592942028,"profile":8829588955844408089,"path":9145388681602816132,"deps":[[407419816565292635,"numbat_wasm_node",false,6225465108524821920],[5045903004412922633,"numbat_wasm_module_pause_wasm",false,15378518215919484899],[9750814729276571490,"numbat_wasm",false,13770704184049892152],[12656317113102271363,"numbat_wasm_module_features_wasm",false,4184839835581974090],[15660456971980188041,"numbat_wasm_derive",false,1767347032703853176]],"local":[{"CheckDepInfo":{"dep_info":"wasm32-unknown-unknown/release/.fingerprint/use-module-52a3f770bb1e5f61/dep-lib-use_module","checksum":false}}],"rustflags":[],"config":2069994364910194474,"compile_kind":14682669768258224367}