{"rustc":2583705999082248762,"features":"[\"numbat-wasm-node\", \"wasm-output-mode\"]","declared_features":"[\"numbat-wasm-node\", \"wasm-output-mode\"]","target":4957536917093926240,"profile":8829588955844408089,"path":15565961857537437183,"deps":[[407419816565292635,"numbat_wasm_node",false,6225465108524821920],[9750814729276571490,"numbat_wasm",false,13770704184049892152],[15660456971980188041,"numbat_wasm_derive",false,1767347032703853176]],"local":[{"CheckDepInfo":{"dep_info":"wasm32-unknown-unknown/release/.fingerprint/dcdt-nft-marketplace-061a07a5f3b868e8/dep-lib-dcdt_nft_marketplace","checksum":false}}],"rustflags":[],"config":2069994364910194474,"compile_kind":14682669768258224367}