{"rustc":2583705999082248762,"features":"[\"wasm-output-mode\"]","declared_features":"[\"panic-message\", \"wasm-output-mode\"]","target":6834725088068907696,"profile":8829588955844408089,"path":13865727733826138047,"deps":[[407419816565292635,"numbat_wasm_node",false,6225465108524821920],[8702804447596961923,"wee_alloc",false,2554509219245221245]],"local":[{"CheckDepInfo":{"dep_info":"wasm32-unknown-unknown/release/.fingerprint/numbat-wasm-output-024042bacdad681b/dep-lib-numbat_wasm_output","checksum":false}}],"rustflags":[],"config":2069994364910194474,"compile_kind":14682669768258224367}