{"rustc":2583705999082248762,"features":"[\"clone-impls\", \"default\", \"derive\", \"extra-traits\", \"full\", \"parsing\", \"printing\", \"proc-macro\", \"quote\"]","declared_features":"[\"clone-impls\", \"default\", \"derive\", \"extra-traits\", \"fold\", \"full\", \"parsing\", \"printing\", \"proc-macro\", \"quote\", \"test\", \"visit\", \"visit-mut\"]","target":11103975901103234717,"profile":17257705230225558938,"path":9359878533467213257,"deps":[[1988483478007900009,"unicode_ident",false,17352420267395454936],[2713742371683562785,"build_script_build",false,10940600608732252635],[10702292371048677116,"quote",false,13648553088022933539],[12410540580958238005,"proc_macro2",false,6326235438736480456]],"local":[{"CheckDepInfo":{"dep_info":"release/.fingerprint/syn-6e10a9eb32b074b1/dep-lib-syn","checksum":false}}],"rustflags":[],"config":2069994364910194474,"compile_kind":0}