{
    "name": "not_payable_dcdt",
    "gasSchedule": "dummy",
    "steps": [
        {
            "step": "setState",
            "accounts": {
                "``account_1_____________________s1": {
                    "nonce": "0",
                    "balance": "0x10000000",
                    "storage": {},
                    "code": ""
                },
                "``busd__________________________s1": {
                    "nonce": "0",
                    "balance": "0",
                    "storage": {
                        "``balance|``account_1_____________________s1": "0x2710",
                        "``total_supply": "0x2710"
                    },
                    "code": "file:../output/erc20.wasm"
                }
            }
        },
        {
            "step": "scCall",
            "txId": "1",
            "tx": {
                "from": "``account_1_____________________s1",
                "to": "``busd__________________________s1",
                "dcdtValue": "0x01",
                "dcdtTokenName": "str:ANY_TOKEN",
                "function": "totalSupply",
                "arguments": [],
                "gasLimit": "0x100000",
                "gasPrice": "0x01"
            },
            "expect": {
                "out": [],
                "status": "10",
                "message": "str:function does not accept DCDT payment",
                "logs": [],
                "gas": "*",
                "refund": "*"
            }
        },
        {
            "step": "scCall",
            "txId": "2",
            "tx": {
                "from": "``account_1_____________________s1",
                "to": "``busd__________________________s1",
                "dcdtValue": "0x01",
                "dcdtTokenName": "str:ANY_TOKEN",
                "function": "balanceOf",
                "arguments": [
                    "``account_1_____________________s1"
                ],
                "gasLimit": "0x100000",
                "gasPrice": "0x01"
            },
            "expect": {
                "out": [],
                "status": "10",
                "message": "str:function does not accept DCDT payment",
                "logs": [],
                "gas": "*",
                "refund": "*"
            }
        },
        {
            "step": "scCall",
            "txId": "3",
            "tx": {
                "from": "``account_1_____________________s1",
                "to": "``busd__________________________s1",
                "dcdtValue": "0x01",
                "dcdtTokenName": "str:ANY_TOKEN",
                "function": "allowance",
                "arguments": [
                    "``account_1_____________________s1",
                    "``account_1_____________________s1"
                ],
                "gasLimit": "0x100000",
                "gasPrice": "0x01"
            },
            "expect": {
                "out": [],
                "status": "10",
                "message": "str:function does not accept DCDT payment",
                "logs": [],
                "gas": "*",
                "refund": "*"
            }
        },
        {
            "step": "scCall",
            "txId": "4",
            "tx": {
                "from": "``account_1_____________________s1",
                "to": "``busd__________________________s1",
                "dcdtValue": "0x01",
                "dcdtTokenName": "str:ANY_TOKEN",
                "function": "transfer",
                "arguments": [
                    "``account_1_____________________s1",
                    "0x01"
                ],
                "gasLimit": "0x100000",
                "gasPrice": "0x01"
            },
            "expect": {
                "out": [],
                "status": "10",
                "message": "str:function does not accept DCDT payment",
                "logs": [],
                "gas": "*",
                "refund": "*"
            }
        },
        {
            "step": "scCall",
            "txId": "5",
            "tx": {
                "from": "``account_1_____________________s1",
                "to": "``busd__________________________s1",
                "dcdtValue": "0x01",
                "dcdtTokenName": "str:ANY_TOKEN",
                "function": "approve",
                "arguments": [
                    "``account_1_____________________s1",
                    "0x01"
                ],
                "gasLimit": "0x100000",
                "gasPrice": "0x01"
            },
            "expect": {
                "out": [],
                "status": "10",
                "message": "str:function does not accept DCDT payment",
                "logs": [],
                "gas": "*",
                "refund": "*"
            }
        },
        {
            "step": "scCall",
            "txId": "6",
            "tx": {
                "from": "``account_1_____________________s1",
                "to": "``busd__________________________s1",
                "dcdtValue": "0x01",
                "dcdtTokenName": "str:ANY_TOKEN",
                "function": "transferFrom",
                "arguments": [
                    "``account_1_____________________s1",
                    "``account_1_____________________s1",
                    "0x01"
                ],
                "gasLimit": "0x100000",
                "gasPrice": "0x01"
            },
            "expect": {
                "out": [],
                "status": "10",
                "message": "str:function does not accept DCDT payment",
                "logs": [],
                "gas": "*",
                "refund": "*"
            }
        },
        {
            "step": "checkState",
            "accounts": {
                "``account_1_____________________s1": {
                    "nonce": "6",
                    "balance": "0xfa00000",
                    "storage": {},
                    "code": ""
                },
                "``busd__________________________s1": {
                    "nonce": "0",
                    "balance": "0",
                    "storage": {
                        "``balance|``account_1_____________________s1": "0x2710",
                        "``total_supply": "0x2710"
                    },
                    "code": "file:../output/erc20.wasm"
                }
            }
        }
    ]
}
