{
    "name": "payable",
    "gasSchedule": "v2",
    "steps": [
        {
            "step": "setState",
            "accounts": {
                "address:features_contract": {
                    "nonce": "0",
                    "balance": "0",
                    "storage": {},
                    "code": "file:../output/payable-features.wasm"
                },
                "address:an_account": {
                    "nonce": "0",
                    "balance": "1,000,000,000,000",
                    "storage": {},
                    "dcdt": {
                        "str:PAYABLE-FEATURES-TOKEN": "1,000,000,000,000",
                        "str:OTHER-TOKEN": "1,000,000,000,000"
                    },
                    "code": ""
                }
            }
        },
        {
            "step": "scCall",
            "txId": "payable_any_3.1",
            "tx": {
                "from": "address:an_account",
                "to": "address:features_contract",
                "value": "0",
                "function": "payable_any_3",
                "arguments": [],
                "gasLimit": "50,000,000",
                "gasPrice": "0"
            },
            "expect": {
                "out": [ "0", "str:REWA" ],
                "status": "",
                "logs": [],
                "gas": "*",
                "refund": "*"
            }
        },
        {
            "step": "scCall",
            "txId": "payable_any_3.2",
            "tx": {
                "from": "address:an_account",
                "to": "address:features_contract",
                "value": "5",
                "function": "payable_any_3",
                "arguments": [],
                "gasLimit": "50,000,000",
                "gasPrice": "0"
            },
            "expect": {
                "out": [ "5", "str:REWA" ],
                "status": "",
                "logs": [],
                "gas": "*",
                "refund": "*"
            }
        },
        {
            "step": "scCall",
            "txId": "payable_any_3.3",
            "tx": {
                "from": "address:an_account",
                "to": "address:features_contract",
                "value": "0",
                "dcdtTokenName": "str:PAYABLE-FEATURES-TOKEN",
                "dcdtValue": "100",
                "function": "payable_any_3",
                "arguments": [],
                "gasLimit": "50,000,000",
                "gasPrice": "0"
            },
            "expect": {
                "out": [ "100", "str:PAYABLE-FEATURES-TOKEN" ],
                "status": "",
                "logs": [],
                "gas": "*",
                "refund": "*"
            }
        },
        {
            "step": "scCall",
            "txId": "payable_any_3.4",
            "tx": {
                "from": "address:an_account",
                "to": "address:features_contract",
                "value": "0",
                "dcdtTokenName": "str:PAYABLE-FEATURES-TOKEN",
                "dcdtValue": "0",
                "function": "payable_any_3",
                "arguments": [],
                "gasLimit": "50,000,000",
                "gasPrice": "0"
            },
            "expect": {
                "out": [ "0", "str:PAYABLE-FEATURES-TOKEN" ],
                "status": "",
                "logs": [],
                "gas": "*",
                "refund": "*"
            }
        }
    ]
}
