{
    "name": "try to ping the wrong ammount of funds",
    "gasSchedule": "v2",
    "steps": [
        {
            "step": "externalSteps",
            "path": "ping-pong-init.scen.json"
        },
        {
            "step": "scCall",
            "tx": {
                "from": "address:participant1",
                "to": "address:the_ping_pong_contract",
                "value": "450,000,000,000",
                "function": "ping",
                "arguments": [],
                "gasLimit": "10,000,000",
                "gasPrice": "0"
            },
            "expect": {
                "status": "4",
                "message": "str:the payment must match the fixed sum",
                "gas": "*",
                "refund": "*"
            }
        },
        {
            "step": "checkState",
            "accounts": {
                "address:my_address": {
                    "nonce": "1",
                    "balance": "1,000,000",
                    "storage": {}
                },
                "address:participant1": {
                    "nonce": "1",
                    "balance": "1,800,000,000,000",
                    "storage": {}
                },
                "address:participant2": {
                    "nonce": "0",
                    "balance": "2,500,000,000,000",
                    "storage": {}
                },
                "address:the_ping_pong_contract": {
                    "nonce": "0",
                    "balance": "0",
                    "storage": {
                        "''ping_amount": "500,000,000,000",
                        "''activation_timestamp": "780",
                        "''deadline": "123,780"
                    },
                    "code": "file:../output/ping-pong-rewa.wasm"
                }
            }
        }
    ]
}
