{
    "name": "call ping for a second user",
    "gasSchedule": "v2",
    "steps": [
        {
            "step": "externalSteps",
            "path": "ping-pong-call-ping.scen.json"
        },
        {
            "step": "setState",
            "currentBlockInfo": {
                "blockTimestamp": "781"
            }
        },
        {
            "step": "scCall",
            "tx": {
                "from": "address:participant2",
                "to": "address:the_ping_pong_contract",
                "value": "500,000,000,000",
                "function": "ping",
                "arguments": [],
                "gasLimit": "10,000,000",
                "gasPrice": "0"
            },
            "expect": {
                "status": "",
                "gas": "*",
                "refund": "*"
            }
        },
        {
            "step": "checkState",
            "accounts": {
                "address:my_address": {
                    "nonce": "1",
                    "balance": "1,000,000",
                    "storage": {}
                },
                "address:participant1": {
                    "nonce": "1",
                    "balance": "1,300,000,000,000",
                    "storage": {}
                },
                "address:participant2": {
                    "nonce": "1",
                    "balance": "2,000,000,000,000",
                    "storage": {}
                },
                "address:the_ping_pong_contract": {
                    "nonce": "0",
                    "balance": "1,000,000,000,000",
                    "storage": {
                        "''ping_amount": "500,000,000,000",
                        "''activation_timestamp": "780",
                        "''deadline": "123,780",
                        "''user_address_to_id|address:participant1": "1",
                        "''user_id_to_address|0x0000001": "address:participant1",
                        "''user_status|0x0000001": "1",
                        "''user_address_to_id|address:participant2": "2",
                        "''user_id_to_address|0x0000002": "address:participant2",
                        "''user_status|0x0000002": "1",
                        "''user_count": "2"
                    },
                    "code": "file:../output/ping-pong-rewa.wasm"
                }
            }
        }
    ]
}
