{
    "name": "reject transfer",
    "steps": [
        {
            "step": "externalSteps",
            "path": "init.scen.json"
        },
        {
            "step": "setState",
            "accounts": {
                "address:acc1": {
                    "nonce": "0",
                    "balance": "0",
                    "dcdt": {
                        "str:cool_token": "1,000,000"
                    },
                    "storage": {}
                }
            }
        },
        {
            "step": "scCall",
            "txId": "reject-transfer",
            "tx": {
                "from": "address:acc1",
                "to": "address:first_contract",
                "value": "0",
                "dcdtTokenName": "str:cool_token",
                "dcdtValue": "500,000",
                "function": "transferToSecondContractFull",
                "arguments": [],
                "gasLimit": "100,000,000",
                "gasPrice": "0"
            },
            "expect": {
                "message": "str:Rejected",
                "status": "4",
                "gas": "*",
                "refund": "*"
            }
        },
        {
            "step": "checkState",
            "accounts": {
                "address:acc1": {
                    "nonce": "1",
                    "balance": "0",
                    "dcdt": {
                        "str:boring_token": "1,000,000"
                    },
                    "storage": {}
                },
                "address:first_contract": {
                    "nonce": "0",
                    "balance": "0",
                    "storage": {
                        "str:dcdtTokenName": "str:cool_token",
                        "str:secondContractAddress": "address:second_contract"
                    }
                },
                "address:second_contract": {
                    "nonce": "0",
                    "balance": "0",
                    "storage": {
                        "str:dcdtTokenName": "str:cool_token"
                    }
                }
            }
        }
    ]
}
