{
    "name": "send_rewa",
    "gasSchedule": "v2",
    "steps": [
        {
            "step": "setState",
            "accounts": {
                "address:features_contract": {
                    "nonce": "1000",
                    "balance": "200",
                    "storage": {},
                    "code": "file:../forwarder/output/forwarder.wasm"
                },
                "address:an_account": {
                    "nonce": "0",
                    "balance": "0",
                    "storage": {},
                    "code": ""
                }
            }
        },
        {
            "step": "scCall",
            "txId": "not-enough",
            "tx": {
                "from": "address:an_account",
                "to": "address:features_contract",
                "value": "0",
                "function": "send_rewa",
                "arguments": [
                    "address:an_account",
                    "10000"
                ],
                "gasLimit": "50,000,000",
                "gasPrice": "0"
            },
            "expect": {
                "out": [],
                "status": "*",
                "message": "str:failed transfer (insufficient funds)",
                "logs": []
            }
        },
        {
            "step": "scCall",
            "txId": "without-message",
            "tx": {
                "from": "address:an_account",
                "to": "address:features_contract",
                "value": "0",
                "function": "send_rewa",
                "arguments": [
                    "address:an_account",
                    "100"
                ],
                "gasLimit": "50,000,000",
                "gasPrice": "0"
            },
            "expect": {
                "out": [],
                "status": "",
                "logs": []
            }
        },
        {
            "step": "scCall",
            "txId": "with-message",
            "tx": {
                "from": "address:an_account",
                "to": "address:features_contract",
                "value": "0",
                "function": "send_rewa",
                "arguments": [
                    "address:an_account",
                    "100",
                    "str:send tx message here"
                ],
                "gasLimit": "50,000,000",
                "gasPrice": "0"
            },
            "expect": {
                "out": [],
                "status": "",
                "logs": []
            }
        },
        {
            "step": "checkState",
            "accounts": {
                "address:features_contract": {
                    "nonce": "1000",
                    "balance": "0",
                    "storage": {},
                    "code": "file:../forwarder/output/forwarder.wasm"
                },
                "address:an_account": {
                    "nonce": "*",
                    "balance": "200",
                    "storage": {},
                    "code": ""
                }
            }
        }
    ]
}
