{
    "name": "send_dcdt",
    "gasSchedule": "v2",
    "steps": [
        {
            "step": "setState",
            "accounts": {
                "address:features_contract": {
                    "nonce": "1000",
                    "balance": "0",
                    "storage": {},
                    "dcdt": {
                        "str:BASIC-FEATURES-TOKEN": "1,000"
                    },
                    "code": "file:../forwarder/output/forwarder.wasm"
                },
                "address:an_account": {
                    "nonce": "0",
                    "balance": "0",
                    "storage": {},
                    "code": ""
                }
            }
        },
        {
            "step": "scCall",
            "txId": "not-enough",
            "tx": {
                "from": "address:an_account",
                "to": "address:features_contract",
                "value": "0",
                "function": "send_dcdt",
                "arguments": [
                    "address:an_account",
                    "str:BASIC-FEATURES-TOKEN",
                    "10000"
                ],
                "gasLimit": "50,000,000",
                "gasPrice": "0"
            },
            "expect": {
                "out": [],
                "status": "*",
                "message": "str:insufficient funds",
                "logs": []
            }
        },
        {
            "step": "scCall",
            "txId": "without-message",
            "tx": {
                "from": "address:an_account",
                "to": "address:features_contract",
                "value": "0",
                "function": "send_dcdt",
                "arguments": [
                    "address:an_account",
                    "str:BASIC-FEATURES-TOKEN",
                    "100"
                ],
                "gasLimit": "50,000,000",
                "gasPrice": "0"
            },
            "expect": {
                "out": [],
                "status": "",
                "logs": []
            }
        },
        {
            "step": "scCall",
            "txId": "with-message",
            "tx": {
                "from": "address:an_account",
                "to": "address:features_contract",
                "value": "0",
                "function": "send_dcdt",
                "arguments": [
                    "address:an_account",
                    "str:BASIC-FEATURES-TOKEN",
                    "100",
                    "str:send tx message here"
                ],
                "gasLimit": "50,000,000",
                "gasPrice": "0"
            },
            "expect": {
                "out": [],
                "status": "",
                "logs": []
            }
        },
        {
            "step": "checkState",
            "accounts": {
                "address:features_contract": {
                    "nonce": "1000",
                    "balance": "0",
                    "storage": {},
                    "dcdt": {
                        "str:BASIC-FEATURES-TOKEN": "800"
                    },
                    "code": "file:../forwarder/output/forwarder.wasm"
                },
                "address:an_account": {
                    "nonce": "*",
                    "balance": "0",
                    "storage": {},
                    "dcdt": {
                        "str:BASIC-FEATURES-TOKEN": "200"
                    },
                    "code": ""
                }
            }
        }
    ]
}
