{
    "name": "storage",
    "gasSchedule": "v2",
    "steps": [
        {
            "step": "setState",
            "accounts": {
                "address:features_contract": {
                    "nonce": "0",
                    "balance": "0",
                    "storage": {},
                    "code": "file:../output/basic-features.wasm"
                },
                "address:an_account": {
                    "nonce": "0",
                    "balance": "0",
                    "storage": {},
                    "code": ""
                }
            }
        },
        {
            "step": "scCall",
            "txId": "store-val",
            "tx": {
                "from": "address:an_account",
                "to": "address:features_contract",
                "value": "0",
                "function": "store_big_uint",
                "arguments": [
                    "123"
                ],
                "gasLimit": "50,000,000",
                "gasPrice": "0"
            },
            "expect": {
                "out": [],
                "status": "",
                "logs": [],
                "gas": "*",
                "refund": "*"
            }
        },
        {
            "step": "checkState",
            "accounts": {
                "address:features_contract": {
                    "nonce": "0",
                    "balance": "0",
                    "storage": {
                        "``big_uint": "123"
                    },
                    "code": "file:../output/basic-features.wasm"
                },
                "address:an_account": {
                    "nonce": "*",
                    "balance": "*",
                    "storage": {},
                    "code": ""
                }
            }
        },
        {
            "step": "scCall",
            "txId": "load-val",
            "tx": {
                "from": "address:an_account",
                "to": "address:features_contract",
                "value": "0",
                "function": "load_big_uint",
                "arguments": [],
                "gasLimit": "50,000,000",
                "gasPrice": "0"
            },
            "expect": {
                "out": [ "123" ],
                "status": "",
                "logs": [],
                "gas": "*",
                "refund": "*"
            }
        },
        {
            "step": "scCall",
            "txId": "store-empty",
            "tx": {
                "from": "address:an_account",
                "to": "address:features_contract",
                "value": "0",
                "function": "store_big_uint",
                "arguments": [
                    "0"
                ],
                "gasLimit": "50,000,000",
                "gasPrice": "0"
            },
            "expect": {
                "out": [],
                "status": "",
                "logs": [],
                "gas": "*",
                "refund": "*"
            }
        },
        {
            "step": "checkState",
            "accounts": {
                "address:features_contract": {
                    "nonce": "0",
                    "balance": "0",
                    "storage": {
                        "``big_uint": "0"
                    },
                    "code": "file:../output/basic-features.wasm"
                },
                "address:an_account": {
                    "nonce": "*",
                    "balance": "*",
                    "storage": {},
                    "code": ""
                }
            }
        },
        {
            "step": "scCall",
            "txId": "load-empty",
            "tx": {
                "from": "address:an_account",
                "to": "address:features_contract",
                "value": "0",
                "function": "load_big_uint",
                "arguments": [],
                "gasLimit": "50,000,000",
                "gasPrice": "0"
            },
            "expect": {
                "out": [ "0" ],
                "status": "",
                "logs": [],
                "gas": "*",
                "refund": "*"
            }
        }
    ]
}
