{
    "name": "transfer fungible ok",
    "steps": [
        {
            "step": "externalSteps",
            "path": "create_token_fungible.scen.json"
        },
        {
            "step": "setState",
            "accounts": {
                "address:user_mock_sc": {
                    "nonce": "0",
                    "balance": "0",
                    "storage": {},
                    "code": "file:../../erc1155-user-mock/output/erc1155-user-mock.wasm"
                }
            }
        },
        {
            "step": "scCall",
            "txId": "transfer-fungible-ok",
            "tx": {
                "from": "address:creator",
                "to": "address:contract_address",
                "value": "0",
                "function": "safeTransferFrom",
                "arguments": [
                    "address:creator",
                    "address:user_mock_sc",
                    "1",
                    "300",
                    "str:data"
                ],
                "gasLimit": "0x100000",
                "gasPrice": "0x00"
            },
            "expect": {
                "out": [],
                "status": "0",
                "message": "",
                "logs": [],
                "gas": "*",
                "refund": "*"
            }
        },
        {
            "step": "checkState",
            "accounts": {
                "address:owner": {
                    "nonce": "1",
                    "balance": "0",
                    "storage": {}
                },
                "address:creator": {
                    "nonce": "2",
                    "balance": "0",
                    "storage": {}
                },
                "address:user_mock_sc": {
                    "nonce": "0",
                    "balance": "0",
                    "storage": {},
                    "code": "file:../../erc1155-user-mock/output/erc1155-user-mock.wasm"
                },
                "address:contract_address": {
                    "nonce": "0",
                    "balance": "0",
                    "storage": {
                        "str:tokenTypeCreator|u32:1|u8:1": "address:creator",
                        "str:isFungible|u32:1|u8:1": "true",
                        "str:tokenTypeUri|u32:1|u8:1": "str:https://token-cdn-domain/{id}.json",
                        "str:balanceOf|address:creator|str:.mapped|u8:1": "700",
                        "str:balanceOf|address:user_mock_sc|str:.mapped|u8:1": "300",
                        
                        "str:lastValidTypeId": "1",

                        "str:balanceOf|address:creator|str:.node_links|u32:1": "u32:0|u32:0",
                        "str:balanceOf|address:creator|str:.value|u32:1": "1",
                        "str:balanceOf|address:creator|str:.node_id|u8:1": "1",
                        "str:balanceOf|address:creator|str:.info": "u32:1|u32:1|u32:1|u32:1",

                        "str:balanceOf|address:user_mock_sc|str:.node_links|u32:1": "u32:0|u32:0",
                        "str:balanceOf|address:user_mock_sc|str:.value|u32:1": "1",
                        "str:balanceOf|address:user_mock_sc|str:.node_id|u8:1": "1",
                        "str:balanceOf|address:user_mock_sc|str:.info": "u32:1|u32:1|u32:1|u32:1"
                    },
                    "code": "file:../output/erc1155.wasm"
                }
            }
        }
    ]
}
