{
    "name": "transfer_Caller-StillNoOverflow",
    "gasSchedule": "dummy",
    "steps": [
        {
            "step": "setState",
            "accounts": {
                "``account_1_____________________s1": {
                    "nonce": "0",
                    "balance": "0xe8d4a51000",
                    "storage": {},
                    "code": ""
                },
                "``busd__________________________s1": {
                    "nonce": "0",
                    "balance": "0",
                    "storage": {
                        "``balance|``account_1_____________________s1": "0xfffffffffffffffffffffffffffffffffffffffffffffffffffffffffffffff5",
                        "``total_supply": "0xfffffffffffffffffffffffffffffffffffffffffffffffffffffffffffffff5"
                    },
                    "code": "file:../output/erc20.wasm"
                }
            }
        },
        {
            "step": "scCall",
            "txId": "1",
            "tx": {
                "from": "``account_1_____________________s1",
                "to": "``busd__________________________s1",
                "value": "0",
                "function": "transfer",
                "arguments": [
                    "``account_1_____________________s1",
                    "0x0b"
                ],
                "gasLimit": "0x100000",
                "gasPrice": "0x01"
            },
            "expect": {
                "out": [],
                "status": "",
                "logs": [
                    {
                        "address": "``busd__________________________s1",
                        "identifier": "str:transfer",
                        "topics": [
                            "``account_1_____________________s1",
                            "``account_1_____________________s1"
                        ],
                        "data": "0x0b"
                    }
                ],
                "gas": "*",
                "refund": "*"
            }
        },
        {
            "step": "checkState",
            "accounts": {
                "``account_1_____________________s1": {
                    "nonce": "1",
                    "balance": "0xe8d4951000",
                    "storage": {},
                    "code": ""
                },
                "``busd__________________________s1": {
                    "nonce": "0",
                    "balance": "0",
                    "storage": {
                        "``balance|``account_1_____________________s1": "0xfffffffffffffffffffffffffffffffffffffffffffffffffffffffffffffff5",
                        "``total_supply": "0xfffffffffffffffffffffffffffffffffffffffffffffffffffffffffffffff5"
                    },
                    "code": "file:../output/erc20.wasm"
                }
            }
        }
    ]
}
