{
    "name": "unwrap rewa",
    "steps": [
        {
            "step": "externalSteps",
            "path": "wrap_rewa.scen.json"
        },
        {
            "step": "scCall",
            "txId": "unwrap-rewa",
            "tx": {
                "from": "address:user",
                "to": "address:contract",
                "value": "0",
                "dcdtTokenName": "str:WREWA-abcdef",
                "dcdtValue": "300",
                "function": "unwrapRewa",
                "arguments": [],
                "gasLimit": "100,000,000",
                "gasPrice": "0"
            },
            "expect": {
                "status": "0",
                "message": "",
                "logs": [
                    {
                        "address": "address:contract",
                        "identifier": "str:unwrap-rewa",
                        "topics": [
                            "address:user"
                        ],
                        "data": "300"
                    }
                ],
                "gas": "*",
                "refund": "*"
            }
        },
        {
            "step": "checkState",
            "accounts": {
                "address:user": {
                    "nonce": "2",
                    "balance": "800",
                    "dcdt": {
                        "str:WREWA-abcdef": "200"
                    },
                    "storage": {}
                },
                "address:contract": {
                    "nonce": "0",
                    "balance": "200",
                    "dcdt": {
                        "str:WREWA-abcdef": "1800"
                    },
                    "storage": {
                        "str:wrapped_rewa_token_id": "str:WREWA-abcdef",
                        "str:unused_wrapped_rewa": "1800"
                    },
                    "code": "file:../output/rewa-dcdt-swap.wasm"
                }
            }
        }
    ]
}
