{
    "name": "use_module",
    "steps": [
        {
            "step": "setState",
            "accounts": {
                "address:owner": {
                    "nonce": "5",
                    "balance": "0",
                    "storage": {},
                    "code": ""
                }
            },
            "newAddresses": [
                {
                    "creatorAddress": "address:owner",
                    "creatorNonce": "5",
                    "newAddress": "address:use_module_address"
                }
            ]
        },
        {
            "step": "scDeploy",
            "txId": "1",
            "tx": {
                "from": "address:owner",
                "value": "0",
                "contractCode": "file:../output/use-module.wasm",
                "arguments": [],
                "gasLimit": "100,000",
                "gasPrice": "0"
            },
            "expect": {
                "out": [],
                "status": "",
                "logs": [],
                "gas": "*",
                "refund": "*"
            }
        },
        {
            "step": "scCall",
            "txId": "call_mod_a",
            "tx": {
                "from": "address:owner",
                "to": "address:use_module_address",
                "value": "0",
                "function": "call_mod_a",
                "arguments": [],
                "gasLimit": "100,000",
                "gasPrice": "0"
            },
            "expect": {
                "out": [],
                "status": "",
                "logs": [],
                "gas": "*",
                "refund": "*"
            }
        },
        {
            "step": "scCall",
            "txId": "call_mod_a",
            "tx": {
                "from": "address:owner",
                "to": "address:use_module_address",
                "value": "0",
                "function": "call_mod_b",
                "arguments": [],
                "gasLimit": "100,000",
                "gasPrice": "0"
            },
            "expect": {
                "out": [],
                "status": "",
                "logs": [],
                "gas": "*",
                "refund": "*"
            }
        }
    ]
}
