{
    "buildInfo": {
        "rustc": {
            "version": "1.85.0",
            "commitHash": "4d91de4e48198da2e33413efdcd9cd2cc0c46688",
            "commitDate": "2025-02-17",
            "channel": "Stable",
            "short": "rustc 1.85.0 (4d91de4e4 2025-02-17)"
        },
        "contractCrate": {
            "name": "str-repeat",
            "version": "0.0.0"
        },
        "framework": {
            "name": "dharitri-sc",
            "version": "0.54.2"
        }
    },
    "name": "StrRepeat",
    "constructor": {
        "inputs": [],
        "outputs": []
    },
    "endpoints": [
        {
            "name": "mb_builder_benchmark",
            "mutability": "readonly",
            "inputs": [
                {
                    "name": "payload",
                    "type": "u32"
                },
                {
                    "name": "num_repeats",
                    "type": "u32"
                }
            ],
            "outputs": [
                {
                    "type": "bytes"
                }
            ],
            "labels": [
                "mb-builder"
            ]
        }
    ],
    "dcdtAttributes": [],
    "hasCallback": false,
    "types": {}
}
