{
    "steps": [
        {
            "step": "externalSteps",
            "path": "steps/init_accounts.steps.json"
        },
        {
            "step": "externalSteps",
            "path": "steps/deploy_minimal.steps.json"
        },
        {
            "step": "setState",
            "accounts": {
                "address:faucet": {
                    "balance": "10"
                }
            }
        },
        {
            "step": "transfer",
            "id": "1",
            "tx": {
                "from": "address:faucet",
                "to": "sc:multisig",
                "rewaValue": "10"
            }
        },
        {
            "step": "scCall",
            "id": "propose-send-to-other-shard-1",
            "tx": {
                "from": "address:alice",
                "to": "sc:multisig",
                "function": "proposeTransferExecute",
                "arguments": [
                    "sc:other-shard-1",
                    "10",
                    "0x",
                    "0x"
                ],
                "gasLimit": "100,000,000",
                "gasPrice": "0"
            },
            "expect": {
                "out": [
                    "1"
                ],
                "status": "",
                "logs": "*",
                "gas": "*",
                "refund": "*"
            }
        },
        {
            "step": "scCall",
            "id": "perform-send-to-other-shard-1",
            "tx": {
                "from": "address:alice",
                "to": "sc:multisig",
                "function": "performAction",
                "arguments": [
                    "1"
                ],
                "gasLimit": "50,000,000",
                "gasPrice": "0"
            },
            "expect": {
                "out": [],
                "status": "",
                "logs": "*",
                "gas": "*",
                "refund": "*"
            }
        }
    ]
}
