{
    "steps": [
        {
            "step": "externalSteps",
            "path": "steps/init_accounts.steps.json"
        },
        {
            "step": "externalSteps",
            "path": "steps/deploy.steps.json"
        },
        {
            "step": "externalSteps",
            "path": "steps/add_prop.steps.json"
        },
        {
            "step": "externalSteps",
            "path": "steps/add_bm.steps.json"
        },
        {
            "step": "scCall",
            "id": "proposeSCDeploy",
            "comment": "missing argument",
            "tx": {
                "from": "address:paul",
                "to": "sc:multisig",
                "function": "proposeSCDeployFromSource",
                "arguments": [
                    "0",
                    "sc:adder-code",
                    "0x0502"
                ],
                "gasLimit": "200,000,000",
                "gasPrice": "0"
            },
            "expect": {
                "out": [
                    "3"
                ],
                "status": "",
                "logs": "*",
                "gas": "*",
                "refund": "*"
            }
        },
        {
            "step": "scCall",
            "id": "sc-deploy-sign-alice",
            "tx": {
                "from": "address:alice",
                "to": "sc:multisig",
                "function": "sign",
                "arguments": [
                    "3"
                ],
                "gasLimit": "50,000,000",
                "gasPrice": "0"
            },
            "expect": {
                "out": [],
                "status": "",
                "logs": "*",
                "gas": "*",
                "refund": "*"
            }
        },
        {
            "step": "scCall",
            "id": "sc-deploy-sign-bob",
            "tx": {
                "from": "address:bob",
                "to": "sc:multisig",
                "function": "sign",
                "arguments": [
                    "3"
                ],
                "gasLimit": "50,000,000",
                "gasPrice": "0"
            },
            "expect": {
                "out": [],
                "status": "",
                "logs": "*",
                "gas": "*",
                "refund": "*"
            }
        },
        {
            "step": "setState",
            "newAddresses": [
                {
                    "creatorAddress": "sc:multisig",
                    "creatorNonce": "0",
                    "newAddress": "sc:adder"
                }
            ]
        },
        {
            "step": "scCall",
            "id": "sc-deploy-perform-err",
            "tx": {
                "from": "address:paul",
                "to": "sc:multisig",
                "function": "performAction",
                "arguments": [
                    "3"
                ],
                "gasLimit": "90,000,000",
                "gasPrice": "0"
            },
            "expect": {
                "out": [],
                "status": "10",
                "message": "str:error signalled by smartcontract",
                "logs": "*",
                "gas": "*",
                "refund": "*"
            }
        }
    ]
}
