{
    "steps": [
        {
            "step": "externalSteps",
            "path": "upgrade.scen.json"
        },
        {
            "step": "scCall",
            "id": "proposeSCUpgradeFromSource",
            "comment": "missing argument",
            "tx": {
                "from": "address:paul",
                "to": "sc:multisig",
                "function": "proposeSCUpgradeFromSource",
                "arguments": [
                    "sc:multisig-child",
                    "0",
                    "sc:multisig",
                    "0x0502"
                ],
                "gasLimit": "20,000,000",
                "gasPrice": "0"
            },
            "expect": {
                "out": [
                    "5"
                ],
                "status": "",
                "logs": "*",
                "gas": "*",
                "refund": "*"
            }
        },
        {
            "step": "scCall",
            "id": "sc-deploy-sign-alice",
            "tx": {
                "from": "address:alice",
                "to": "sc:multisig",
                "function": "sign",
                "arguments": [
                    "5"
                ],
                "gasLimit": "50,000,000",
                "gasPrice": "0"
            },
            "expect": {
                "out": [],
                "status": "",
                "logs": "*",
                "gas": "*",
                "refund": "*"
            }
        },
        {
            "step": "scCall",
            "id": "sc-deploy-sign-bob",
            "tx": {
                "from": "address:bob",
                "to": "sc:multisig",
                "function": "sign",
                "arguments": [
                    "5"
                ],
                "gasLimit": "50,000,000",
                "gasPrice": "0"
            },
            "expect": {
                "out": [],
                "status": "",
                "logs": "*",
                "gas": "*",
                "refund": "*"
            }
        },
        {
            "step": "scCall",
            "id": "sc-deploy-perform-3",
            "tx": {
                "from": "address:paul",
                "to": "sc:multisig",
                "function": "performAction",
                "arguments": [
                    "5"
                ],
                "gasLimit": "70,000,000",
                "gasPrice": "0"
            },
            "expect": {
                "out": [],
                "status": "",
                "logs": "*",
                "gas": "*",
                "refund": "*"
            }
        },
        {
            "step": "checkState",
            "accounts": {
                "sc:multisig-child": {
                    "nonce": "0",
                    "balance": "0",
                    "storage": {
                        "str:user_ids_count": "1",
                        "str:user_ids_address_to_id|address:paul": "1",
                        "str:user_ids_id_to_address|u32:1": "address:paul",
                        "str:user_role|u32:1": "2",
                        "str:num_board_members": "1",
                        "str:quorum_ids": "1",
                        "str:sum": "1234"
                    },
                    "code": "file:../output/multisig.wasm"
                },
                "+": ""
            }
        }
    ]
}
