{
    "name": "2nd ticket bought by the same account",
    "gasSchedule": "dummy",
    "steps": [
        {
            "step": "externalSteps",
            "path": "buy-ticket.scen.json"
        },
        {
            "step": "setState",
            "accounts": {
                "address:acc1": {
                    "nonce": "1",
                    "balance": "1,000,000",
                    "dcdt": {
                        "str:LOTTERY-123456": "100"
                    }
                }
            }
        },
        {
            "step": "scCall",
            "txId": "buy-ticket-2-same-account",
            "tx": {
                "from": "address:acc1",
                "to": "sc:lottery",
                "dcdtValue": [
                    {
                        "tokenIdentifier": "str:LOTTERY-123456",
                        "value": "100"
                    }
                ],
                "function": "buy_ticket",
                "arguments": [
                    "str:lottery_name"
                ],
                "gasLimit": "100,000,000",
                "gasPrice": "0"
            },
            "expect": {
                "out": [],
                "status": "",
                "gas": "*",
                "refund": "*"
            }
        },
        {
            "step": "checkState",
            "accounts": {
                "address:my_address": {
                    "nonce": "2",
                    "balance": "1,000,000",
                    "storage": {}
                },
                "address:acc1": {
                    "nonce": "2",
                    "balance": "1,000,000",
                    "storage": {}
                },
                "address:acc2": {
                    "nonce": "0",
                    "balance": "1,000,000",
                    "storage": {}
                },
                "sc:lottery": {
                    "nonce": "0",
                    "balance": "0",
                    "dcdt": {
                        "str:LOTTERY-123456": "200"
                    },
                    "storage": {
                        "str:lotteryInfo|nested:str:lottery_name": {
                            "0-token_identifier": "nested:str:LOTTERY-123456",
                            "1-ticket_price": "biguint:100",
                            "2-tickets-left": "u32:0",
                            "3-deadline": "u64:123,456",
                            "4-max_entries_per_user": "u32:800",
                            "5-prize_distribution": "nested:u8:100",
                            "6-prize_pool": "biguint:200"
                        },
                        "str:ticketHolder|nested:str:lottery_name|str:.len": "2",
                        "str:ticketHolder|nested:str:lottery_name|str:.item|u32:1": "address:acc1",
                        "str:ticketHolder|nested:str:lottery_name|str:.item|u32:2": "address:acc1",
                        "str:numberOfEntriesForUser|u32:12|str:lottery_name|address:acc1": "2"
                    },
                    "code": "file:../output/lottery-dcdt.wasm"
                }
            }
        }
    ]
}
