{
    "name": "buy ticket after announced winner",
    "gasSchedule": "dummy",
    "steps": [
        {
            "step": "externalSteps",
            "path": "determine-winner-different-ticket-holders-winner-acc1.scen.json"
        },
        {
            "step": "setState",
            "accounts": {
                "address:acc1": {
                    "nonce": "1",
                    "balance": "1,000,000",
                    "dcdt": {
                        "str:LOTTERY-123456": "100"
                    }
                }
            }
        },
        {
            "step": "scCall",
            "txId": "buy-ticket-after-announced-winner",
            "tx": {
                "from": "address:acc1",
                "to": "sc:lottery",
                "dcdtValue": [
                    {
                        "tokenIdentifier": "str:LOTTERY-123456",
                        "value": "100"
                    }
                ],
                "function": "buy_ticket",
                "arguments": [
                    "str:lottery_name"
                ],
                "gasLimit": "100,000,000",
                "gasPrice": "0"
            },
            "expect": {
                "out": [],
                "status": "4",
                "message": "str:Lottery is currently inactive.",
                "gas": "*",
                "refund": "*"
            }
        },
        {
            "step": "checkState",
            "accounts": {
                "address:my_address": {
                    "nonce": "3",
                    "balance": "1,000,000",
                    "storage": {}
                },
                "address:acc1": {
                    "nonce": "2",
                    "balance": "1,000,000",
                    "dcdt": {
                        "str:LOTTERY-123456": "100"
                    },
                    "storage": {}
                },
                "address:acc2": {
                    "nonce": "1",
                    "balance": "1,000,000",
                    "storage": {}
                },
                "sc:lottery": {
                    "nonce": "0",
                    "balance": "0",
                    "storage": {},
                    "code": "file:../output/lottery-dcdt.wasm"
                }
            }
        }
    ]
}
