{
    "name": "determine winner with split prize pool acc5 1st, acc1 2nd",
    "gasSchedule": "dummy",
    "steps": [
        {
            "step": "externalSteps",
            "path": "buy-all-tickets-different-accounts.scen.json"
        },
        {
            "step": "setState",
            "currentBlockInfo": {
                "blockTimestamp": "123456789",
                "blockRandomSeed": "0x000000040000000400000000000000000000000000000000000000000000000000000000000000000000000000000000"
            }
        },
        {
            "step": "scCall",
            "txId": "determine-winner-with-split-prize-pool",
            "tx": {
                "from": "address:acc4",
                "to": "sc:lottery",
                "function": "determine_winner",
                "arguments": [
                    "str:lottery_name"
                ],
                "gasLimit": "100,000,000",
                "gasPrice": "0"
            },
            "expect": {
                "out": [],
                "status": "0",
                "gas": "*",
                "refund": "*"
            }
        },
        {
            "step": "checkState",
            "accounts": {
                "address:my_address": {
                    "nonce": "2",
                    "balance": "1,000,000",
                    "storage": {}
                },
                "address:acc1": {
                    "nonce": "1",
                    "balance": "1,000,000",
                    "dcdt": {
                        "str:LOTTERY-123456": "375"
                    },
                    "storage": {}
                },
                "address:acc2": {
                    "nonce": "1",
                    "balance": "1,000,000",
                    "storage": {}
                },
                "address:acc3": {
                    "nonce": "1",
                    "balance": "1,000,000",
                    "storage": {}
                },
                "address:acc4": {
                    "nonce": "2",
                    "balance": "1,000,000",
                    "dcdt": {
                        "str:LOTTERY-123456": "125"
                    },
                    "storage": {}
                },
                "address:acc5": {
                    "nonce": "1",
                    "balance": "1,000,000",
                    "storage": {}
                },
                "sc:lottery": {
                    "nonce": "0",
                    "balance": "0",
                    "storage": {},
                    "code": "file:../output/lottery-dcdt.wasm"
                }
            }
        }
    ]
}
