{
    "name": "start with all options",
    "gasSchedule": "dummy",
    "steps": [
        {
            "step": "externalSteps",
            "path": "lottery-init.scen.json"
        },
        {
            "step": "scCall",
            "txId": "start with all options",
            "tx": {
                "from": "address:my_address",
                "to": "sc:lottery",
                "function": "start",
                "arguments": [
                    "str:lottery_name",
                    "str:LOTTERY-123456",
                    "100",
                    "0x01|u32:5",
                    "0x01|u64:123,456",
                    "0x01|u32:1",
                    "0x01|u32:2|u8:75|u8:25",
                    "0x01|u32:3|address:my_address|address:acc1|address:acc2"
                ],
                "gasLimit": "100,000,000",
                "gasPrice": "0"
            },
            "expect": {
                "out": [],
                "status": "",
                "gas": "*",
                "refund": "*"
            }
        },
        {
            "step": "checkState",
            "accounts": {
                "address:my_address": {
                    "nonce": "2",
                    "balance": "1,000,000",
                    "storage": {}
                },
                "address:acc1": {
                    "nonce": "0",
                    "balance": "1,000,000",
                    "storage": {}
                },
                "address:acc2": {
                    "nonce": "0",
                    "balance": "1,000,000",
                    "storage": {}
                },
                "sc:lottery": {
                    "nonce": "0",
                    "balance": "0",
                    "storage": {
                        "str:lotteryInfo|nested:str:lottery_name": {
                            "0-token_identifier": "nested:str:LOTTERY-123456",
                            "1-ticket_price": "biguint:100",
                            "2-tickets-left": "u32:5",
                            "3-deadline": "u64:123,456",
                            "4-max_entries_per_user": "u32:1",
                            "5-prize_distribution": "u32:2|u8:75|u8:25",
                            "6-prize_pool": "biguint:0"
                        },
                        "+": ""
                    },
                    "code": "file:../output/lottery-dcdt.wasm"
                }
            }
        }
    ]
}
