{
    "name": "init",
    "gasSchedule": "v3",
    "traceGas": false,
    "steps": [
        {
            "step": "setState",
            "accounts": {
                "address:owner": {
                    "nonce": "0",
                    "balance": "0",
                    "dcdt": {
                        "str:LAUNCH-123456": "2,000,000"
                    },
                    "storage": {}
                },
                "address:user1": {
                    "nonce": "0",
                    "balance": "1,000,000",
                    "storage": {}
                },
                "address:user2": {
                    "nonce": "0",
                    "balance": "1,000,000",
                    "storage": {}
                },
                "address:user3": {
                    "nonce": "0",
                    "balance": "1,000,000",
                    "storage": {}
                }
            },
            "newAddresses": [
                {
                    "creatorAddress": "address:owner",
                    "creatorNonce": "0",
                    "newAddress": "sc:launchpad"
                }
            ]
        },
        {
            "step": "scDeploy",
            "txId": "deploy",
            "tx": {
                "from": "address:owner",
                "contractCode": "file:../output/launchpad.wasm",
                "value": "0",
                "arguments": [
                    "str:LAUNCH-123456",
                    "100,000",
                    "str:REWA",
                    "100",
                    "5",
                    "25",
                    "50",
                    "100"
                ],
                "gasLimit": "20,000,000",
                "gasPrice": "0"
            },
            "expect": {
                "status": "0",
                "message": "",
                "gas": "*",
                "refund": "*"
            }
        },
        {
            "step": "checkState",
            "accounts": {
                "address:owner": {
                    "nonce": "1",
                    "balance": "0",
                    "dcdt": {
                        "str:LAUNCH-123456": "2,000,000"
                    },
                    "storage": {}
                },
                "sc:launchpad": {
                    "nonce": "0",
                    "balance": "0",
                    "storage": {
                        "str:launchpadTokenId": "str:LAUNCH-123456",
                        "str:launchpadTokensPerWinningTicket": "100,000",
                        "str:nrWinningTickets": "5",
                        "str:ticketPrice": {
                            "1-token_id": "nested:str:REWA",
                            "2-amount": "biguint:100"
                        },
                        "str:configuration": {
                            "1-confirmation_period_start_block": "u64:25",
                            "2-winner_selection_start_block": "u64:50",
                            "3-claim_start_block": "u64:100"
                        },
                        "str:flags": "u8:0|u8:0|u8:0|u8:1",
                        "str:supportAddress": "address:owner"
                    },
                    "code": "file:../output/launchpad.wasm"
                },
                "+": {}
            }
        }
    ]
}
