{
    "name": "filter and select winners in multiple calls",
    "gasSchedule": "v3",
    "traceGas": false,
    "steps": [
        {
            "traceGas": false,
            "step": "externalSteps",
            "path": "confirm_tickets.scen.json"
        },
        {
            "step": "setState",
            "currentBlockInfo": {
                "blockNonce": "55"
            }
        },
        {
            "step": "scCall",
            "txId": "try-select-winners-before-filtering",
            "tx": {
                "from": "address:owner",
                "to": "sc:launchpad",
                "value": "0",
                "function": "selectWinners",
                "arguments": [],
                "gasLimit": "50,000,000",
                "gasPrice": "0"
            },
            "expect": {
                "status": "4",
                "message": "str:Must filter tickets first",
                "out": [],
                "gas": "*",
                "refund": "*"
            }
        },
        {
            "step": "scCall",
            "txId": "filter-tickets-1",
            "tx": {
                "from": "address:owner",
                "to": "sc:launchpad",
                "value": "0",
                "function": "filterTickets",
                "arguments": [],
                "gasLimit": "10,000,000",
                "gasPrice": "0"
            },
            "expect": {
                "status": "0",
                "message": "",
                "out": [
                    "str:interrupted"
                ],
                "gas": "*",
                "refund": "*"
            }
        },
        {
            "step": "scCall",
            "txId": "filter-tickets-2",
            "tx": {
                "from": "address:owner",
                "to": "sc:launchpad",
                "value": "0",
                "function": "filterTickets",
                "arguments": [],
                "gasLimit": "30,000,000",
                "gasPrice": "0"
            },
            "expect": {
                "status": "0",
                "message": "",
                "out": [
                    "str:completed"
                ],
                "gas": "*",
                "refund": "*"
            }
        },
        {
            "step": "checkState",
            "accounts": {
                "sc:launchpad": {
                    "nonce": "0",
                    "balance": "1,100",
                    "dcdt": {
                        "str:LAUNCH-123456": "500,000"
                    },
                    "storage": {
                        "str:lastTicketId": "11",

                        "str:ticketRangeForAddress|address:user1": "u32:1|u32:10",
                        "str:ticketRangeForAddress|address:user2": "",
                        "str:ticketRangeForAddress|address:user3": "u32:11|u32:11",

                        "str:ticketBatch|u32:1": "address:user1|u32:10",
                        "str:ticketBatch|u32:11": "address:user3|u32:1",
                        "str:ticketBatch|u32:31": "",
                        
                        "str:flags": {
                            "1-has_winner_selection_process_started": "u8:1",
                            "2-were_tickets_filtered": "u8:1",
                            "3-were_winners_selected": "u8:0",
                            "4-was_additional_step_completed": "u8:1"
                        },

                        "+": ""
                    },
                    "code": "*"
                },
                "+": {}
            }
        },
        {
            "step": "scQuery",
            "txId": "get ticket range user3",
            "tx": {
                "to": "sc:launchpad",
                "function": "getTicketRangeForAddress",
                "arguments": [
                    "address:user3"
                ]
            },
            "expect": {
                "out": [
                    "11", "11"
                ]
            }
        },
        {
            "step": "scCall",
            "txId": "select-winners",
            "tx": {
                "from": "address:owner",
                "to": "sc:launchpad",
                "value": "0",
                "function": "selectWinners",
                "arguments": [],
                "gasLimit": "15,000,000",
                "gasPrice": "0"
            },
            "expect": {
                "status": "0",
                "message": "",
                "out": [
                    "str:interrupted"
                ],
                "gas": "*",
                "refund": "*"
            }
        },
        {
            "step": "scCall",
            "txId": "select-winners-2",
            "tx": {
                "from": "address:owner",
                "to": "sc:launchpad",
                "value": "0",
                "function": "selectWinners",
                "arguments": [],
                "gasLimit": "30,000,000",
                "gasPrice": "0"
            },
            "expect": {
                "status": "0",
                "message": "",
                "out": [
                    "str:completed"
                ],
                "gas": "*",
                "refund": "*"
            }
        },
        {
            "step": "checkState",
            "accounts": {
                "sc:launchpad": {
                    "nonce": "0",
                    "balance": "1,100",
                    "dcdt": {
                        "str:LAUNCH-123456": "500,000"
                    },
                    "storage": {
                        "str:lastTicketId": "11",

                        "str:ticketRangeForAddress|address:user1": "u32:1|u32:10",
                        "str:ticketRangeForAddress|address:user2": "",
                        "str:ticketRangeForAddress|address:user3": "u32:11|u32:11",

                        "str:ticketBatch|u32:1": "address:user1|u32:10",
                        "str:ticketBatch|u32:11": "address:user3|u32:1",
                        "str:ticketBatch|u32:31": "",

                        "str:ticketStatus|u32:2": "1",
                        "str:ticketStatus|u32:3": "1",
                        "str:ticketStatus|u32:4": "1",
                        "str:ticketStatus|u32:7": "1",
                        "str:ticketStatus|u32:10": "1",
                        
                        "str:flags": {
                            "1-has_winner_selection_process_started": "u8:1",
                            "2-were_tickets_filtered": "u8:1",
                            "3-were_winners_selected": "u8:1",
                            "4-was_additional_step_completed": "u8:1"
                        },

                        "+": ""
                    },
                    "code": "*"
                },
                "+": {}
            }
        }
    ]
}
