{
    "buildInfo": {
        "rustc": {
            "version": "1.76.0-nightly",
            "commitHash": "d86d65bbc19b928387f68427fcc3a0da498d8a19",
            "commitDate": "2023-12-10",
            "channel": "Nightly",
            "short": "rustc 1.76.0-nightly (d86d65bbc 2023-12-10)"
        },
        "contractCrate": {
            "name": "factorial",
            "version": "0.0.0"
        },
        "framework": {
            "name": "dharitri-sc",
            "version": "0.45.2"
        }
    },
    "name": "Factorial",
    "constructor": {
        "inputs": [],
        "outputs": []
    },
    "endpoints": [
        {
            "name": "upgrade",
            "mutability": "mutable",
            "inputs": [],
            "outputs": []
        },
        {
            "name": "factorial",
            "mutability": "mutable",
            "inputs": [
                {
                    "name": "value",
                    "type": "BigUint"
                }
            ],
            "outputs": [
                {
                    "type": "BigUint"
                }
            ]
        }
    ],
    "dcdtAttributes": [],
    "hasCallback": false,
    "types": {}
}
