{
    "steps": [
        {
            "step": "externalSteps",
            "path": "steps/init_accounts.steps.json"
        },
        {
            "step": "externalSteps",
            "path": "steps/deploy.steps.json"
        },
        {
            "step": "externalSteps",
            "path": "steps/add_prop.steps.json"
        },
        {
            "step": "externalSteps",
            "path": "steps/add_bm.steps.json"
        },
        {
            "step": "setState",
            "accounts": {
                "address:dcdt-owner": {
                    "dcdt": {
                        "str:FUNG-TOKEN": "1000",
                        "str:NFT-123456": {
                            "instances": [
                                {
                                    "nonce": "1",
                                    "balance": "1"
                                }
                            ]
                        },
                        "str:SFT-456789": {
                            "instances": [
                                {
                                    "nonce": "3",
                                    "balance": "10"
                                }
                            ]
                        }
                    }
                }
            }
        },
        {
            "step": "transfer",
            "id": "multi-transfer",
            "tx": {
                "from": "address:dcdt-owner",
                "to": "sc:multisig",
                "dcdtValue": [
                    {
                        "tokenIdentifier": "str:FUNG-TOKEN",
                        "value": "1000"
                    },
                    {
                        "tokenIdentifier": "str:NFT-123456",
                        "nonce": "1",
                        "value": "1"
                    },
                    {
                        "tokenIdentifier": "str:SFT-456789",
                        "nonce": "3",
                        "value": "10"
                    }
                ],
                "gasLimit": "10,000,000",
                "gasPrice": "0"
            }
        },
        {
            "step": "scCall",
            "id": "proposeSendDcdt",
            "tx": {
                "from": "address:paul",
                "to": "sc:multisig",
                "function": "proposeAsyncCall",
                "arguments": [
                    "sc:multisig",
                    "0",
                    "str:MultiDCDTNFTTransfer",
                    "address:dcdt-owner",
                    "3",
                    "str:FUNG-TOKEN",
                    "0",
                    "1000",
                    "str:NFT-123456",
                    "1",
                    "1",
                    "str:SFT-456789",
                    "3",
                    "10"
                ],
                "gasLimit": "20,000,000",
                "gasPrice": "0"
            },
            "expect": {
                "out": [
                    "3"
                ],
                "status": "",
                "gas": "*",
                "refund": "*"
            }
        },
        {
            "step": "scCall",
            "id": "sc-deploy-sign-alice",
            "tx": {
                "from": "address:alice",
                "to": "sc:multisig",
                "function": "sign",
                "arguments": [
                    "3"
                ],
                "gasLimit": "50,000,000",
                "gasPrice": "0"
            },
            "expect": {
                "out": [],
                "status": "",
                "logs": "*",
                "gas": "*",
                "refund": "*"
            }
        },
        {
            "step": "scCall",
            "id": "sc-deploy-sign-bob",
            "tx": {
                "from": "address:bob",
                "to": "sc:multisig",
                "function": "sign",
                "arguments": [
                    "3"
                ],
                "gasLimit": "50,000,000",
                "gasPrice": "0"
            },
            "expect": {
                "out": [],
                "status": "",
                "logs": "*",
                "gas": "*",
                "refund": "*"
            }
        },
        {
            "step": "scCall",
            "id": "send-dcdt-perform-1",
            "tx": {
                "from": "address:paul",
                "to": "sc:multisig",
                "function": "performAction",
                "arguments": [
                    "3"
                ],
                "gasLimit": "80,000,000",
                "gasPrice": "0"
            },
            "expect": {
                "out": [],
                "status": "",
                "logs": [
                    {
                        "address": "sc:multisig",
                        "endpoint": "str:performAction",
                        "topics": [
                            "str:startPerformAction"
                        ],
                        "data": "*"
                    },
                    {
                        "address": "sc:multisig",
                        "endpoint": "str:performAction",
                        "topics": [
                            "str:performAsyncCall",
                            "3",
                            "sc:multisig",
                            "0",
                            "*",
                            "str:MultiDCDTNFTTransfer",
                            "address:dcdt-owner",
                            "3",
                            "str:FUNG-TOKEN",
                            "0",
                            "1000",
                            "str:NFT-123456",
                            "1",
                            "1",
                            "str:SFT-456789",
                            "3",
                            "10"
                        ],
                        "data": ""
                    },
                    {
                        "address": "sc:multisig",
                        "endpoint": "str:MultiDCDTNFTTransfer",
                        "topics": [
                            "str:FUNG-TOKEN",
                            "0",
                            "1000",
                            "address:dcdt-owner"
                        ],
                        "data": ""
                    },
                    {
                        "address": "sc:multisig",
                        "endpoint": "str:MultiDCDTNFTTransfer",
                        "topics": [
                            "str:NFT-123456",
                            "1",
                            "1",
                            "address:dcdt-owner"
                        ],
                        "data": ""
                    },
                    {
                        "address": "sc:multisig",
                        "endpoint": "str:MultiDCDTNFTTransfer",
                        "topics": [
                            "str:SFT-456789",
                            "3",
                            "10",
                            "address:dcdt-owner"
                        ],
                        "data": ""
                    },
                    {
                        "address": "sc:multisig",
                        "endpoint": "str:callBack",
                        "topics": [
                            "str:asyncCallSuccess"
                        ],
                        "data": ""
                    }
                ],
                "gas": "*",
                "refund": "*"
            }
        },
        {
            "step": "checkState",
            "accounts": {
                "address:dcdt-owner": {
                    "nonce": "1",
                    "dcdt": {
                        "str:FUNG-TOKEN": "1000",
                        "str:NFT-123456": {
                            "instances": [
                                {
                                    "nonce": "1",
                                    "balance": "1"
                                }
                            ]
                        },
                        "str:SFT-456789": {
                            "instances": [
                                {
                                    "nonce": "3",
                                    "balance": "10"
                                }
                            ]
                        }
                    }
                },
                "+": ""
            }
        }
    ]
}
