{
    "name": "unbond",
    "steps": [
        {
            "step": "externalSteps",
            "path": "enter_farm.scen.json"
        },
        {
            "step": "scQuery",
            "txId": "calculateRewards-1",
            "tx": {
                "to": "sc:farm_contract",
                "function": "calculateRewardsForGivenPosition",
                "arguments": [
                    "address:user1",
                    "100,000,000",
                    {
                        "1-reward_per_share": "biguint:0",
                        "2-entering_epoch": "u64:0",
                        "3:compounded_reward": "biguint:0",
                        "4-current_farm_amount": "biguint:100,000,000",
                        "5-original_owner": "address:user1"
                    }
                ]
            },
            "expect": {
                "out": [
                    "0"
                ],
                "status": "0",
                "message": "",
                "refund": "*"
            }
        },
        {
            "step": "setState",
            "comment": "set block nonce. Set per_block_reward and produce_rewards_enabled",
            "currentBlockInfo": {
                "blockNonce": "2"
            },
            "accounts": {
                "sc:farm_contract": {
                    "nonce": "0",
                    "balance": "0",
                    "dcdt": {
                        "str:FARM-abcdef": {
                            "lastNonce": "2",
                            "roles": [
                                "DCDTRoleNFTCreate",
                                "DCDTRoleNFTAddQuantity",
                                "DCDTRoleNFTBurn"
                            ]
                        },
                        "str:LPTOK-abcdef": {
                            "instances": [
                                {
                                    "nonce": "0",
                                    "balance": "200000000"
                                }
                            ],
                            "lastNonce": "0"
                        },
                        "str:WREWA-abcdef": {
                            "roles": [
                                "DCDTRoleLocalMint"
                            ]
                        }
                    },
                    "storage": {
                        "str:division_safety_constant": "1,000,000,000,000",
                        "str:farm_token_id": "str:FARM-abcdef",
                        "str:farm_token_supply": "200,000,000",
                        "str:farming_token_id": "str:LPTOK-abcdef",
                        "str:minimum_farming_epochs": "2",
                        "str:pair_contract_address": "sc:pair_contract",
                        "str:penalty_percent": "100",
                        "str:reward_token_id": "str:WREWA-abcdef",
                        "str:router_address": "sc:router_contract",
                        "str:state": "1",
                        "str:per_block_reward_amount": "500",
                        "str:produce_rewards_enabled": "1"
                    },
                    "code": "file:../farm/output/farm.wasm",
                    "owner": "address:owner"
                }
            }
        },
        {
            "step": "scQuery",
            "txId": "calculateRewards-2",
            "tx": {
                "to": "sc:farm_contract",
                "function": "calculateRewardsForGivenPosition",
                "arguments": [
                    "address:user1",
                    "100,000,000",
                    {
                        "1-reward_per_share": "biguint:0",
                        "2-entering_epoch": "u64:0",
                        "3:compounded_reward": "biguint:0",
                        "4-current_farm_amount": "biguint:100,000,000",
                        "5-original_owner": "address:user1"
                    }
                ]
            },
            "expect": {
                "out": [
                    "500"
                ],
                "status": "0",
                "message": ""
            }
        }
    ]
}
