{
    "name": "enter farm",
    "steps": [
        {
            "step": "externalSteps",
            "path": "complete_setup.scen.json"
        },
        {
            "step": "externalSteps",
            "path": "steps/setup_farm_contract.steps.json"
        },
        {
            "step": "scCall",
            "txId": "enter farm",
            "tx": {
                "from": "address:user_with_moa",
                "to": "sc:farm_contract",
                "dcdtValue": [
                    {
                        "tokenIdentifier": "str:MOA-abcdef",
                        "value": "100,000,000"
                    }
                ],
                "function": "enterFarm",
                "arguments": [],
                "gasLimit": "100,000,000",
                "gasPrice": "0"
            },
            "expect": {
                "out": [
                    {
                        "1-token_id": "nested:str:FARM-abcdef",
                        "2-nonce": "u64:1",
                        "3-amount": "biguint:100,000,000"
                    },
                    {
                        "1-token_id": "nested:str:MOA-abcdef",
                        "2-nonce": "u64:0",
                        "3-amount": "biguint:0"
                    }
                ],
                "status": "0",
                "message": "",
                "gas": "*",
                "refund": "*"
            }
        },
        {
            "step": "checkState",
            "accounts": {
                "address:user_with_moa": {
                    "nonce": "*",
                    "balance": "100,000,000",
                    "dcdt": {
                        "str:FARM-abcdef": {
                            "instances": [
                                {
                                    "nonce": "1",
                                    "balance": "100,000,000"
                                }
                            ]
                        },
                        "str:MOA-abcdef": "4,900,000,000"
                    },
                    "storage": {},
                    "code": ""
                },
                "+": ""
            }
        }
    ]
}
