{
    "name": "exit farm",
    "steps": [
        {
            "step": "externalSteps",
            "path": "enter_farm.scen.json"
        },
        {
            "step": "checkState",
            "accounts": {
                "address:user1": {
                    "nonce": "*",
                    "balance": "1,000,000,000,000,000,000,000,000,000,000",
                    "dcdt": {
                        "str:WREWA-abcdef": "3,000,000,000",
                        "str:ALC-abcdef": "3,000,000,000",
                        "str:BLC-abcdef": "5,000,000,000",
                        "str:FARM-abcdef": {
                            "instances": [
                                {
                                    "nonce": "0x01",
                                    "balance": "100,000,000"
                                },
                                {
                                    "nonce": "0x02",
                                    "balance": "100,000,000"
                                }
                            ]
                        },
                        "str:LPTOK-abcdef": "1,799,999,000"
                    }
                },
                "+": ""
            }
        },
        {
            "step": "scCall",
            "txId": "unstake",
            "tx": {
                "from": "address:user1",
                "to": "sc:farm_contract",
                "dcdtValue": [
                    {
                        "tokenIdentifier": "str:FARM-abcdef",
                        "nonce": "2",
                        "value": "100,000"
                    }
                ],
                "function": "exitFarm",
                "arguments": [],
                "gasLimit": "1,000,000,000",
                "gasPrice": "0"
            },
            "expect": {
                "out": [
                    {
                        "1-token_id": "nested:str:LPTOK-abcdef",
                        "2-nonce": "u64:0",
                        "3-amount": "biguint:99,000"
                    },
                    {
                        "1-token_id": "nested:str:WREWA-abcdef",
                        "2-nonce": "u64:0",
                        "3-amount": "biguint:0"
                    }
                ],
                "status": "0",
                "message": "*",
                "gas": "*",
                "refund": "*"
            }
        },
        {
            "step": "checkState",
            "accounts": {
                "address:user1": {
                    "nonce": "*",
                    "balance": "1,000,000,000,000,000,000,000,000,000,000",
                    "dcdt": {
                        "str:WREWA-abcdef": "3,000,000,000",
                        "str:ALC-abcdef": "3,000,000,000",
                        "str:BLC-abcdef": "5,000,000,000",
                        "str:FARM-abcdef": {
                            "instances": [
                                {
                                    "nonce": "0x01",
                                    "balance": "100,000,000"
                                },
                                {
                                    "nonce": "0x02",
                                    "balance": "99,900,000"
                                }
                            ]
                        },
                        "str:LPTOK-abcdef": "1,800,098,000"
                    }
                },
                "+": ""
            }
        },
        {
            "step": "setState",
            "currentBlockInfo": {
                "blockEpoch": "5"
            }
        },
        {
            "step": "scCall",
            "txId": "unstake2",
            "tx": {
                "from": "address:user1",
                "to": "sc:farm_contract",
                "dcdtValue": [
                    {
                        "tokenIdentifier": "str:FARM-abcdef",
                        "nonce": "2",
                        "value": "100,000"
                    }
                ],
                "function": "exitFarm",
                "arguments": [],
                "gasLimit": "1,000,000,000",
                "gasPrice": "0"
            },
            "expect": {
                "out": [
                    {
                        "1-token_id": "nested:str:LPTOK-abcdef",
                        "2-nonce": "u64:0",
                        "3-amount": "biguint:100,000"
                    },
                    {
                        "1-token_id": "nested:str:WREWA-abcdef",
                        "2-nonce": "u64:0",
                        "3-amount": "biguint:0"
                    }
                ],
                "status": "0",
                "message": "",
                "gas": "*",
                "refund": "*"
            }
        },
        {
            "step": "checkState",
            "accounts": {
                "address:user1": {
                    "nonce": "*",
                    "balance": "1,000,000,000,000,000,000,000,000,000,000",
                    "dcdt": {
                        "str:WREWA-abcdef": "3,000,000,000",
                        "str:ALC-abcdef": "3,000,000,000",
                        "str:BLC-abcdef": "5,000,000,000",
                        "str:FARM-abcdef": {
                            "instances": [
                                {
                                    "nonce": "0x01",
                                    "balance": "100,000,000"
                                },
                                {
                                    "nonce": "0x02",
                                    "balance": "99,800,000"
                                }
                            ]
                        },
                        "str:LPTOK-abcdef": "1,800,198,000"
                    }
                },
                "+": ""
            }
        }
    ]
}
