{
    "buildInfo": {
        "rustc": {
            "version": "1.87.0-nightly",
            "commitHash": "b74da9613a8cb5ba67a985f71325be0b7b16c0dd",
            "commitDate": "2025-03-06",
            "channel": "Nightly",
            "short": "rustc 1.87.0-nightly (b74da9613 2025-03-06)"
        },
        "contractCrate": {
            "name": "order-book-factory",
            "version": "0.0.0"
        },
        "framework": {
            "name": "dharitri-sc",
            "version": "0.54.4"
        }
    },
    "name": "Factory",
    "constructor": {
        "inputs": [
            {
                "name": "pair_template_address",
                "type": "Address"
            }
        ],
        "outputs": []
    },
    "endpoints": [
        {
            "name": "createPair",
            "mutability": "mutable",
            "inputs": [
                {
                    "name": "token_id_pair",
                    "type": "TokenIdPair"
                }
            ],
            "outputs": [
                {
                    "type": "Address"
                }
            ]
        },
        {
            "name": "getPair",
            "mutability": "readonly",
            "inputs": [
                {
                    "name": "token_id_pair",
                    "type": "TokenIdPair"
                }
            ],
            "outputs": [
                {
                    "type": "Option<Address>"
                }
            ]
        }
    ],
    "dcdtAttributes": [],
    "hasCallback": false,
    "types": {
        "TokenIdPair": {
            "type": "struct",
            "fields": [
                {
                    "name": "first_token_id",
                    "type": "TokenIdentifier"
                },
                {
                    "name": "second_token_id",
                    "type": "TokenIdentifier"
                }
            ]
        }
    }
}
