{
    "name": "adder",
    "comment": "add then check",
    "steps": [
        {
            "step": "scCall",
            "txId": "bm-add-1",
            "tx": {
                "from": "address:paul",
                "to": "sc:multisig",
                "value": "0",
                "function": "proposeAddBoardMember",
                "arguments": [
                    "address:dan"
                ],
                "gasLimit": "50,000,000",
                "gasPrice": "0"
            },
            "expect": {
                "out": ["2"],
                "status": "",
                "logs": [],
                "gas": "*",
                "refund": "*"
            }
        },
        {
            "step": "scCall",
            "txId": "prop-signers-2",
            "tx": {
                "from": "address:owner",
                "to": "sc:multisig",
                "value": "0",
                "function": "getActionSigners",
                "arguments": ["2"],
                "gasLimit": "50,000,000",
                "gasPrice": "0"
            },
            "expect": {
                "out": [
                    ""
                ],
                "status": "",
                "logs": [],
                "gas": "*",
                "refund": "*"
            }
        },
        {
            "step": "scCall",
            "txId": "bm-sign-alice",
            "tx": {
                "from": "address:alice",
                "to": "sc:multisig",
                "value": "0",
                "function": "sign",
                "arguments": ["2"],
                "gasLimit": "50,000,000",
                "gasPrice": "0"
            },
            "expect": {
                "out": [],
                "status": "",
                "logs": [],
                "gas": "*",
                "refund": "*"
            }
        },
        {
            "step": "scCall",
            "txId": "prop-signers-2",
            "tx": {
                "from": "address:owner",
                "to": "sc:multisig",
                "value": "0",
                "function": "getActionSigners",
                "arguments": ["2"],
                "gasLimit": "50,000,000",
                "gasPrice": "0"
            },
            "expect": {
                "out": [
                    "address:alice"
                ],
                "status": "",
                "logs": [],
                "gas": "*",
                "refund": "*"
            }
        },
        {
            "step": "scCall",
            "txId": "bm-add-1-try-perform-insufficient-signatures-num-valid-signatures",
            "tx": {
                "from": "address:paul",
                "to": "sc:multisig",
                "value": "0",
                "function": "getActionValidSignerCount",
                "arguments": ["2"],
                "gasLimit": "50,000,000",
                "gasPrice": "0"
            },
            "expect": {
                "out": [ "1" ],
                "status": "",
                "logs": [],
                "gas": "*",
                "refund": "*"
            }
        },
        {
            "step": "scCall",
            "txId": "bm-add-1-try-perform-insufficient-signatures",
            "tx": {
                "from": "address:paul",
                "to": "sc:multisig",
                "value": "0",
                "function": "performAction",
                "arguments": ["2"],
                "gasLimit": "50,000,000",
                "gasPrice": "0"
            },
            "expect": {
                "out": [],
                "status": "4",
                "message": "str:quorum has not been reached",
                "logs": [],
                "gas": "*",
                "refund": "*"
            }
        },
        {
            "step": "scCall",
            "txId": "prop-sign-bob",
            "tx": {
                "from": "address:bob",
                "to": "sc:multisig",
                "value": "0",
                "function": "sign",
                "arguments": ["2"],
                "gasLimit": "50,000,000",
                "gasPrice": "0"
            },
            "expect": {
                "out": [],
                "status": "",
                "logs": [],
                "gas": "*",
                "refund": "*"
            }
        },
        {
            "step": "scCall",
            "txId": "prop-signers-3",
            "tx": {
                "from": "address:owner",
                "to": "sc:multisig",
                "value": "0",
                "function": "getActionSigners",
                "arguments": ["2"],
                "gasLimit": "50,000,000",
                "gasPrice": "0"
            },
            "expect": {
                "out": [
                    "address:alice|address:bob"
                ],
                "status": "",
                "logs": [],
                "gas": "*",
                "refund": "*"
            }
        },
        {
            "step": "scCall",
            "txId": "prop-signers-3-count",
            "tx": {
                "from": "address:owner",
                "to": "sc:multisig",
                "value": "0",
                "function": "getActionSignerCount",
                "arguments": ["2"],
                "gasLimit": "50,000,000",
                "gasPrice": "0"
            },
            "expect": {
                "out": [
                    "2"
                ],
                "status": "",
                "logs": [],
                "gas": "*",
                "refund": "*"
            }
        },
        {
            "step": "scCall",
            "txId": "bm-add-1-perform",
            "tx": {
                "from": "address:paul",
                "to": "sc:multisig",
                "value": "0",
                "function": "performAction",
                "arguments": ["2"],
                "gasLimit": "50,000,000",
                "gasPrice": "0"
            },
            "expect": {
                "out": [],
                "status": "",
                "logs": [],
                "gas": "*",
                "refund": "*"
            }
        },
        {
            "step": "scCall",
            "txId": "getAllBoardMembers",
            "tx": {
                "from": "address:paul",
                "to": "sc:multisig",
                "value": "0",
                "function": "getAllBoardMembers",
                "arguments": [],
                "gasLimit": "50,000,000",
                "gasPrice": "0"
            },
            "expect": {
                "out": [
                    "address:alice",
                    "address:bob",
                    "address:charlie",
                    "address:dan"
                ],
                "status": "",
                "logs": [],
                "gas": "*",
                "refund": "*"
            }
        }
    ]
}
