{
    "name": "auction sft sell all",
    "steps": [
        {
            "step": "externalSteps",
            "path": "init.scen.json"
        },
        {
            "step": "setState",
            "comment": "set current block timestamp",
            "currentBlockInfo": {
                "blockTimestamp": "123,000"
            }
        },
        {
            "step": "scCall",
            "txId": "auctionToken",
            "comment": "arguments are: min_bid, max_bid, deadline, payment token, nonce 0, and true to flag only one token per user",
            "tx": {
                "from": "address:seller",
                "to": "sc:marketplace",
                "value": "0",
                "dcdt": {
                    "tokenIdentifier": "str:SFT-123456",
                    "nonce": "1",
                    "value": "10"
                },
                "function": "auctionToken",
                "arguments": [
                    "100",
                    "1,000",
                    "123,456",
                    "str:REWA",
                    "0",
                    "true"
                ],
                "gasLimit": "20,000,000",
                "gasPrice": "0"
            },
            "expect": {
                "status": "0",
                "message": "*",
                "gas": "*",
                "refund": "*"
            }
        },
        {
            "step": "checkState",
            "accounts": {
                "address:seller": {
                    "nonce": "1",
                    "balance": "0",
                    "dcdt": {
                        "str:SFT-123456": {
                            "instances": []
                        }
                    },
                    "storage": {}
                },
                "sc:marketplace": {
                    "nonce": "0",
                    "balance": "0",
                    "dcdt": {
                        "str:SFT-123456": {
                            "instances": [
                                {
                                    "nonce": "1",
                                    "balance": "10",
                                    "creator": "address:nft_creator",
                                    "royalties": "2000"
                                }
                            ]
                        }
                    },
                    "storage": {
                        "str:bidCutPerecentage": "1000",
                        "str:lastValidAuctionId": "1",
                        "str:auctionById|u64:1": {
                            "00-auctioned_token": "nested:str:SFT-123456|u64:1",
                            "01-nr_auctioned_tokens": "biguint:10",
                            "02-auction_type": "u8:3",
                            "03-auction_status": "u8:1",
                            "04-payment_token": "nested:str:REWA|u64:0",
                            "05-min_bid": "biguint:100",
                            "06-max_bid": "biguint:1000",
                            "07-start_time": "u64:123,000",
                            "08-deadline": "u64:123,456",
                            "09-original_owner": "address:seller",
                            "10-current_bid": "biguint:0",
                            "11-current_winner": "0x0000000000000000000000000000000000000000000000000000000000000000",
                            "12-marketplace_cut_percentage": "biguint:1000",
                            "13-creator_royalties_percentage": "biguint:2000"
                        }
                    },
                    "code": "file:../output/dcdt-nft-marketplace.wasm"
                },
                "+": {}
            }
        }
    ]
}
