{
    "name": "balanceOf",
    "gasSchedule": "dummy",
    "steps": [
        {
            "step": "setState",
            "accounts": {
                "address:crypto_bubbles_owner": {
                    "nonce": "0",
                    "balance": "0",
                    "storage": {},
                    "code": ""
                },
                "sc:crypto_bubbles": {
                    "nonce": "0",
                    "balance": "0x100",
                    "storage": {
                        "''owner": "address:crypto_bubbles_owner",
                        "''playerBalance|address:acc2": "0x100"
                    },
                    "code": "file:../output/crypto-bubbles.wasm"
                },
                "address:acc1": {
                    "nonce": "0",
                    "balance": "0x300abc",
                    "storage": {},
                    "code": ""
                }
            }
        },
        {
            "step": "scCall",
            "txId": "1",
            "tx": {
                "from": "address:acc1",
                "to": "sc:crypto_bubbles",
                "value": "0",
                "function": "balanceOf",
                "arguments": [
                    "address:acc2"
                ],
                "gasLimit": "0x100000",
                "gasPrice": "0x01"
            },
            "expect": {
                "out": [
                    "0x100"
                ],
                "status": "",
                "logs": [],
                "gas": "*",
                "refund": "*"
            }
        },
        {
            "step": "scCall",
            "txId": "2",
            "tx": {
                "from": "address:acc1",
                "to": "sc:crypto_bubbles",
                "value": "0",
                "function": "balanceOf",
                "arguments": [
                    "address:acc3"
                ],
                "gasLimit": "0x100000",
                "gasPrice": "0x01"
            },
            "expect": {
                "out": [
                    "0"
                ],
                "status": "",
                "logs": [],
                "gas": "*",
                "refund": "*"
            }
        },
        {
            "step": "checkState",
            "accounts": {
                "address:crypto_bubbles_owner": {
                    "nonce": "0",
                    "balance": "0",
                    "storage": {},
                    "code": ""
                },
                "sc:crypto_bubbles": {
                    "nonce": "0",
                    "balance": "0x100",
                    "storage": {
                        "''owner": "address:crypto_bubbles_owner",
                        "''playerBalance|address:acc2": "0x100"
                    },
                    "code": "file:../output/crypto-bubbles.wasm"
                },
                "address:acc1": {
                    "nonce": "2",
                    "balance": "0x100abc",
                    "storage": {},
                    "code": ""
                }
            }
        }
    ]
}
