{
    "name": "batch transfer non-fungible",
    "gasSchedule": "dummy",
    "steps": [
        {
            "step": "externalSteps",
            "path": "create_two_tokens_both_non_fungible_same_creator.scen.json"
        },
        {
            "step": "scCall",
            "txId": "batch-transfer-non-fungible",
            "tx": {
                "from": "address:creator",
                "to": "sc:erc1155",
                "value": "0",
                "function": "safeBatchTransferFrom",
                "arguments": [
                    "address:creator",
                    "address:user1",
                    "u32:1|u8:1|u32:1|u8:1|u32:1|u8:2|u32:1|u8:2",
                    "u32:1|u8:1|u32:1|u8:3|u32:1|u8:1|u32:1|u8:3",
                    "str:data"
                ],
                "gasLimit": "0x100000",
                "gasPrice": "0x00"
            },
            "expect": {
                "out": [],
                "status": "0",
                "message": "",
                "logs": [],
                "gas": "*",
                "refund": "*"
            }
        },
        {
            "step": "checkState",
            "accounts": {
                "address:owner": {
                    "nonce": "1",
                    "balance": "0",
                    "storage": {}
                },
                "address:creator": {
                    "nonce": "3",
                    "balance": "0",
                    "storage": {}
                },
                "sc:erc1155": {
                    "nonce": "0",
                    "balance": "0",
                    "storage": {
                        "str:tokenTypeCreator|u32:1|u8:1": "address:creator",
                        "str:isFungible|u32:1|u8:1": "false",
                        "str:tokenTypeUri|u32:1|u8:1": "str:https://token-cdn-domain/{id}.json",
                        "str:lastValidTokenIdForType|u32:1|u8:1": "5",
                        "str:balanceOf|address:creator|str:.mapped|u8:1": "3",
                        "str:balanceOf|address:user1|str:.mapped|u8:1": "2",

                        "str:tokenTypeCreator|u32:1|u8:2": "address:creator",
                        "str:isFungible|u32:1|u8:2": "false",
                        "str:tokenTypeUri|u32:1|u8:2": "str:https://second-token-cdn-domain/{id}.json",
                        "str:lastValidTokenIdForType|u32:1|u8:2": "3",
                        "str:balanceOf|address:creator|str:.mapped|u8:2": "1",
                        "str:balanceOf|address:user1|str:.mapped|u8:2": "2",

                        "str:lastValidTypeId": "2",

                        "str:tokenOwner|u32:1|u8:1|u32:1|u8:1": "address:user1",
                        "str:tokenOwner|u32:1|u8:1|u32:1|u8:2": "address:creator",
                        "str:tokenOwner|u32:1|u8:1|u32:1|u8:3": "address:user1",
                        "str:tokenOwner|u32:1|u8:1|u32:1|u8:4": "address:creator",
                        "str:tokenOwner|u32:1|u8:1|u32:1|u8:5": "address:creator",

                        "str:tokenOwner|u32:1|u8:2|u32:1|u8:1": "address:user1",
                        "str:tokenOwner|u32:1|u8:2|u32:1|u8:2": "address:creator",
                        "str:tokenOwner|u32:1|u8:2|u32:1|u8:3": "address:user1",

                        "str:balanceOf|address:creator|str:.node_links|u32:1": "u32:0|u32:2",
                        "str:balanceOf|address:creator|str:.value|u32:1": "1",
                        "str:balanceOf|address:creator|str:.node_id|u8:1": "1",

                        "str:balanceOf|address:creator|str:.node_links|u32:2": "u32:1|u32:0",
                        "str:balanceOf|address:creator|str:.value|u32:2": "2",
                        "str:balanceOf|address:creator|str:.node_id|u8:2": "2",

                        "str:balanceOf|address:creator|str:.info": "u32:2|u32:1|u32:2|u32:2",

                        "str:balanceOf|address:user1|str:.node_links|u32:1": "u32:0|u32:2",
                        "str:balanceOf|address:user1|str:.value|u32:1": "1",
                        "str:balanceOf|address:user1|str:.node_id|u8:1": "1",

                        "str:balanceOf|address:user1|str:.node_links|u32:2": "u32:1|u32:0",
                        "str:balanceOf|address:user1|str:.value|u32:2": "2",
                        "str:balanceOf|address:user1|str:.node_id|u8:2": "2",

                        "str:balanceOf|address:user1|str:.info": "u32:2|u32:1|u32:2|u32:2"
                    },
                    "code": "file:../output/erc1155.wasm"
                }
            }
        }
    ]
}
