{
    "name": "second bid",
    "steps": [
        {
            "step": "externalSteps",
            "path": "bid_sft_sell_all_first.scen.json"
        },
        {
            "step": "scCall",
            "txId": "second bid",
            "tx": {
                "from": "address:second_bidder",
                "to": "sc:marketplace",
                "value": "200",
                "function": "bid",
                "arguments": [
                    "1",
                    "str:SFT-123456",
                    "1"
                ],
                "gasLimit": "10,000,000",
                "gasPrice": "0"
            },
            "expect": {
                "status": "0",
                "message": "",
                "gas": "*",
                "refund": "*"
            }
        },
        {
            "step": "checkState",
            "accounts": {
                "address:first_bidder": {
                    "nonce": "1",
                    "balance": "1000",
                    "storage": {}
                },
                "address:second_bidder": {
                    "nonce": "1",
                    "balance": "800",
                    "storage": {}
                },
                "sc:marketplace": {
                    "nonce": "0",
                    "balance": "200",
                    "dcdt": {
                        "str:SFT-123456": {
                            "instances": [
                                {
                                    "nonce": "1",
                                    "balance": "10",
                                    "creator": "address:nft_creator",
                                    "royalties": "2000"
                                }
                            ]
                        }
                    },
                    "storage": {
                        "str:bidCutPerecentage": "1000",
                        "str:lastValidAuctionId": "1",
                        "str:auctionById|u64:1": {
                            "00-auctioned_token": "nested:str:SFT-123456|u64:1",
                            "01-nr_auctioned_tokens": "biguint:10",
                            "02-auction_type": "u8:2",
                            "03-auction_status": "u8:1",
                            "04-payment_token": "nested:str:REWA|u64:0",
                            "05-min_bid": "biguint:100",
                            "06-max_bid": "biguint:1000",
                            "07-start_time": "u64:123,000",
                            "08-deadline": "u64:123,456",
                            "09-original_owner": "address:seller",
                            "10-current_bid": "biguint:200",
                            "11-current_winner": "address:second_bidder",
                            "12-marketplace_cut_percentage": "biguint:1000",
                            "13-creator_royalties_percentage": "biguint:2000"
                        }
                    },
                    "code": "file:../output/dcdt-nft-marketplace.wasm"
                },
                "+": {}
            }
        }
    ]
}
