{
    "name": "bid siring auction",
    "gasSchedule": "dummy",
    "steps": [
        {
            "step": "externalSteps",
            "path": "create_siring_auction_ok.scen.json"
        },
        {
            "step": "scCall",
            "txId": "tx-bid-siring-auction",
            "tx": {
                "from": "address:bidder1",
                "to": "sc:kitty_auction_contract",
                "value": "5000",
                "function": "bid",
                "arguments": ["1"],
                "gasLimit": "100,000,000",
                "gasPrice": "0"
            },
            "expect": {
                "message": "",
                "status": "0",
                "gas": "*",
                "refund": "*"
            }
        },
        {
            "step": "checkState",
            "accounts": {
                "address:my_address": {
                    "nonce": "4",
                    "balance": "1,000,000",
                    "storage": {}
                },
                "address:bidder1": {
                    "nonce": "2",
                    "balance": "995,000",
                    "storage": {}
                },
                "address:bidder2": {
                    "nonce": "3",
                    "balance": "999,500",
                    "storage": {}
                },
                "sc:kitty_ownership_contract": {
                    "nonce": "0",
                    "balance": "0",
                    "storage": {
                        "str:kittyAuctionContractAddress": "sc:kitty_auction_contract",
                        "str:totalKitties": "2",
                        "str:kitty|u32:0": "u8:0|u8:0|u8:0|u8:0|u8:0|u8:0|u8:0|u64:0|u64:0|u32:0|u32:0|u32:0|u16:0|u16:0",
                        "str:kitty|u32:1": "u8:1|u8:2|u8:3|u8:4|u8:5|u8:6|u8:7|u64:123456|u64:0|u32:0|u32:0|u32:0|u16:0|u16:0",

                        "str:nrOwnedKitties|sc:kitty_auction_contract": "1",
                        "str:owner|u32:1": "sc:kitty_auction_contract"
                    },
                    "code": "file:../../kitty-ownership/output/kitty-ownership.wasm"
                },
                "sc:kitty_auction_contract": {
                    "nonce": "0",
                    "balance": "5500",
                    "storage": {
                        "str:kittyOwnershipContractAddress": "sc:kitty_ownership_contract",
                        "str:genZeroKittyStartingPrice": "100",
                        "str:genZeroKittyEndingPrice": "500",
                        "str:genZeroKittyAuctionDuration": "100,000",

                        "str:auction|u32:1": "u8:1|u32:2|u16:1000|u32:2|u16:5000|u64:200000|address:bidder2|u32:2|u16:5000|address:bidder1"
                    },
                    "code": "file:../output/kitty-auction.wasm"
                }
            }
        }
    ]
}
