{
    "name": "bid second",
    "gasSchedule": "dummy",
    "steps": [
        {
            "step": "externalSteps",
            "path": "bid_first_rewa.scen.json"
        },
        {
            "step": "scCall",
            "txId": "bid-second",
            "tx": {
                "from": "address:user2",
                "to": "sc:marketplace_contract",
                "value": "300",
                "function": "bid",
                "arguments": [
                    "1",
                    "2"
                ],
                "gasLimit": "0x100000",
                "gasPrice": "0x00"
            },
            "expect": {
                "out": [],
                "status": "0",
                "message": "",
                "logs": [],
                "gas": "*",
                "refund": "*"
            }
        },
        {
            "step": "checkState",
            "accounts": {
                "address:creator": {
                    "nonce": "1",
                    "balance": "1000",
                    "dcdt": {
                        "str:marketToken": "1000"
                    },
                    "storage": {}
                },
                "address:user1": {
                    "nonce": "1",
                    "balance": "1000",
                    "dcdt": {
                        "str:marketToken": "1000"
                    },
                    "storage": {}
                },
                "address:user2": {
                    "nonce": "1",
                    "balance": "700",
                    "dcdt": {
                        "str:marketToken": "1000"
                    },
                    "storage": {}
                },
                "sc:ownership_contract": {
                    "nonce": "0",
                    "balance": "0",
                    "storage": {
                        "str:tokenTypeCreator|u32:1|u8:1": "address:creator",
                        "str:isFungible|u32:1|u8:1": "false",
                        "str:tokenTypeUri|u32:1|u8:1": "str:https://token-cdn-domain/{id}.json",
                        "str:lastValidTokenIdForType|u32:1|u8:1": "5",
                        "str:balanceOf|address:creator|str:.mapped|u8:1": "4",
                        "str:balanceOf|sc:marketplace_contract|str:.mapped|u8:1": "1",

                        "str:lastValidTypeId": "1",

                        "str:tokenOwner|u32:1|u8:1|u32:1|u8:1": "address:creator",
                        "str:tokenOwner|u32:1|u8:1|u32:1|u8:2": "sc:marketplace_contract",
                        "str:tokenOwner|u32:1|u8:1|u32:1|u8:3": "address:creator",
                        "str:tokenOwner|u32:1|u8:1|u32:1|u8:4": "address:creator",
                        "str:tokenOwner|u32:1|u8:1|u32:1|u8:5": "address:creator",

                        "str:balanceOf|address:creator|str:.node_links|u32:1": "u32:0|u32:0",
                        "str:balanceOf|address:creator|str:.value|u32:1": "1",
                        "str:balanceOf|address:creator|str:.node_id|u8:1": "1",
                        "str:balanceOf|address:creator|str:.info": "u32:1|u32:1|u32:1|u32:1",

                        "str:balanceOf|sc:marketplace_contract|str:.node_links|u32:1": "u32:0|u32:0",
                        "str:balanceOf|sc:marketplace_contract|str:.value|u32:1": "1",
                        "str:balanceOf|sc:marketplace_contract|str:.node_id|u8:1": "1",
                        "str:balanceOf|sc:marketplace_contract|str:.info": "u32:1|u32:1|u32:1|u32:1"
                    },
                    "code": "file:../../erc1155/output/erc1155.wasm"
                },
                "sc:marketplace_contract": {
                    "nonce": "0",
                    "balance": "300",
                    "storage": {
                        "str:tokenOwnershipContractAddress": "sc:ownership_contract",
                        "str:percentageCut": "10",
                        "str:auctionForToken|u32:1|u8:1|u32:1|u8:2": "u32:4|str:REWA|u32:1|u8:100|u32:2|u16:500|u64:1000|address:creator|u32:2|u16:300|address:user2"
                    },
                    "code": "file:../output/erc1155-marketplace.wasm"
                }
            }
        }
    ]
}
