{
    "name": "breed ok",
    "gasSchedule": "dummy",
    "steps": [
        {
            "step" :"externalSteps",
            "path": "approve_siring.scen.json"
        },
        {
            "step": "scCall",
            "txId": "tx-breed-ok",
            "tx": {
                "from": "address:acc2",
                "to": "sc:kitty_ownership_contract",
                "value": "10",
                "function": "breedWith",
                "arguments": [
                    "2",
                    "1"
                ],
                "gasLimit": "100,000,000",
                "gasPrice": "0"
            },
            "expect": {
                "message": "",
                "status": "0",
                "gas": "*",
                "refund": "*"
            }
        },
        {
            "step": "checkState",
            "accounts": {
                "address:acc1": {
                    "nonce": "1",
                    "balance": "1,000,000",
                    "storage": {}
                },
                "address:acc2": {
                    "nonce": "1",
                    "balance": "999,990",
                    "storage": {}
                },
                "address:my_address": {
                    "nonce": "2",
                    "balance": "1,000,000",
                    "storage": {}
                },
                "sc:kitty_ownership_contract": {
                    "nonce": "0",
                    "balance": "10",
                    "storage": {
                        "str:geneScienceContractAddress": "sc:kitty_genetic_alg",
                        "str:kittyAuctionContractAddress": "sc:kitty_auction_contract",
                        "str:birthFee": "10",
                        "str:totalKitties": "3",

                        "str:kitty|u32:0": "u8:0|u8:0|u8:0|u8:0|u8:0|u8:0|u8:0|u64:0|u64:0|u32:0|u32:0|u32:0|u16:0|u16:0",
                        "str:kitty|u32:1": "u8:0|u8:0|u8:0|u8:0|u8:0|u8:0|u8:0|u64:0|u64:100,060|u32:0|u32:0|u32:0|u16:0|u16:0",
                        "str:kitty|u32:2": "u8:255|u8:255|u8:255|u8:255|u8:255|u8:255|u8:255|u64:0|u64:100,060|u32:0|u32:0|u32:1|u16:0|u16:0",
                        
                        "str:owner|u32:1": "address:acc1",
                        "str:owner|u32:2": "address:acc2",

                        "str:nrOwnedKitties|address:acc1": "1",
                        "str:nrOwnedKitties|address:acc2": "1"
                    },
                    "code": "file:../output/kitty-ownership.wasm"
                },
                "+": ""
            }
        }
    ]
}
