{
    "name": "buy ticket 2nd lottery",
    "gasSchedule": "dummy",
    "steps": [
        {
            "step": "externalSteps",
            "path": "start-second-lottery.scen.json"
        },
        {
            "step": "setState",
            "accounts": {
                "sc:erc20": {
                    "nonce": "0",
                    "balance": "0",
                    "storage": {
                        "''balance|address:erc20_owner": "997,000,000",
                        "''balance|address:my_address": "1,000,000",
                        "''balance|address:acc1": "1,000,000",
                        "''balance|address:acc2": "1,000,000",
                        "''balance|sc:lottery": "0",
                        "''allowance|address:acc1|sc:lottery": "500",
                        "''allowance|address:acc2|sc:lottery": "500",
                        "''total_supply": "1,000,000,000"
                    },
                    "code": "file:../../erc20/output/erc20.wasm"
                }
            }
        },
        {
            "step": "scCall",
            "txId": "buy-ticket-2nd-lottery",
            "tx": {
                "from": "address:acc1",
                "to": "sc:lottery",
                "value": "0",
                "function": "buy_ticket",
                "arguments": [
                    "str:lottery_$$$$",
                    "500"
                ],
                "gasLimit": "100,000,000",
                "gasPrice": "0"
            },
            "expect": {
                "status": "",
                "gas": "*",
                "refund": "*",
                "logs": "*"
            }
        },
        {
            "step": "checkState",
            "accounts": {
                "address:my_address": {
                    "nonce": "2",
                    "balance": "1,000,000",
                    "storage": {}
                },
                "address:acc1": {
                    "nonce": "2",
                    "balance": "1,000,000",
                    "storage": {}
                },
                "address:acc2": {
                    "nonce": "0",
                    "balance": "1,000,000",
                    "storage": {}
                },
                "sc:lottery": {
                    "nonce": "0",
                    "balance": "0",
                    "storage": {
                        "''lotteryInfo|u32:12|''lottery_name": "u32:1|u8:100|u32:2|u64:123,456|0xffffffff|u32:1|u8:100|u32:0|u32:0|u32:0|u32:0",

                        "''lotteryInfo|u32:12|''lottery_$$$$": "u32:2|u16:500|u32:4|u64:234,567|0xffffffff|u32:1|u8:100|u32:0|u32:1|u32:2|u16:500|u32:0",
                        "''ticketHolder|u32:12|''lottery_$$$$|0x00000000": "address:acc1",
                        "''numberOfEntriesForUser|u32:12|''lottery_$$$$|address:acc1": "1",

                        "''erc20_contract_address": "sc:erc20"
                    },
                    "code": "file:../output/lottery-erc20.wasm"
                },
                "sc:erc20": {
                    "nonce": "0",
                    "balance": "0",
                    "storage": {
                        "''balance|address:erc20_owner": "997,000,000",
                        "''balance|address:my_address": "1,000,000",
                        "''balance|address:acc1": "999,500",
                        "''balance|address:acc2": "1,000,000",
                        "''balance|sc:lottery": "500",
                        "''allowance|address:acc1|sc:lottery": "0",
                        "''allowance|address:acc2|sc:lottery": "500",
                        "''total_supply": "1,000,000,000"
                    },
                    "code": "file:../../erc20/output/erc20.wasm"
                },
                "address:erc20_owner": {
                    "nonce": "1",
                    "balance": "1,000,000",
                    "storage": {}
                }
            }
        }
    ]
}
