{
    "name": "create",
    "gasSchedule": "dummy",
    "steps": [
        {
            "step": "setState",
            "accounts": {
                "address:crypto_bubbles_owner": {
                    "nonce": "0",
                    "balance": "0xe8d4a51000",
                    "storage": {},
                    "code": ""
                }
            },
            "newAddresses": [
                {
                    "creatorAddress": "address:crypto_bubbles_owner",
                    "creatorNonce": "0",
                    "newAddress": "sc:crypto_bubbles"
                }
            ]
        },
        {
            "step": "scDeploy",
            "txId": "1",
            "tx": {
                "from": "address:crypto_bubbles_owner",
                "value": "0",
                "contractCode": "file:../output/crypto-bubbles.wasm",
                "arguments": [],
                "gasLimit": "0x100000",
                "gasPrice": "0x01"
            },
            "expect": {
                "out": [],
                "status": "",
                "logs": "*",
                "gas": "*",
                "refund": "*"
            }
        },
        {
            "step": "checkState",
            "accounts": {
                "address:crypto_bubbles_owner": {
                    "nonce": "1",
                    "balance": "0xe8d4951000",
                    "storage": {},
                    "code": ""
                },
                "sc:crypto_bubbles": {
                    "nonce": "0",
                    "balance": "0",
                    "storage": {
                        "''owner": "address:crypto_bubbles_owner"
                    },
                    "code": "file:../output/crypto-bubbles.wasm"
                }
            }
        }
    ]
}
