{
  "name": "crowdfunding deployment test",
  "steps": [
    {
      "step": "setState",
      "accounts": {
        "address:my_address": {
          "nonce": "0",
          "balance": "1,000,000",
          "storage": {}
        }
      },
      "newAddresses": [
        {
          "creatorAddress": "address:my_address",
          "creatorNonce": "0",
          "newAddress": "sc:crowdfunding"
        }
      ]
    },
    {
      "step": "scDeploy",
      "txId": "deploy",
      "tx": {
        "from": "address:my_address",
        "contractCode": "file:../output/crowdfunding-dcdt.wasm",
        "value": "0",
        "arguments": [
            "500,000,000,000",
            "123,000",
            "str:CROWD-123456"
        ],
        "gasLimit": "5,000,000",
        "gasPrice": "0"
      },
      "expect": {
        "status": "0",
        "gas": "*",
        "refund": "*"
      }
    },
    {
      "step": "checkState",
      "accounts": {
        "address:my_address": {
          "nonce": "1",
          "balance": "1,000,000",
          "storage": {}
        },
        "sc:crowdfunding": {
          "nonce": "0",
          "balance": "0",
          "storage": {
            "str:target": "500,000,000,000",
            "str:deadline": "123,000",
            "str:tokenName": "str:CROWD-123456"
          },
          "code": "file:../output/crowdfunding-dcdt.wasm"
        }
      }
    }
  ]
}
