{
    "name": "DcdtNftMarketplace",
    "constructor": {
        "inputs": [
            {
                "name": "bid_cut_percentage",
                "type": "u64"
            }
        ],
        "outputs": []
    },
    "endpoints": [
        {
            "name": "setCutPercentage",
            "inputs": [
                {
                    "name": "new_cut_percentage",
                    "type": "u64"
                }
            ],
            "outputs": []
        },
        {
            "name": "auctionToken",
            "payableInTokens": [
                "*"
            ],
            "inputs": [
                {
                    "name": "min_bid",
                    "type": "BigUint"
                },
                {
                    "name": "max_bid",
                    "type": "BigUint"
                },
                {
                    "name": "deadline",
                    "type": "u64"
                },
                {
                    "name": "accepted_payment_token",
                    "type": "TokenIdentifier"
                },
                {
                    "name": "opt_accepted_payment_token_nonce",
                    "type": "optional<u64>",
                    "multi_arg": true
                },
                {
                    "name": "opt_sft_max_one_per_payment",
                    "type": "optional<bool>",
                    "multi_arg": true
                },
                {
                    "name": "opt_start_time",
                    "type": "optional<u64>",
                    "multi_arg": true
                }
            ],
            "outputs": []
        },
        {
            "name": "bid",
            "payableInTokens": [
                "*"
            ],
            "inputs": [
                {
                    "name": "auction_id",
                    "type": "u64"
                },
                {
                    "name": "nft_type",
                    "type": "TokenIdentifier"
                },
                {
                    "name": "nft_nonce",
                    "type": "u64"
                }
            ],
            "outputs": []
        },
        {
            "name": "endAuction",
            "inputs": [
                {
                    "name": "auction_id",
                    "type": "u64"
                }
            ],
            "outputs": []
        },
        {
            "name": "buySftAfterEndAuction",
            "payableInTokens": [
                "*"
            ],
            "inputs": [
                {
                    "name": "auction_id",
                    "type": "u64"
                },
                {
                    "name": "nft_type",
                    "type": "TokenIdentifier"
                },
                {
                    "name": "nft_nonce",
                    "type": "u64"
                }
            ],
            "outputs": []
        },
        {
            "name": "withdraw",
            "inputs": [
                {
                    "name": "auction_id",
                    "type": "u64"
                }
            ],
            "outputs": []
        },
        {
            "name": "getMarketplaceCutPercentage",
            "inputs": [],
            "outputs": [
                {
                    "type": "BigUint"
                }
            ]
        },
        {
            "name": "getLastValidAuctionId",
            "inputs": [],
            "outputs": [
                {
                    "type": "u64"
                }
            ]
        },
        {
            "name": "doesAuctionExist",
            "inputs": [
                {
                    "name": "auction_id",
                    "type": "u64"
                }
            ],
            "outputs": [
                {
                    "type": "bool"
                }
            ]
        },
        {
            "name": "getAuctionedToken",
            "inputs": [
                {
                    "name": "auction_id",
                    "type": "u64"
                }
            ],
            "outputs": [
                {
                    "type": "optional<multi<TokenIdentifier,u64,BigUint>>",
                    "multi_result": true
                }
            ]
        },
        {
            "name": "getAuctionType",
            "inputs": [
                {
                    "name": "auction_id",
                    "type": "u64"
                }
            ],
            "outputs": [
                {
                    "type": "AuctionType"
                }
            ]
        },
        {
            "name": "getAuctionStatus",
            "inputs": [
                {
                    "name": "auction_id",
                    "type": "u64"
                }
            ],
            "outputs": [
                {
                    "type": "AuctionStatus"
                }
            ]
        },
        {
            "name": "getPaymentTokenForAuction",
            "inputs": [
                {
                    "name": "auction_id",
                    "type": "u64"
                }
            ],
            "outputs": [
                {
                    "type": "optional<multi<TokenIdentifier,u64>>",
                    "multi_result": true
                }
            ]
        },
        {
            "name": "getMinMaxBid",
            "inputs": [
                {
                    "name": "auction_id",
                    "type": "u64"
                }
            ],
            "outputs": [
                {
                    "type": "optional<multi<BigUint,BigUint>>",
                    "multi_result": true
                }
            ]
        },
        {
            "name": "getStartTime",
            "inputs": [
                {
                    "name": "auction_id",
                    "type": "u64"
                }
            ],
            "outputs": [
                {
                    "type": "optional<u64>",
                    "multi_result": true
                }
            ]
        },
        {
            "name": "getDeadline",
            "inputs": [
                {
                    "name": "auction_id",
                    "type": "u64"
                }
            ],
            "outputs": [
                {
                    "type": "optional<u64>",
                    "multi_result": true
                }
            ]
        },
        {
            "name": "getOriginalOwner",
            "inputs": [
                {
                    "name": "auction_id",
                    "type": "u64"
                }
            ],
            "outputs": [
                {
                    "type": "optional<Address>",
                    "multi_result": true
                }
            ]
        },
        {
            "name": "getCurrentWinningBid",
            "inputs": [
                {
                    "name": "auction_id",
                    "type": "u64"
                }
            ],
            "outputs": [
                {
                    "type": "optional<BigUint>",
                    "multi_result": true
                }
            ]
        },
        {
            "name": "getCurrentWinner",
            "inputs": [
                {
                    "name": "auction_id",
                    "type": "u64"
                }
            ],
            "outputs": [
                {
                    "type": "optional<Address>",
                    "multi_result": true
                }
            ]
        },
        {
            "name": "getFullAuctionData",
            "inputs": [
                {
                    "name": "auction_id",
                    "type": "u64"
                }
            ],
            "outputs": [
                {
                    "type": "optional<Auction>",
                    "multi_result": true
                }
            ]
        }
    ],
    "types": {
        "Auction": {
            "type": "struct",
            "fields": [
                {
                    "name": "auctioned_token",
                    "type": "DcdtToken"
                },
                {
                    "name": "nr_auctioned_tokens",
                    "type": "BigUint"
                },
                {
                    "name": "auction_type",
                    "type": "AuctionType"
                },
                {
                    "name": "auction_status",
                    "type": "AuctionStatus"
                },
                {
                    "name": "payment_token",
                    "type": "DcdtToken"
                },
                {
                    "name": "min_bid",
                    "type": "BigUint"
                },
                {
                    "name": "max_bid",
                    "type": "BigUint"
                },
                {
                    "name": "start_time",
                    "type": "u64"
                },
                {
                    "name": "deadline",
                    "type": "u64"
                },
                {
                    "name": "original_owner",
                    "type": "Address"
                },
                {
                    "name": "current_bid",
                    "type": "BigUint"
                },
                {
                    "name": "current_winner",
                    "type": "Address"
                },
                {
                    "name": "marketplace_cut_percentage",
                    "type": "BigUint"
                },
                {
                    "name": "creator_royalties_percentage",
                    "type": "BigUint"
                }
            ]
        },
        "AuctionStatus": {
            "type": "enum",
            "variants": [
                {
                    "name": "None",
                    "discriminant": 0
                },
                {
                    "name": "Running",
                    "discriminant": 1
                },
                {
                    "name": "SftWaitingForBuyOrOwnerClaim",
                    "discriminant": 2
                }
            ]
        },
        "AuctionType": {
            "type": "enum",
            "variants": [
                {
                    "name": "None",
                    "discriminant": 0
                },
                {
                    "name": "Nft",
                    "discriminant": 1
                },
                {
                    "name": "SftAll",
                    "discriminant": 2
                },
                {
                    "name": "SftOnePerPayment",
                    "discriminant": 3
                }
            ]
        },
        "DcdtToken": {
            "type": "struct",
            "fields": [
                {
                    "name": "token_type",
                    "type": "TokenIdentifier"
                },
                {
                    "name": "nonce",
                    "type": "u64"
                }
            ]
        }
    }
}
