{
    "name": "same account both tickets",
    "gasSchedule": "dummy",
    "steps": [
        {
            "step": "externalSteps",
            "path": "buy-ticket-same-account.scen.json"
        },
        {
            "step": "setState",
            "currentBlockInfo": {
                "blockNonce": "123,567",
                "blockTimestamp": "123456789"
            }
        },
        {
            "step": "scCall",
            "txId": "determine-winner-same-ticket-holder",
            "tx": {
                "from": "address:my_address",
                "to": "sc:lottery",
                "value": "0",
                "function": "determine_winner",
                "arguments": [
                    "str:lottery_name"
                ],
                "gasLimit": "100,000,000",
                "gasPrice": "0"
            },
            "expect": {
                "status": "0",
                "gas": "*",
                "refund": "*",
                "logs": "*"
            }
        },
        {
            "step": "checkState",
            "accounts": {
                "address:my_address": {
                    "nonce": "3",
                    "balance": "1,000,000",
                    "storage": {}
                },
                "address:acc1": {
                    "nonce": "2",
                    "balance": "1,000,000",
                    "storage": {}
                },
                "address:acc2": {
                    "nonce": "0",
                    "balance": "1,000,000",
                    "storage": {}
                },
                "sc:lottery": {
                    "nonce": "0",
                    "balance": "0",
                    "storage": {
                        "''erc20_contract_address": "sc:erc20"
                    },
                    "code": "file:../output/lottery-erc20.wasm"
                },
                "sc:erc20": {
                    "nonce": "0",
                    "balance": "0",
                    "storage": {
                        "''balance|address:erc20_owner": "997,000,000",
                        "''balance|address:my_address": "1,000,000",
                        "''balance|address:acc1": "1,000,000",
                        "''balance|address:acc2": "1,000,000",
                        "''balance|sc:lottery": "0",
                        "''allowance|address:acc1|sc:lottery": "0",
                        "''allowance|address:acc2|sc:lottery": "100",
                        "''total_supply": "1,000,000,000"
                    },
                    "code": "file:../../erc20/output/erc20.wasm"
                },
                "address:erc20_owner": {
                    "nonce": "1",
                    "balance": "1,000,000",
                    "storage": {}
                }
            }
        }
    ]
}
