{
    "name": "echo_big_int",
    "gasSchedule": "v3",
    "steps": [
        {
            "step": "setState",
            "accounts": {
                "sc:basic-features": {
                    "nonce": "0",
                    "balance": "0",
                    "storage": {},
                    "code": "file:../output/basic-features.wasm"
                },
                "address:an_account": {
                    "nonce": "0",
                    "balance": "0",
                    "storage": {},
                    "code": ""
                }
            }
        },
        {
            "step": "scCall",
            "txId": "1",
            "tx": {
                "from": "address:an_account",
                "to": "sc:basic-features",
                "value": "0",
                "function": "echo_big_int",
                "arguments": [
                    "0"
                ],
                "gasLimit": "50,000,000",
                "gasPrice": "0"
            },
            "expect": {
                "out": [
                    ""
                ],
                "status": "",
                "logs": [],
                "gas": "*",
                "refund": "*"
            }
        },
        {
            "step": "scCall",
            "txId": "2",
            "tx": {
                "from": "address:an_account",
                "to": "sc:basic-features",
                "value": "0",
                "function": "echo_big_int",
                "arguments": [
                    "5"
                ],
                "gasLimit": "50,000,000",
                "gasPrice": "0"
            },
            "expect": {
                "out": [
                    "5"
                ],
                "status": "",
                "logs": [],
                "gas": "*",
                "refund": "*"
            }
        },
        {
            "step": "scCall",
            "txId": "3",
            "tx": {
                "from": "address:an_account",
                "to": "sc:basic-features",
                "value": "0",
                "function": "echo_big_int",
                "arguments": [
                    "-3"
                ],
                "gasLimit": "50,000,000",
                "gasPrice": "0"
            },
            "expect": {
                "out": [
                    "0xfd"
                ],
                "status": "",
                "logs": [],
                "gas": "*",
                "refund": "*"
            }
        },
        {
            "step": "scCall",
            "txId": "4",
            "tx": {
                "from": "address:an_account",
                "to": "sc:basic-features",
                "value": "0",
                "function": "echo_big_int",
                "arguments": [
                    "0x010000000000000000"
                ],
                "gasLimit": "50,000,000",
                "gasPrice": "0"
            },
            "expect": {
                "out": [
                    "0x010000000000000000"
                ],
                "status": "",
                "logs": [],
                "gas": "*",
                "refund": "*"
            }
        },
        {
            "step": "scCall",
            "txId": "5",
            "tx": {
                "from": "address:an_account",
                "to": "sc:basic-features",
                "value": "0",
                "function": "echo_big_int",
                "arguments": [
                    "0xffffffffffffffff"
                ],
                "gasLimit": "50,000,000",
                "gasPrice": "0"
            },
            "expect": {
                "out": [
                    "0xff"
                ],
                "status": "",
                "logs": [],
                "gas": "*",
                "refund": "*"
            }
        },
        {
            "step": "scCall",
            "txId": "6",
            "tx": {
                "from": "address:an_account",
                "to": "sc:basic-features",
                "value": "0",
                "function": "echo_big_int",
                "arguments": [
                    "0x7fffffffffffffff"
                ],
                "gasLimit": "50,000,000",
                "gasPrice": "0"
            },
            "expect": {
                "out": [
                    "0x7fffffffffffffff"
                ],
                "status": "",
                "logs": [],
                "gas": "*",
                "refund": "*"
            }
        },
        {
            "step": "scCall",
            "txId": "7",
            "tx": {
                "from": "address:an_account",
                "to": "sc:basic-features",
                "value": "0",
                "function": "echo_big_int",
                "arguments": [
                    "+9223372036854775808"
                ],
                "gasLimit": "50,000,000",
                "gasPrice": "0"
            },
            "expect": {
                "out": [
                    "+9223372036854775808"
                ],
                "status": "",
                "logs": [],
                "gas": "*",
                "refund": "*"
            }
        },
        {
            "step": "scCall",
            "txId": "8",
            "tx": {
                "from": "address:an_account",
                "to": "sc:basic-features",
                "value": "0",
                "function": "echo_big_int",
                "arguments": [
                    "-9223372036854775809"
                ],
                "gasLimit": "50,000,000",
                "gasPrice": "0"
            },
            "expect": {
                "out": [
                    "-9223372036854775809"
                ],
                "status": "",
                "logs": [],
                "gas": "*",
                "refund": "*"
            }
        },
        {
            "step": "scCall",
            "txId": "9-zero",
            "tx": {
                "from": "address:an_account",
                "to": "sc:basic-features",
                "value": "0",
                "function": "echo_big_int",
                "arguments": [
                    "0x00"
                ],
                "gasLimit": "50,000,000",
                "gasPrice": "0"
            },
            "expect": {
                "out": [ "0" ],
                "status": "0",
                "logs": [],
                "gas": "*",
                "refund": "*"
            }
        },
        {
            "step": "checkState",
            "accounts": {
                "sc:basic-features": {
                    "nonce": "*",
                    "balance": "*",
                    "storage": {},
                    "code": "file:../output/basic-features.wasm"
                },
                "address:an_account": {
                    "nonce": "*",
                    "balance": "*",
                    "storage": {},
                    "code": ""
                }
            }
        }
    ]
}
