{
    "name": "Erc1155UserMock",
    "constructor": {
        "inputs": [],
        "outputs": []
    },
    "endpoints": [
        {
            "name": "onERC1155Received",
            "inputs": [
                {
                    "name": "_operator",
                    "type": "Address"
                },
                {
                    "name": "_from",
                    "type": "Address"
                },
                {
                    "name": "_type_id",
                    "type": "BigUint"
                },
                {
                    "name": "_value",
                    "type": "BigUint"
                },
                {
                    "name": "_data",
                    "type": "bytes"
                }
            ],
            "outputs": []
        },
        {
            "name": "onERC1155BatchReceived",
            "inputs": [
                {
                    "name": "_operator",
                    "type": "Address"
                },
                {
                    "name": "_from",
                    "type": "Address"
                },
                {
                    "name": "_type_ids",
                    "type": "List<BigUint>"
                },
                {
                    "name": "_values",
                    "type": "List<BigUint>"
                },
                {
                    "name": "_data",
                    "type": "bytes"
                }
            ],
            "outputs": []
        }
    ],
    "types": {}
}
