{
    "name": "Erc1155Marketplace",
    "constructor": {
        "docs": [
            "`bid_cut_percentage` is the cut that the contract takes from any sucessful bid"
        ],
        "inputs": [
            {
                "name": "token_ownership_contract_address",
                "type": "Address"
            },
            {
                "name": "bid_cut_percentage",
                "type": "u8"
            }
        ],
        "outputs": []
    },
    "endpoints": [
        {
            "docs": [
                "`_operator` argument is ignored, but it has to be kept because of the erc1155 standard"
            ],
            "name": "onERC1155Received",
            "inputs": [
                {
                    "name": "_operator",
                    "type": "Address"
                },
                {
                    "name": "from",
                    "type": "Address"
                },
                {
                    "name": "type_id",
                    "type": "BigUint"
                },
                {
                    "name": "nft_id",
                    "type": "BigUint"
                },
                {
                    "name": "args",
                    "type": "AuctionArgument"
                }
            ],
            "outputs": []
        },
        {
            "docs": [
                "Same `AuctionArgument` is used for all tokens  ",
                "`_operator` argument is ignored, but it has to be kept because of the erc1155 standard"
            ],
            "name": "onERC1155BatchReceived",
            "inputs": [
                {
                    "name": "_operator",
                    "type": "Address"
                },
                {
                    "name": "from",
                    "type": "Address"
                },
                {
                    "name": "type_ids",
                    "type": "List<BigUint>"
                },
                {
                    "name": "nft_ids",
                    "type": "List<BigUint>"
                },
                {
                    "name": "args",
                    "type": "AuctionArgument"
                }
            ],
            "outputs": []
        },
        {
            "name": "claim",
            "inputs": [],
            "outputs": []
        },
        {
            "name": "setCutPercentage",
            "inputs": [
                {
                    "name": "new_cut_percentage",
                    "type": "u8"
                }
            ],
            "outputs": []
        },
        {
            "name": "setTokenOwnershipContractAddress",
            "inputs": [
                {
                    "name": "new_address",
                    "type": "Address"
                }
            ],
            "outputs": []
        },
        {
            "name": "bid",
            "payableInTokens": [
                "*"
            ],
            "inputs": [
                {
                    "name": "type_id",
                    "type": "BigUint"
                },
                {
                    "name": "nft_id",
                    "type": "BigUint"
                }
            ],
            "outputs": []
        },
        {
            "name": "endAuction",
            "inputs": [
                {
                    "name": "type_id",
                    "type": "BigUint"
                },
                {
                    "name": "nft_id",
                    "type": "BigUint"
                }
            ],
            "outputs": []
        },
        {
            "name": "isUpForAuction",
            "inputs": [
                {
                    "name": "type_id",
                    "type": "BigUint"
                },
                {
                    "name": "nft_id",
                    "type": "BigUint"
                }
            ],
            "outputs": [
                {
                    "type": "bool"
                }
            ]
        },
        {
            "name": "getAuctionStatus",
            "inputs": [
                {
                    "name": "type_id",
                    "type": "BigUint"
                },
                {
                    "name": "nft_id",
                    "type": "BigUint"
                }
            ],
            "outputs": [
                {
                    "type": "Auction"
                }
            ]
        },
        {
            "name": "getCurrentWinningBid",
            "inputs": [
                {
                    "name": "type_id",
                    "type": "BigUint"
                },
                {
                    "name": "nft_id",
                    "type": "BigUint"
                }
            ],
            "outputs": [
                {
                    "type": "BigUint"
                }
            ]
        },
        {
            "name": "getCurrentWinner",
            "inputs": [
                {
                    "name": "type_id",
                    "type": "BigUint"
                },
                {
                    "name": "nft_id",
                    "type": "BigUint"
                }
            ],
            "outputs": [
                {
                    "type": "Address"
                }
            ]
        },
        {
            "name": "getPercentageCut",
            "inputs": [],
            "outputs": [
                {
                    "type": "u8"
                }
            ]
        }
    ],
    "types": {
        "Auction": {
            "type": "struct",
            "fields": [
                {
                    "name": "token_identifier",
                    "type": "TokenIdentifier"
                },
                {
                    "name": "min_bid",
                    "type": "BigUint"
                },
                {
                    "name": "max_bid",
                    "type": "BigUint"
                },
                {
                    "name": "deadline",
                    "type": "u64"
                },
                {
                    "name": "original_owner",
                    "type": "Address"
                },
                {
                    "name": "current_bid",
                    "type": "BigUint"
                },
                {
                    "name": "current_winner",
                    "type": "Address"
                }
            ]
        },
        "AuctionArgument": {
            "type": "struct",
            "fields": [
                {
                    "name": "token_identifier",
                    "type": "TokenIdentifier"
                },
                {
                    "name": "min_bid",
                    "type": "BigUint"
                },
                {
                    "name": "max_bid",
                    "type": "BigUint"
                },
                {
                    "name": "deadline",
                    "type": "u64"
                }
            ]
        }
    }
}
