{
    "gasSchedule": "v3",
    "steps": [
        {
            "step": "setState",
            "accounts": {
                "sc:basic-features": {
                    "nonce": "0",
                    "balance": "0",
                    "storage": {},
                    "code": "file:../output/basic-features.wasm"
                },
                "address:an_account": {
                    "nonce": "0",
                    "balance": "0",
                    "storage": {},
                    "code": ""
                }
            }
        },
        {
            "step": "scCall",
            "txId": "A1",
            "tx": {
                "from": "address:an_account",
                "to": "sc:basic-features",
                "value": "0",
                "function": "logLegacyEventA",
                "arguments": [
                    "0"
                ],
                "gasLimit": "50,000,000",
                "gasPrice": "0"
            },
            "expect": {
                "out": [],
                "status": "",
                "logs": [
                    {
                        "address": "sc:basic-features",
                        "identifier": "0x0123456789abcdef0123456789abcdef0123456789abcdef000000000000000a",
                        "topics": [],
                        "data": "0"
                    }
                ],
                "gas": "*",
                "refund": "*"
            }
        },
        {
            "step": "scCall",
            "txId": "A2",
            "tx": {
                "from": "address:an_account",
                "to": "sc:basic-features",
                "value": "0",
                "function": "logLegacyEventA",
                "arguments": [
                    "0x1234abc"
                ],
                "gasLimit": "50,000,000",
                "gasPrice": "0"
            },
            "expect": {
                "out": [],
                "status": "",
                "logs": [
                    {
                        "address": "sc:basic-features",
                        "identifier": "0x0123456789abcdef0123456789abcdef0123456789abcdef000000000000000a",
                        "topics": [],
                        "data": "0x1234abc"
                    }
                ],
                "gas": "*",
                "refund": "*"
            }
        },
        {
            "step": "scCall",
            "txId": "B1",
            "tx": {
                "from": "address:an_account",
                "to": "sc:basic-features",
                "value": "0",
                "function": "logLegacyEventB",
                "arguments": [
                    "0xa1",
                    "``arg2_an_address_______________s3",
                    "0x1234abc"
                ],
                "gasLimit": "50,000,000",
                "gasPrice": "0"
            },
            "expect": {
                "out": [],
                "status": "",
                "logs": [
                    {
                        "address": "sc:basic-features",
                        "identifier": "0x0123456789abcdef0123456789abcdef0123456789abcdef000000000000000b",
                        "topics": [
                            "0x00000000000000000000000000000000000000000000000000000000000000a1",
                            "``arg2_an_address_______________s3"
                        ],
                        "data": "0x1234abc"
                    }
                ],
                "gas": "*",
                "refund": "*"
            }
        }
    ]
}
