{
    "gasSchedule": "v3",
    "steps": [
        {
            "step": "setState",
            "accounts": {
                "address:a_user": {
                    "nonce": "0",
                    "balance": "0",
                    "dcdt": {
                        "str:NFT-0001": {
                            "nonce": "1",
                            "balance": "0"
                        }
                    },
                    "storage": {},
                    "code": ""
                },
                "sc:forwarder": {
                    "nonce": "0",
                    "balance": "0",
                    "dcdt": {
                        "str:NFT-0001": {
                            "nonce": "1",
                            "balance": "1"
                        }
                    },
                    "storage": {},
                    "code": "file:../forwarder/output/forwarder.wasm"
                }
            }
        },
        {
            "step": "scCall",
            "txId": "1",
            "tx": {
                "from": "address:a_user",
                "to": "sc:forwarder",
                "function": "transfer_nft_and_execute",
                "arguments": [
                    "address:a_user",
                    "str:NFT-0001",
                    "1",
                    "1",
                    ""
                ],
                "gasLimit": "50,000,000",
                "gasPrice": "0"
            },
            "expect": {
                "out": [],
                "status": "0",
                "gas": "*",
                "refund": "*"
            }
        },
        {
            "step": "checkState",
            "accounts": {
                "address:a_user": {
                    "nonce": "*",
                    "balance": "0",
                    "dcdt": {
                        "str:NFT-0001": {
                            "nonce": "1",
                            "balance": "1"
                        }
                    },
                    "storage": {},
                    "code": ""
                },
                "sc:forwarder": {
                    "nonce": "0",
                    "balance": "0",
                    "dcdt": {
                        "str:NFT-0001": {
                            "nonce": "1",
                            "balance": "0"
                        }
                    },
                    "storage": {},
                    "code": "file:../forwarder/output/forwarder.wasm"
                }
            }
        }
    ]
}
