{
    "gasSchedule": "v3",
    "steps": [
        {
            "step": "setState",
            "accounts": {
                "address:a_user": {
                    "nonce": "0",
                    "balance": "0",
                    "dcdt": {
                        "str:NFT-0001": {
                            "nonce": "1",
                            "balance": "1"
                        }
                    },
                    "storage": {},
                    "code": ""
                },
                "sc:forwarder": {
                    "nonce": "0",
                    "balance": "0",
                    "dcdt": {
                        "str:NFT-0001": {
                            "nonce": "1",
                            "balance": "1",
                            "lastNonce": "1",
                            "roles": [
                                "DCDTRoleNFTCreate"
                            ]
                        }
                    },
                    "storage": {},
                    "code": "file:../forwarder/output/forwarder.wasm"
                }
            }
        },
        {
            "step": "scCall",
            "txId": "1",
            "comment": "Attributes are Color(128, 128, 128)",
            "tx": {
                "from": "address:a_user",
                "to": "sc:forwarder",
                "function": "nft_create",
                "arguments": [
                    "str:NFT-0001",
                    "1",
                    "str:nft-create-name",
                    "0",
                    "str:nft-create-hash-----------------",
                    "0x808080",
                    "str:nft-create-uri"
                ],
                "gasLimit": "50,000,000",
                "gasPrice": "0"
            },
            "expect": {
                "out": ["2"],
                "status": "0",
                "gas": "*",
                "refund": "*"
            }
        },
        {
            "step": "checkState",
            "accounts": {
                "address:a_user": {
                    "nonce": "*",
                    "balance": "0",
                    "dcdt": {
                        "str:NFT-0001": {
                            "nonce": "1",
                            "balance": "1"
                        }
                    },
                    "storage": {},
                    "code": ""
                },
                "sc:forwarder": {
                    "nonce": "0",
                    "balance": "0",
                    "dcdt": {
                        "str:NFT-0001": {
                            "instances": [
                                {
                                    "nonce": "1",
                                    "balance": "1"
                                },
                                {
                                    "nonce": "2",
                                    "balance": "1",
                                    "creator": "sc:forwarder",
                                    "royalties": "0",
                                    "hash": "str:nft-create-hash-----------------",
                                    "attributes": "0x808080",
                                    "uri": [
                                        "str:nft-create-uri"
                                    ]
                                }
                            ],
                            "lastNonce": "2",
                            "roles": [
                                "DCDTRoleNFTCreate"
                            ]
                        }
                    },
                    "storage": {},
                    "code": "file:../forwarder/output/forwarder.wasm"
                }
            }
        }
    ]
}
