{
    "gasSchedule": "v3",
    "steps": [
        {
            "step": "setState",
            "accounts": {
                "address:a_user": {
                    "nonce": "0",
                    "balance": "0",
                    "storage": {},
                    "code": ""
                },
                "sc:vault": {
                    "nonce": "0",
                    "balance": "0",
                    "storage": {},
                    "code": "file:../vault/output/vault.wasm"
                },
                "sc:forwarder": {
                    "nonce": "0",
                    "balance": "0",
                    "storage": {},
                    "code": "file:../forwarder-raw/output/forwarder-raw.wasm"
                }
            }
        },
        {
            "step": "scCall",
            "txId": "1",
            "tx": {
                "from": "address:a_user",
                "to": "sc:forwarder",
                "value": "0",
                "function": "forward_async_call",
                "arguments": [
                    "sc:vault",
                    "str:echo_arguments",
                    "1",
                    "2"
                ],
                "gasLimit": "50,000,000",
                "gasPrice": "0"
            },
            "expect": {
                "out": [
                    "1",
                    "2"
                ],
                "status": "0",
                "logs": [
                    {
                        "address": "sc:forwarder",
                        "identifier": "str:callback_raw",
                        "topics": [
                            "str:REWA",
                            "0"
                        ],
                        "data": {
                            "0-status": "biguint:0",
                            "1-echoed-args": [
                                "biguint:1",
                                "biguint:2"
                            ]
                        }
                    }
                ],
                "gas": "*",
                "refund": "*"
            }
        },
        {
            "step": "checkState",
            "accounts": {
                "address:a_user": {
                    "nonce": "*",
                    "balance": "0",
                    "storage": {},
                    "code": ""
                },
                "sc:vault": {
                    "nonce": "0",
                    "balance": "0",
                    "storage": {
                        "str:call_counts|nested:str:echo_arguments": "1"
                    },
                    "code": "file:../vault/output/vault.wasm"
                },
                "sc:forwarder": {
                    "nonce": "0",
                    "balance": "0",
                    "storage": {
                        "str:callback_data.len": "1",
                        "str:callback_data.item|u32:1": {
                            "0-token": ["u32:4", "str:REWA"],
                            "1-payment": "u32:0",
                            "2-num-arguments": "u32:3",
                            "3-arguments": [
                                "biguint:0",
                                "biguint:1",
                                "biguint:2"
                            ]
                        }
                    },
                    "code": "file:../forwarder-raw/output/forwarder-raw.wasm"
                }
            }
        }
    ]
}
