{
    "gasSchedule": "v3",
    "steps": [
        {
            "step": "setState",
            "accounts": {
                "address:a_user": {
                    "nonce": "0",
                    "balance": "0",
                    "dcdt": {
                        "str:TEST-TOKEN": "1000"
                    },
                    "storage": {},
                    "code": ""
                },
                "sc:vault": {
                    "nonce": "0",
                    "balance": "0",
                    "storage": {},
                    "code": "file:../vault/output/vault.wasm"
                },
                "sc:forwarder": {
                    "nonce": "0",
                    "balance": "0",
                    "storage": {},
                    "code": "file:../forwarder-raw/output/forwarder-raw.wasm"
                }
            }
        },
        {
            "step": "scCall",
            "txId": "1",
            "tx": {
                "from": "address:a_user",
                "to": "sc:forwarder",
                "value": "0",
                "dcdt": {
                    "tokenIdentifier": "str:TEST-TOKEN",
                    "value": "1000"
                },
                "function": "forward_payment",
                "arguments": [
                    "sc:vault"
                ],
                "gasLimit": "50,000,000",
                "gasPrice": "0"
            },
            "expect": {
                "out": [],
                "status": "0",
                "logs": [
                    {
                        "address": "sc:forwarder",
                        "identifier": "str:callback_raw",
                        "topics": [
                            "str:REWA",
                            "0"
                        ],
                        "data": {
                            "0-status": "biguint:0"
                        }
                    }
                ],
                "gas": "*",
                "refund": "*"
            }
        },
        {
            "step": "checkState",
            "accounts": {
                "address:a_user": {
                    "nonce": "*",
                    "balance": "0",
                    "dcdt": {
                        "str:TEST-TOKEN": "0"
                    },
                    "storage": {},
                    "code": ""
                },
                "sc:vault": {
                    "nonce": "0",
                    "balance": "0",
                    "storage": {},
                    "dcdt": {
                        "str:TEST-TOKEN": "1000"
                    },
                    "code": "file:../vault/output/vault.wasm"
                },
                "sc:forwarder": {
                    "nonce": "0",
                    "balance": "0",
                    "storage": {
                        "str:callback_data.len": "1",
                        "str:callback_data.item|u32:1": [
                            "u32:4", "str:REWA",
                            "u32:0",
                            "u32:1",
                            "u32:0"
                        ]
                    },
                    "code": "file:../forwarder-raw/output/forwarder-raw.wasm"
                }
            }
        }
    ]
}
