{
    "gasSchedule": "v3",
    "steps": [
        {
            "step": "setState",
            "accounts": {
                "address:a_user": {
                    "nonce": "0",
                    "balance": "1000",
                    "storage": {},
                    "code": ""
                },
                "sc:vault": {
                    "nonce": "0",
                    "balance": "0",
                    "storage": {},
                    "code": "file:../vault/output/vault.wasm"
                },
                "sc:forwarder": {
                    "nonce": "0",
                    "balance": "0",
                    "storage": {},
                    "code": "file:../forwarder/output/forwarder.wasm"
                }
            }
        },
        {
            "step": "scCall",
            "txId": "1",
            "tx": {
                "from": "address:a_user",
                "to": "sc:forwarder",
                "value": "1000",
                "function": "forward_async_accept_funds",
                "arguments": [
                    "sc:vault"
                ],
                "gasLimit": "50,000,000",
                "gasPrice": "0"
            },
            "expect": {
                "out": [],
                "status": "0",
                "logs": [
                    {
                        "address": "sc:vault",
                        "identifier": "str:accept_funds",
                        "topics": [
                            "str:REWA",
                            "str:FungibleDCDT",
                            "1000",
                            "0"
                        ],
                        "data": ""
                    }
                ],
                "gas": "*",
                "refund": "*"
            }
        },
        {
            "step": "checkState",
            "accounts": {
                "address:a_user": {
                    "nonce": "*",
                    "balance": "0",
                    "storage": {},
                    "code": ""
                },
                "sc:vault": {
                    "nonce": "0",
                    "balance": "1000",
                    "storage": {
                        "str:call_counts|nested:str:accept_funds": "1"
                    },
                    "code": "file:../vault/output/vault.wasm"
                },
                "sc:forwarder": {
                    "nonce": "0",
                    "balance": "0",
                    "storage": {},
                    "code": "file:../forwarder/output/forwarder.wasm"
                }
            }
        }
    ]
}
