{"rustc":2583705999082248762,"features":"[\"numbat-wasm-node\", \"wasm-output-mode\"]","declared_features":"[\"numbat-wasm-node\", \"wasm-output-mode\"]","target":7254479659934464374,"profile":8829588955844408089,"path":1481689068725135788,"deps":[[407419816565292635,"numbat_wasm_node",false,7498188009817648383],[9750814729276571490,"numbat_wasm",false,8992198151583127661],[15660456971980188041,"numbat_wasm_derive",false,8722662521215712516]],"local":[{"CheckDepInfo":{"dep_info":"wasm32-unknown-unknown/release/.fingerprint/factorial-bbdbbcccf98e764d/dep-lib-factorial","checksum":false}}],"rustflags":[],"config":2069994364910194474,"compile_kind":14682669768258224367}