{"rustc":2583705999082248762,"features":"[\"numbat-wasm-module-dns-wasm\", \"numbat-wasm-module-features-wasm\", \"numbat-wasm-module-pause-wasm\", \"numbat-wasm-node\", \"wasm-output-mode\"]","declared_features":"[\"default\", \"numbat-wasm-module-dns-default\", \"numbat-wasm-module-dns-wasm\", \"numbat-wasm-module-features-default\", \"numbat-wasm-module-features-wasm\", \"numbat-wasm-module-pause-default\", \"numbat-wasm-module-pause-wasm\", \"numbat-wasm-node\", \"wasm-output-mode\"]","target":1064528564592942028,"profile":8829588955844408089,"path":13546445800006237423,"deps":[[407419816565292635,"numbat_wasm_node",false,7498188009817648383],[2051151160376412207,"numbat_wasm_module_dns_wasm",false,4223324430945089784],[5045903004412922633,"numbat_wasm_module_pause_wasm",false,8667497102812379846],[9750814729276571490,"numbat_wasm",false,8992198151583127661],[12656317113102271363,"numbat_wasm_module_features_wasm",false,17305622632113986234],[15660456971980188041,"numbat_wasm_derive",false,8722662521215712516]],"local":[{"CheckDepInfo":{"dep_info":"wasm32-unknown-unknown/release/.fingerprint/use-module-c5f422c3fc332941/dep-lib-use_module","checksum":false}}],"rustflags":[],"config":2069994364910194474,"compile_kind":14682669768258224367}