{"rustc":2583705999082248762,"features":"[\"numbat-wasm-node\", \"wasm-output-mode\"]","declared_features":"[\"numbat-wasm-node\", \"wasm-output-mode\"]","target":4957536917093926240,"profile":8829588955844408089,"path":3454060340794440646,"deps":[[407419816565292635,"numbat_wasm_node",false,7498188009817648383],[9750814729276571490,"numbat_wasm",false,8992198151583127661],[15660456971980188041,"numbat_wasm_derive",false,8722662521215712516]],"local":[{"CheckDepInfo":{"dep_info":"wasm32-unknown-unknown/release/.fingerprint/dcdt-nft-marketplace-fad56c14ae9b7686/dep-lib-dcdt_nft_marketplace","checksum":false}}],"rustflags":[],"config":2069994364910194474,"compile_kind":14682669768258224367}