{"rustc":2583705999082248762,"features":"[\"default\", \"size_classes\"]","declared_features":"[\"default\", \"extra_assertions\", \"nightly\", \"size_classes\", \"spin\", \"static_array_backend\", \"use_std_for_test_debugging\"]","target":7871199150728559449,"profile":8829588955844408089,"path":13214766231286551246,"deps":[[4957035000354113671,"cfg_if",false,9469848046043530530],[8702804447596961923,"build_script_build",false,14078557573041618888],[11690260223034428975,"memory_units",false,10698451856928861967]],"local":[{"CheckDepInfo":{"dep_info":"wasm32-unknown-unknown/release/.fingerprint/wee_alloc-6eb5f0ac9be50617/dep-lib-wee_alloc","checksum":false}}],"rustflags":[],"config":2069994364910194474,"compile_kind":14682669768258224367}