{"rustc":2583705999082248762,"features":"[\"numbat-wasm-node\", \"wasm-output-mode\"]","declared_features":"[\"numbat-wasm-node\", \"wasm-output-mode\"]","target":16164477406216488220,"profile":8829588955844408089,"path":4259895838726459833,"deps":[[407419816565292635,"numbat_wasm_node",false,7498188009817648383],[9750814729276571490,"numbat_wasm",false,8992198151583127661],[15660456971980188041,"numbat_wasm_derive",false,8722662521215712516]],"local":[{"CheckDepInfo":{"dep_info":"wasm32-unknown-unknown/release/.fingerprint/numbat-wasm-module-dns-31542fb2996d7858/dep-lib-numbat_wasm_module_dns","checksum":false}}],"rustflags":[],"config":2069994364910194474,"compile_kind":14682669768258224367}