{
    "name": "mint non-fungible",
    "gasSchedule": "dummy",
    "steps": [
        {
            "step": "externalSteps",
            "path": "create_token_non_fungible.scen.json"
        },
        {
            "step": "scCall",
            "txId": "mint-non-fungible-token",
            "tx": {
                "from": "address:creator",
                "to": "sc:erc1155",
                "value": "0",
                "function": "mint",
                "arguments": [
                    "1",
                    "3"
                ],
                "gasLimit": "0x100000",
                "gasPrice": "0x00"
            },
            "expect": {
                "out": [],
                "status": "0",
                "message": "",
                "logs": [],
                "gas": "*",
                "refund": "*"
            }
        },
        {
            "step": "checkState",
            "accounts": {
                "address:owner": {
                    "nonce": "1",
                    "balance": "0",
                    "storage": {}
                },
                "address:creator": {
                    "nonce": "2",
                    "balance": "0",
                    "storage": {}
                },
                "sc:erc1155": {
                    "nonce": "0",
                    "balance": "0",
                    "storage": {
                        "str:tokenTypeCreator|u32:1|u8:1": "address:creator",
                        "str:isFungible|u32:1|u8:1": "false",
                        "str:tokenTypeUri|u32:1|u8:1": "str:https://token-cdn-domain/{id}.json",
                        "str:lastValidTokenIdForType|u32:1|u8:1": "8",
                        "str:balanceOf|address:creator|str:.mapped|u8:1": "8",

                        "str:lastValidTypeId": "1",

                        "str:tokenOwner|u32:1|u8:1|u32:1|u8:1": "address:creator",
                        "str:tokenOwner|u32:1|u8:1|u32:1|u8:2": "address:creator",
                        "str:tokenOwner|u32:1|u8:1|u32:1|u8:3": "address:creator",
                        "str:tokenOwner|u32:1|u8:1|u32:1|u8:4": "address:creator",
                        "str:tokenOwner|u32:1|u8:1|u32:1|u8:5": "address:creator",
                        "str:tokenOwner|u32:1|u8:1|u32:1|u8:6": "address:creator",
                        "str:tokenOwner|u32:1|u8:1|u32:1|u8:7": "address:creator",
                        "str:tokenOwner|u32:1|u8:1|u32:1|u8:8": "address:creator",

                        "str:balanceOf|address:creator|str:.node_links|u32:1": "u32:0|u32:0",
                        "str:balanceOf|address:creator|str:.value|u32:1": "1",
                        "str:balanceOf|address:creator|str:.node_id|u8:1": "1",
                        "str:balanceOf|address:creator|str:.info": "u32:1|u32:1|u32:1|u32:1"
                    },
                    "code": "file:../output/erc1155.wasm"
                }
            }
        }
    ]
}
