{
    "name": "transfer token",
    "steps": [
        {
            "step": "externalSteps",
            "path": "nft-init.scen.json"
        },
        {
            "step": "scCall",
            "txId": "transfer-ok",
            "tx": {
                "from": "address:contract_owner",
                "to": "sc:the_nft_contract",
                "value": "0",
                "function": "transfer",
                "arguments": [
                    "2",
                    "address:acc1"
                ],
                "gasLimit": "100,000,000",
                "gasPrice": "0"
            },
            "expect": {
                "status": "",
                "gas": "*",
                "refund": "*"
            }
        },
        {
            "step": "checkState",
            "accounts": {
                "address:contract_owner": {
                    "nonce": "2",
                    "balance": "0",
                    "storage": {}
                },
                "sc:the_nft_contract": {
                    "nonce": "0",
                    "balance": "0",
                    "storage": {
                        "str:owner": "address:contract_owner",
                        "str:totalMinted": "3",
                        "str:tokenCount|address:contract_owner": "2",
                        "str:tokenCount|address:acc1": "1",
                        "str:tokenOwner|u64:0": "address:contract_owner",
                        "str:tokenOwner|u64:1": "address:contract_owner",
                        "str:tokenOwner|u64:2": "address:acc1"
                    },
                    "code": "*"
                }
            }
        }
    ]
}
