{
    "name": "NftStoragePrepay",
    "constructor": {
        "inputs": [
            {
                "name": "cost_per_byte",
                "type": "BigUint"
            }
        ],
        "outputs": []
    },
    "endpoints": [
        {
            "name": "setCostPerByte",
            "inputs": [
                {
                    "name": "cost_per_byte",
                    "type": "BigUint"
                }
            ],
            "outputs": []
        },
        {
            "name": "reserveFunds",
            "inputs": [
                {
                    "name": "address",
                    "type": "Address"
                },
                {
                    "name": "file_size",
                    "type": "BigUint"
                }
            ],
            "outputs": []
        },
        {
            "name": "claim",
            "inputs": [],
            "outputs": []
        },
        {
            "name": "depositPaymentForStorage",
            "payableInTokens": [
                "REWA"
            ],
            "inputs": [],
            "outputs": []
        },
        {
            "docs": [
                "defaults to max amount"
            ],
            "name": "withdraw",
            "inputs": [
                {
                    "name": "opt_amount",
                    "type": "optional<BigUint>",
                    "multi_arg": true
                }
            ],
            "outputs": []
        },
        {
            "name": "getCostForSize",
            "inputs": [
                {
                    "name": "file_size",
                    "type": "BigUint"
                }
            ],
            "outputs": [
                {
                    "type": "BigUint"
                }
            ]
        },
        {
            "name": "getDepositAmount",
            "inputs": [],
            "outputs": [
                {
                    "type": "BigUint"
                }
            ]
        },
        {
            "name": "getCostPerByte",
            "inputs": [],
            "outputs": [
                {
                    "type": "BigUint"
                }
            ]
        }
    ],
    "types": {}
}
