{
    "name": "payable",
    "gasSchedule": "v3",
    "steps": [
        {
            "step": "setState",
            "accounts": {
                "sc:basic-features": {
                    "nonce": "0",
                    "balance": "0",
                    "storage": {},
                    "code": "file:../output/payable-features.wasm"
                },
                "address:an_account": {
                    "nonce": "0",
                    "balance": "1,000,000,000,000",
                    "storage": {},
                    "dcdt": {
                        "str:PAYABLE-FEATURES-TOKEN": "1,000,000,000,000",
                        "str:OTHER-TOKEN": "1,000,000,000,000"
                    },
                    "code": ""
                }
            }
        },
        {
            "step": "scCall",
            "txId": "payable_token_2.1",
            "tx": {
                "from": "address:an_account",
                "to": "sc:basic-features",
                "value": "0",
                "function": "payable_token_2",
                "arguments": [],
                "gasLimit": "50,000,000",
                "gasPrice": "0"
            },
            "expect": {
                "out": [],
                "status": "4",
                "message": "str:bad call value token provided",
                "logs": [],
                "gas": "*",
                "refund": "*"
            }
        },
        {
            "step": "scCall",
            "txId": "payable_token_2.2",
            "tx": {
                "from": "address:an_account",
                "to": "sc:basic-features",
                "value": "5",
                "function": "payable_token_2",
                "arguments": [],
                "gasLimit": "50,000,000",
                "gasPrice": "0"
            },
            "expect": {
                "out": [],
                "status": "4",
                "message": "str:bad call value token provided",
                "logs": [],
                "gas": "*",
                "refund": "*"
            }
        },
        {
            "step": "scCall",
            "txId": "payable_token_2.3",
            "tx": {
                "from": "address:an_account",
                "to": "sc:basic-features",
                "value": "0",
                "dcdt": {
                    "tokenIdentifier": "str:PAYABLE-FEATURES-TOKEN",
                    "value": "100"
                },
                "function": "payable_token_2",
                "arguments": [],
                "gasLimit": "50,000,000",
                "gasPrice": "0"
            },
            "expect": {
                "out": [ "100", "str:PAYABLE-FEATURES-TOKEN" ],
                "status": "",
                "logs": [],
                "gas": "*",
                "refund": "*"
            }
        },
        {
            "step": "scCall",
            "txId": "payable_token_2.4",
            "tx": {
                "from": "address:an_account",
                "to": "sc:basic-features",
                "value": "0",
                "dcdt": {
                    "tokenIdentifier": "str:OTHER-TOKEN",
                    "value": "100"
                },
                "function": "payable_token_2",
                "arguments": [],
                "gasLimit": "50,000,000",
                "gasPrice": "0"
            },
            "expect": {
                "out": [],
                "status": "4",
                "message": "str:bad call value token provided",
                "logs": [],
                "gas": "*",
                "refund": "*"
            }
        }
    ]
}
