{
    "name": "payment_otherShard_callback",
    "gasSchedule": "v3",
    "steps": [
        {
            "step": "setState",
            "accounts": {
                "address:a_user": {
                    "nonce": "0",
                    "balance": "0x10000000000000e8d4a51000",
                    "storage": {},
                    "code": ""
                },
                "sc:alice": {
                    "nonce": "0",
                    "balance": "0",
                    "storage": {
                        "``other_contract": "sc:bob"
                    },
                    "code": "file:../async-alice/output/async-alice.wasm"
                }
            }
        },
        {
            "step": "scCall",
            "txId": "1",
            "tx": {
                "from": "address:a_user",
                "to": "sc:alice",
                "value": "0x123400",
                "function": "forwardToOtherContractWithCallback",
                "arguments": [],
                "gasLimit": "0x1000000000000",
                "gasPrice": "0x01"
            },
            "expect": {
                "out": [],
                "status": "",
                "logs": [],
                "gas": "*",
                "refund": "*"
            }
        },
        {
            "step": "checkState",
            "accounts": {
                "address:a_user": {
                    "nonce": "1",
                    "balance": "0xfffffffffff00e8d492dc00",
                    "storage": {},
                    "code": ""
                },
                "sc:alice": {
                    "nonce": "0",
                    "balance": "0",
                    "storage": {
                        "``other_contract": "sc:bob",
                        "``1...............................": "``payCallback"
                    },
                    "code": "file:../async-alice/output/async-alice.wasm"
                },
                "sc:bob": {
                    "nonce": "0",
                    "balance": "0x123400",
                    "storage": {},
                    "code": "",
                    "asyncCallData": "str:payMeWithResult@56"
                }
            }
        }
    ]
}
