{
    "name": "try withdraw the funds again by calling pong a second time",
    "gasSchedule": "v3",
    "steps": [
        {
            "step": "externalSteps",
            "path": "ping-pong-call-pong.scen.json"
        },
        {
            "step": "scCall",
            "tx": {
                "from": "address:participant1",
                "to": "sc:ping-pong",
                "value": "0",
                "function": "pong",
                "arguments": [],
                "gasLimit": "10,000,000",
                "gasPrice": "0"
            },
            "expect": {
                "status": "4",
                "message": "str:already withdrawn",
                "gas": "*",
                "refund": "*"
            }
        },
        {
            "step": "checkState",
            "accounts": {
                "address:my_address": {
                    "nonce": "1",
                    "balance": "1,000,000",
                    "storage": {}
                },
                "address:participant1": {
                    "nonce": "3",
                    "balance": "1,800,000,000,000",
                    "storage": {}
                },
                "address:participant2": {
                    "nonce": "0",
                    "balance": "2,500,000,000,000",
                    "storage": {}
                },
                "sc:ping-pong": {
                    "nonce": "0",
                    "balance": "0",
                    "storage": {
                        "''ping_amount": "500,000,000,000",
                        "''activation_timestamp": "780",
                        "''deadline": "123,780",
                        "''user_address_to_id|address:participant1": "1",
                        "''user_id_to_address|0x0000001": "address:participant1",
                        "''user_status|0x0000001": "2",
                        "''user_count": "1"
                    },
                    "code": "file:../output/ping-pong-rewa.wasm"
                }
            }
        }
    ]
}