{
    "comment": "not the main test, just warmup",
    "gasSchedule": "v3",
    "steps": [
        {
            "step": "setState",
            "accounts": {
                "address:a_user": {
                    "nonce": "0",
                    "balance": "0",
                    "storage": {},
                    "code": ""
                },
                "sc:vault": {
                    "nonce": "0",
                    "balance": "0",
                    "storage": {},
                    "code": "file:../vault/output/vault.wasm"
                },
                "sc:recursive-caller": {
                    "nonce": "0",
                    "balance": "0",
                    "dcdt": {
                        "str:REC-TOKEN": "1000"
                    },
                    "storage": {},
                    "code": "file:../recursive-caller/output/recursive-caller.wasm"
                }
            }
        },
        {
            "step": "scCall",
            "txId": "1",
            "tx": {
                "from": "address:a_user",
                "to": "sc:recursive-caller",
                "value": "0",
                "function": "recursive_send_funds",
                "arguments": [
                    "sc:vault",
                    "str:REC-TOKEN",
                    "1",
                    "1"
                ],
                "gasLimit": "50,000,000",
                "gasPrice": "0"
            },
            "expect": {
                "out": [],
                "status": "0",
                "logs": [
                    {
                        "address": "sc:recursive-caller",
                        "identifier": "str:recursive_send_funds",
                        "topics": [
                            "sc:vault",
                            "str:REC-TOKEN",
                            "1"
                        ],
                        "data": "1"
                    },
                    {
                        "address": "sc:vault",
                        "identifier": "str:accept_funds",
                        "topics": [
                            "str:REC-TOKEN",
                            "str:FungibleDCDT",
                            "1",
                            "0"
                        ],
                        "data": ""
                    },
                    {
                        "address": "sc:recursive-caller",
                        "identifier": "str:recursive_send_funds_callback",
                        "topics": [
                            "sc:vault",
                            "str:REC-TOKEN",
                            "1"
                        ],
                        "data": "1"
                    }
                ],
                "gas": "*",
                "refund": "*"
            }
        },
        {
            "step": "checkState",
            "accounts": {
                "address:a_user": {
                    "nonce": "*",
                    "balance": "0",
                    "storage": {},
                    "code": ""
                },
                "sc:vault": {
                    "nonce": "0",
                    "balance": "0",
                    "dcdt": {
                        "str:REC-TOKEN": "1"
                    },
                    "storage": {
                        "str:call_counts|nested:str:accept_funds": "1"
                    },
                    "code": "file:../vault/output/vault.wasm"
                },
                "sc:recursive-caller": {
                    "nonce": "0",
                    "balance": "0",
                    "dcdt": {
                        "str:REC-TOKEN": "999"
                    },
                    "storage": {},
                    "code": "file:../recursive-caller/output/recursive-caller.wasm"
                }
            }
        }
    ]
}
