{
    "comment": "not the main test, just warmup",
    "steps": [
        {
            "step": "setState",
            "accounts": {
                "address:a_user": {
                    "nonce": "0",
                    "balance": "0",
                    "storage": {},
                    "code": ""
                },
                "sc:vault": {
                    "nonce": "0",
                    "balance": "0",
                    "storage": {},
                    "code": "file:../vault/output/vault.wasm"
                },
                "sc:recursive-caller": {
                    "nonce": "0",
                    "balance": "0",
                    "dcdt": {
                        "str:REC-TOKEN": "1000"
                    },
                    "storage": {},
                    "code": "file:../recursive-caller/output/recursive-caller.wasm"
                }
            }
        },
        {
            "step": "scCall",
            "txId": "1",
            "tx": {
                "from": "address:a_user",
                "to": "sc:recursive-caller",
                "value": "0",
                "function": "recursive_send_funds",
                "arguments": [
                    "sc:vault",
                    "str:REC-TOKEN",
                    "1",
                    "2"
                ],
                "gasLimit": "1,000,000,000",
                "gasPrice": "0"
            },
            "expect": {
                "out": [],
                "status": "0",
                "logs": "*",
                "gas": "*",
                "refund": "*"
            }
        },
        {
            "step": "checkState",
            "accounts": {
                "address:a_user": {
                    "nonce": "*",
                    "balance": "0",
                    "storage": {},
                    "code": ""
                },
                "sc:vault": {
                    "nonce": "0",
                    "balance": "0",
                    "dcdt": {
                        "str:REC-TOKEN": "5"
                    },
                    "storage": {
                        "str:call_counts|nested:str:accept_funds": "*"
                    },
                    "code": "file:../vault/output/vault.wasm"
                },
                "sc:recursive-caller": {
                    "nonce": "0",
                    "balance": "0",
                    "dcdt": {
                        "str:REC-TOKEN": "995"
                    },
                    "storage": {},
                    "code": "file:../recursive-caller/output/recursive-caller.wasm"
                }
            }
        }
    ]
}
