{
    "name": "crowdfunding funding",
    "steps": [
      {
        "step": "externalSteps",
        "path": "rewa-crowdfunding-init.scen.json"
      },
      {
        "step": "setState",
        "accounts": {
          "address:donor1": {
            "nonce": "0",
            "balance": "400,000,000,000",
            "storage": {}
          }
        }
      },
      {
        "step": "scCall",
        "txId": "fund-1",
        "tx": {
            "from": "address:donor1",
            "to": "sc:crowdfunding",
            "value": "250,000,000,000",
            "function": "fund",
            "arguments": [],
            "gasLimit": "100,000,000",
            "gasPrice": "0"
        },
        "expect": {
            "status": "",
            "gas": "*",
            "refund": "*"
        }
      },
      {
        "step": "checkState",
        "accounts": {
          "address:my_address": {
            "nonce": "1",
            "balance": "1,000,000",
            "storage": {}
          },
          "address:donor1": {
            "nonce": "1",
            "balance": "150,000,000,000",
            "storage": {}
          },
          "sc:crowdfunding": {
            "nonce": "0",
            "balance": "250,000,000,000",
            "storage": {
              "str:target": "500,000,000,000",
              "str:deadline": "123,000",
              "str:tokenName": "str:REWA",
              "str:deposit|address:donor1": "250,000,000,000"
            },
            "code": "file:../output/crowdfunding-dcdt.wasm"
          }
        }
      }
    ]
  }
