{
    "name": "set initial balance for accounts",
    "gasSchedule": "dummy",
    "steps": [
        {
            "step": "setState",
            "accounts": {
                "sc:erc20": {
                    "nonce": "0",
                    "balance": "0",
                    "storage": {
                        "''balance|address:erc20_owner": "997,000,000",
                        "''balance|address:my_address": "1,000,000",
                        "''balance|address:acc1": "1,000,000",
                        "''balance|address:acc2": "1,000,000",
                        "''allowance|address:acc1|sc:lottery": "100",
                        "''allowance|address:acc2|sc:lottery": "100",
                        "''total_supply": "1,000,000,000"
                    },
                    "code": "file:../../erc20/output/erc20.wasm"
                }
            }
        }
    ]
}
