{
    "comment": "check that action exists",
    "steps": [
        {
            "step": "scCall",
            "txId": "processed-action-id-sign-bob",
            "tx": {
                "from": "address:bob",
                "to": "sc:multisig",
                "value": "0",
                "function": "sign",
                "arguments": ["1"],
                "gasLimit": "50,000,000",
                "gasPrice": "0"
            },
            "expect": {
                "out": [],
                "status": "4",
                "message": "str:action does not exist",
                "logs": [],
                "gas": "*",
                "refund": "*"
            }
        },
        {
            "step": "scCall",
            "txId": "processed-action-id-unsign-bob",
            "tx": {
                "from": "address:bob",
                "to": "sc:multisig",
                "value": "0",
                "function": "unsign",
                "arguments": ["1"],
                "gasLimit": "50,000,000",
                "gasPrice": "0"
            },
            "expect": {
                "out": [],
                "status": "4",
                "message": "str:action does not exist",
                "logs": [],
                "gas": "*",
                "refund": "*"
            }
        },
        {
            "step": "scCall",
            "txId": "huge-action-id-sign-bob",
            "tx": {
                "from": "address:bob",
                "to": "sc:multisig",
                "value": "0",
                "function": "sign",
                "arguments": ["1000"],
                "gasLimit": "50,000,000",
                "gasPrice": "0"
            },
            "expect": {
                "out": [],
                "status": "4",
                "message": "str:action does not exist",
                "logs": [],
                "gas": "*",
                "refund": "*"
            }
        },
        {
            "step": "scCall",
            "txId": "huge-action-id-unsign-bob",
            "tx": {
                "from": "address:bob",
                "to": "sc:multisig",
                "value": "0",
                "function": "unsign",
                "arguments": ["1000"],
                "gasLimit": "50,000,000",
                "gasPrice": "0"
            },
            "expect": {
                "out": [],
                "status": "4",
                "message": "str:action does not exist",
                "logs": [],
                "gas": "*",
                "refund": "*"
            }
        }
    ]
}
