{
    "name": "Test with a specific NFT that was causing problems",
    "steps": [
        {
            "step": "externalSteps",
            "path": "init.scen.json"
        },
        {
            "step": "setState",
            "accounts": {
                "address:other_seller": {
                    "nonce": "0",
                    "balance": "0",
                    "dcdt": {
                        "str:BBIT-1b9bb6": {
                            "instances": [
                                {
                                    "nonce": "1",
                                    "balance": "1",
                                    "creator": "address:nft_creator",
                                    "royalties": "1000",
                                    "hash": "0x36623836623237336666333466636531396436623830346566663561336635373437616461346561613232663164343963303165353264646237383735623462",
                                    "attributes": "str:attributes",
                                    "uri": [
                                        "str:https://ipfs.io/ipfs/QmVm4e8pcRR7Vojq4QuRV49QeyZW5XAHsEyV9eiZriSHzs"
                                    ]
                                }
                            ]
                        }
                    },
                    "storage": {}
                }
            }
        },
        {
            "step": "setState",
            "comment": "set current block timestamp",
            "currentBlockInfo": {
                "blockTimestamp": "123,000"
            }
        },
        {
            "step": "scCall",
            "txId": "auctionToken",
            "comment": "arguments are: min_bid, max_bid, deadline, payment token. Nonce is skipped, since token is fungible.",
            "tx": {
                "from": "address:other_seller",
                "to": "sc:marketplace",
                "value": "0",
                "dcdt": {
                    "tokenIdentifier": "str:BBIT-1b9bb6",
                    "nonce": "1",
                    "value": "1"
                },
                "function": "auctionToken",
                "arguments": [
                    "0x01",
                    "0x46",
                    "0x60C63784",
                    "str:BUSD-123456"
                ],
                "gasLimit": "20,000,000",
                "gasPrice": "0"
            },
            "expect": {
                "status": "0",
                "message": "",
                "gas": "*",
                "refund": "*"
            }
        },
        {
            "step": "checkState",
            "accounts": {
                "address:other_seller": {
                    "nonce": "1",
                    "balance": "0",
                    "dcdt": {
                        "str:BBIT-1b9bb6": {
                            "instances": []
                        }
                    },
                    "storage": {}
                },
                "sc:marketplace": {
                    "nonce": "0",
                    "balance": "0",
                    "dcdt": {
                        "str:BBIT-1b9bb6": {
                            "instances": [
                                {
                                    "nonce": "1",
                                    "balance": "1",
                                    "creator": "address:nft_creator",
                                    "royalties": "1000",
                                    "hash": "0x36623836623237336666333466636531396436623830346566663561336635373437616461346561613232663164343963303165353264646237383735623462",
                                    "attributes": "str:attributes",
                                    "uri": [
                                        "str:https://ipfs.io/ipfs/QmVm4e8pcRR7Vojq4QuRV49QeyZW5XAHsEyV9eiZriSHzs"
                                    ]
                                }
                            ]
                        }
                    },
                    "storage": {
                        "str:bidCutPerecentage": "1000",
                        "str:lastValidAuctionId": "1",
                        "str:auctionById|u64:1": {
                            "00-auctioned_token": "nested:str:BBIT-1b9bb6|u64:1",
                            "01-nr_auctioned_tokens": "biguint:1",
                            "02-auction_type": "u8:1",
                            "03-auction_status": "u8:1",
                            "04-payment_token": "nested:str:BUSD-123456|u64:0",
                            "05-min_bid": "biguint:0x01",
                            "06-max_bid": "biguint:0x46",
                            "07-start_time": "u64:123,000",
                            "08-deadline": "u64:0x60C63784",
                            "09-original_owner": "address:other_seller",
                            "10-current_bid": "biguint:0",
                            "11-current_winner": "0x0000000000000000000000000000000000000000000000000000000000000000",
                            "12-marketplace_cut_percentage": "biguint:1000",
                            "13-creator_royalties_percentage": "biguint:1000"
                        }
                    },
                    "code": "file:../output/dcdt-nft-marketplace.wasm"
                },
                "+": {}
            }
        }
    ]
}
