{
    "name": "start lottery for the second time",
    "gasSchedule": "dummy",
    "steps": [
        {
            "step": "externalSteps",
            "path": "determine-winner-different-ticket-holders-winner-acc1.scen.json"
        },
        {
            "step": "scCall",
            "txId": "start limited tickets, fixed deadline. Again.",
            "tx": {
                "from": "address:my_address",
                "to": "sc:lottery",
                "value": "0",
                "function": "start",
                "arguments": [
                    "str:lottery_name",
                    "1000",
                    "0x01|u32:200",
                    "0x01|u64:12345678905",
                    "0x",
                    "0x",
                    "0x"
                ],
                "gasLimit": "100,000,000",
                "gasPrice": "0"
            },
            "expect": {
                "status": "",
                "gas": "*",
                "refund": "*"
            }
        },
        {
            "step": "checkState",
            "accounts": {
                "address:my_address": {
                    "nonce": "4",
                    "balance": "1,000,000",
                    "storage": {}
                },
                "address:acc1": {
                    "nonce": "1",
                    "balance": "1,000,000",
                    "storage": {}
                },
                "address:acc2": {
                    "nonce": "1",
                    "balance": "1,000,000",
                    "storage": {}
                },
                "sc:lottery": {
                    "nonce": "0",
                    "balance": "0",
                    "storage": {
                        "''lotteryInfo|u32:12|''lottery_name": "u32:2|u16:1000|u32:200|u64:12345678905|0xffffffff|u32:1|u8:100|u32:0|u32:0|u32:0|u32:0",
                        "''erc20_contract_address": "sc:erc20"
                    },
                    "code": "file:../output/lottery-erc20.wasm"
                },
                "sc:erc20": {
                    "nonce": "0",
                    "balance": "0",
                    "storage": {
                        "''balance|address:erc20_owner": "997,000,000",
                        "''balance|address:my_address": "1,000,000",
                        "''balance|address:acc1": "1,000,100",
                        "''balance|address:acc2": "999,900",
                        "''balance|sc:lottery": "0",
                        "''allowance|address:acc1|sc:lottery": "0",
                        "''allowance|address:acc2|sc:lottery": "0",
                        "''total_supply": "1,000,000,000"
                    },
                    "code": "file:../../erc20/output/erc20.wasm"
                },
                "address:erc20_owner": {
                    "nonce": "1",
                    "balance": "1,000,000",
                    "storage": {}
                }
            }
        }
    ]
}
