{
    "name": "start 2nd with limited tickets and fixed deadline",
    "gasSchedule": "dummy",
    "steps": [
        {
            "step": "externalSteps",
            "path": "start-limited-tickets-and-fixed-deadline.scen.json"
        },
        {
            "step": "scCall",
            "txId": "start 2nd limited tickets, fixed deadline",
            "tx": {
                "from": "address:acc1",
                "to": "sc:lottery",
                "value": "0",
                "function": "start",
                "arguments": [
                    "str:lottery_$$$$",
                    "500",
                    "0x01|u32:5",
                    "0x01|u64:234,567",
                    "0x",
                    "0x",
                    "0x"
                ],
                "gasLimit": "100,000,000",
                "gasPrice": "0"
            },
            "expect": {
                "status": "",
                "gas": "*",
                "refund": "*"
            }
        },
        {
            "step": "checkState",
            "accounts": {
                "address:my_address": {
                    "nonce": "2",
                    "balance": "1,000,000",
                    "storage": {}
                },
                "address:acc1": {
                    "nonce": "1",
                    "balance": "1,000,000",
                    "storage": {}
                },
                "address:acc2": {
                    "nonce": "0",
                    "balance": "1,000,000",
                    "storage": {}
                },
                "sc:lottery": {
                    "nonce": "0",
                    "balance": "0",
                    "storage": {
                        "''lotteryInfo|u32:12|''lottery_name": "u32:1|u8:100|u32:2|u64:123,456|0xffffffff|u32:1|u8:100|u32:0|u32:0|u32:0|u32:0",
                        "''lotteryInfo|u32:12|''lottery_$$$$": "u32:2|u16:500|u32:5|u64:234,567|0xffffffff|u32:1|u8:100|u32:0|u32:0|u32:0|u32:0",
                        "''erc20_contract_address": "sc:erc20"
                    },
                    "code": "file:../output/lottery-erc20.wasm"
                },
                "sc:erc20": {
                    "nonce": "0",
                    "balance": "0",
                    "storage": {
                        "''balance|address:erc20_owner": "1,000,000,000",
                        "''total_supply": "1,000,000,000"
                    },
                    "code": "file:../../erc20/output/erc20.wasm"
                },
                "address:erc20_owner": {
                    "nonce": "1",
                    "balance": "1,000,000",
                    "storage": {}
                }
            }
        }
    ]
}
