{
    "name": "storage",
    "gasSchedule": "v3",
    "steps": [
        {
            "step": "setState",
            "accounts": {
                "sc:basic-features": {
                    "nonce": "0",
                    "balance": "0",
                    "storage": {},
                    "code": "file:../output/basic-features.wasm"
                },
                "address:an_account": {
                    "nonce": "0",
                    "balance": "0",
                    "storage": {},
                    "code": ""
                }
            }
        },
        {
            "step": "scCall",
            "txId": "before",
            "tx": {
                "from": "address:an_account",
                "to": "sc:basic-features",
                "value": "0",
                "function": "vec_mapper",
                "arguments": [],
                "gasLimit": "50,000,000",
                "gasPrice": "0"
            },
            "expect": {
                "out": [],
                "status": "",
                "logs": [],
                "gas": "*",
                "refund": "*"
            }
        },
        {
            "step": "scCall",
            "txId": "increment-1",
            "tx": {
                "from": "address:an_account",
                "to": "sc:basic-features",
                "value": "0",
                "function": "vec_mapper_push",
                "arguments": [ "123" ],
                "gasLimit": "50,000,000",
                "gasPrice": "0"
            },
            "expect": {
                "out": [],
                "status": "",
                "logs": [],
                "gas": "*",
                "refund": "*"
            }
        },
        {
            "step": "scCall",
            "txId": "after-1",
            "tx": {
                "from": "address:an_account",
                "to": "sc:basic-features",
                "value": "0",
                "function": "vec_mapper",
                "arguments": [],
                "gasLimit": "50,000,000",
                "gasPrice": "0"
            },
            "expect": {
                "out": [ "123" ],
                "status": "",
                "logs": [],
                "gas": "*",
                "refund": "*"
            }
        },
        {
            "step": "scCall",
            "txId": "increment-2",
            "tx": {
                "from": "address:an_account",
                "to": "sc:basic-features",
                "value": "0",
                "function": "vec_mapper_push",
                "arguments": [ "111" ],
                "gasLimit": "50,000,000",
                "gasPrice": "0"
            },
            "expect": {
                "out": [],
                "status": "",
                "logs": [],
                "gas": "*",
                "refund": "*"
            }
        },
        {
            "step": "scCall",
            "txId": "after-2",
            "tx": {
                "from": "address:an_account",
                "to": "sc:basic-features",
                "value": "0",
                "function": "vec_mapper",
                "arguments": [],
                "gasLimit": "50,000,000",
                "gasPrice": "0"
            },
            "expect": {
                "out": [ "123", "111" ],
                "status": "",
                "logs": [],
                "gas": "*",
                "refund": "*"
            }
        },
        {
            "step": "scCall",
            "txId": "after-2-len",
            "tx": {
                "from": "address:an_account",
                "to": "sc:basic-features",
                "value": "0",
                "function": "vec_mapper_len",
                "arguments": [],
                "gasLimit": "50,000,000",
                "gasPrice": "0"
            },
            "expect": {
                "out": [ "2" ],
                "status": "",
                "logs": [],
                "gas": "*",
                "refund": "*"
            }
        },
        {
            "step": "checkState",
            "accounts": {
                "sc:basic-features": {
                    "nonce": "0",
                    "balance": "0",
                    "storage": {
                        "``vec_mapper.len": "2",
                        "``vec_mapper.item|u32:1": "123",
                        "``vec_mapper.item|u32:2": "111"
                    },
                    "code": "file:../output/basic-features.wasm"
                },
                "address:an_account": {
                    "nonce": "*",
                    "balance": "*",
                    "storage": {},
                    "code": ""
                }
            }
        },
        {
            "step": "scCall",
            "txId": "index-0",
            "tx": {
                "from": "address:an_account",
                "to": "sc:basic-features",
                "value": "0",
                "function": "vec_mapper_get",
                "arguments": [ "0" ],
                "gasLimit": "50,000,000",
                "gasPrice": "0"
            },
            "expect": {
                "out": [],
                "status": "4",
                "message": "str:index out of range",
                "logs": [],
                "gas": "*",
                "refund": "*"
            }
        },
        {
            "step": "scCall",
            "txId": "index-2",
            "tx": {
                "from": "address:an_account",
                "to": "sc:basic-features",
                "value": "0",
                "function": "vec_mapper_get",
                "arguments": [ "2" ],
                "gasLimit": "50,000,000",
                "gasPrice": "0"
            },
            "expect": {
                "out": [ "111" ],
                "status": "",
                "logs": [],
                "gas": "*",
                "refund": "*"
            }
        },
        {
            "step": "scCall",
            "txId": "index-3",
            "tx": {
                "from": "address:an_account",
                "to": "sc:basic-features",
                "value": "0",
                "function": "vec_mapper_get",
                "arguments": [ "3" ],
                "gasLimit": "50,000,000",
                "gasPrice": "0"
            },
            "expect": {
                "out": [],
                "status": "4",
                "message": "str:index out of range",
                "logs": [],
                "gas": "*",
                "refund": "*"
            }
        }
    ]
}
