{
    "name": "storage",
    "gasSchedule": "v3",
    "steps": [
        {
            "step": "setState",
            "accounts": {
                "sc:basic-features": {
                    "nonce": "0",
                    "balance": "0",
                    "storage": {
                        "``usize": "0x0100000000"
                    },
                    "code": "file:../output/basic-features.wasm"
                },
                "address:an_account": {
                    "nonce": "0",
                    "balance": "0",
                    "storage": {},
                    "code": ""
                }
            }
        },
        {
            "step": "scCall",
            "txId": "load-val",
            "tx": {
                "from": "address:an_account",
                "to": "sc:basic-features",
                "value": "0",
                "function": "load_usize",
                "arguments": [],
                "gasLimit": "50,000,000",
                "gasPrice": "0"
            },
            "expect": {
                "out": [],
                "status": "4",
                "message": "str:storage decode error: input too long",
                "logs": [],
                "gas": "*",
                "refund": "*"
            }
        }
    ]
}
