{
    "name": "testing view functions after second bid",
    "steps": [
        {
            "step": "externalSteps",
            "path": "bid_second.scen.json"
        },
        {
            "step": "scQuery",
            "txId": "doesAuctionExist",
            "tx": {
                "to": "sc:marketplace",
                "function": "doesAuctionExist",
                "arguments": [
                    "1"
                ]
            },
            "expect": {
                "out": [
                    "true"
                ],
                "status": "0",
                "message": ""
            }
        },
        {
            "step": "scQuery",
            "txId": "doesAuctionExist",
            "tx": {
                "to": "sc:marketplace",
                "function": "doesAuctionExist",
                "arguments": [
                    "5"
                ]
            },
            "expect": {
                "out": [
                    "false"
                ],
                "status": "0",
                "message": ""
            }
        },
        {
            "step": "scQuery",
            "txId": "getAuctionedToken",
            "tx": {
                "to": "sc:marketplace",
                "function": "getAuctionedToken",
                "arguments": [
                    "1"
                ]
            },
            "expect": {
                "out": [
                    "str:NFT-123456",
                    "1",
                    "1"
                ],
                "status": "0",
                "message": ""
            }
        },
        {
            "step": "scQuery",
            "txId": "getAuctionType",
            "tx": {
                "to": "sc:marketplace",
                "function": "getAuctionType",
                "arguments": [
                    "1"
                ]
            },
            "expect": {
                "out": [
                    "1"
                ],
                "status": "0",
                "message": ""
            }
        },
        {
            "step": "scQuery",
            "txId": "getAuctionStatus",
            "tx": {
                "to": "sc:marketplace",
                "function": "getAuctionStatus",
                "arguments": [
                    "1"
                ]
            },
            "expect": {
                "out": [
                    "1"
                ],
                "status": "0",
                "message": ""
            }
        },
        {
            "step": "scQuery",
            "txId": "getPaymentTokenForAuction",
            "tx": {
                "to": "sc:marketplace",
                "function": "getPaymentTokenForAuction",
                "arguments": [
                    "1"
                ]
            },
            "expect": {
                "out": [
                    "str:REWA",
                    "0"
                ],
                "status": "0",
                "message": ""
            }
        },
        {
            "step": "scQuery",
            "txId": "getMinMaxBid",
            "tx": {
                "to": "sc:marketplace",
                "function": "getMinMaxBid",
                "arguments": [
                    "1"
                ]
            },
            "expect": {
                "out": [
                    "100",
                    "1000"
                ],
                "status": "0",
                "message": ""
            }
        },
        {
            "step": "scQuery",
            "txId": "getDeadline",
            "tx": {
                "to": "sc:marketplace",
                "function": "getDeadline",
                "arguments": [
                    "1"
                ]
            },
            "expect": {
                "out": [
                    "123,456"
                ],
                "status": "0",
                "message": ""
            }
        },
        {
            "step": "scQuery",
            "txId": "getOriginalOwner",
            "tx": {
                "to": "sc:marketplace",
                "function": "getOriginalOwner",
                "arguments": [
                    "1"
                ]
            },
            "expect": {
                "out": [
                    "address:seller"
                ],
                "status": "0",
                "message": ""
            }
        },
        {
            "step": "scQuery",
            "txId": "getCurrentWinningBid",
            "tx": {
                "to": "sc:marketplace",
                "function": "getCurrentWinningBid",
                "arguments": [
                    "1"
                ]
            },
            "expect": {
                "out": [
                    "200"
                ],
                "status": "0",
                "message": ""
            }
        },
        {
            "step": "scQuery",
            "txId": "getCurrentWinner",
            "tx": {
                "to": "sc:marketplace",
                "function": "getCurrentWinner",
                "arguments": [
                    "1"
                ]
            },
            "expect": {
                "out": [
                    "address:second_bidder"
                ],
                "status": "0",
                "message": ""
            }
        },
        {
            "step": "scQuery",
            "txId": "getFullAuctionData",
            "tx": {
                "to": "sc:marketplace",
                "function": "getFullAuctionData",
                "arguments": [
                    "1"
                ]
            },
            "expect": {
                "out": [
                    {
                        "00-auctioned_token": "nested:str:NFT-123456|u64:1",
                        "01-nr_auctioned_tokens": "biguint:1",
                        "02-auction_type": "u8:1",
                        "03-auction_status": "u8:1",
                        "04-payment_token": "nested:str:REWA|u64:0",
                        "05-min_bid": "biguint:100",
                        "06-max_bid": "biguint:1000",
                        "07-start_time": "u64:123,000",
                        "08-deadline": "u64:123,456",
                        "09-original_owner": "address:seller",
                        "10-current_bid": "biguint:200",
                        "11-current_winner": "address:second_bidder",
                        "12-marketplace_cut_percentage": "biguint:1000",
                        "13-creator_royalties_percentage": "biguint:2000"
                    }
                ],
                "status": "0",
                "message": ""
            }
        }
    ]
}
