{
    "steps": [
        {
            "step": "externalSteps",
            "path": "steps/init_accounts.steps.json"
        },
        {
            "step": "scDeploy",
            "txId": "multisig-deploy",
            "tx": {
                "from": "address:owner",
                "contractCode": "file:../output/multisig-external-view.wasm",
                "arguments": [
                    "1",
                    "address:alice"
                ],
                "gasLimit": "50,000,000",
                "gasPrice": "0"
            },
            "expect": {
                "out": [],
                "status": "",
                "logs": "*",
                "gas": "*",
                "refund": "*"
            }
        },
        {
            "step": "scCall",
            "txId": "rem-alice-prop",
            "tx": {
                "from": "address:alice",
                "to": "sc:multisig",
                "function": "proposeRemoveUser",
                "arguments": [
                    "address:alice"
                ],
                "gasLimit": "50,000,000",
                "gasPrice": "0"
            },
            "expect": {
                "out": [
                    "1"
                ],
                "status": "",
                "logs": "*",
                "gas": "*",
                "refund": "*"
            }
        },
        {
            "step": "scCall",
            "txId": "rem-alice-sign-alice",
            "tx": {
                "from": "address:alice",
                "to": "sc:multisig",
                "function": "sign",
                "arguments": [
                    "1"
                ],
                "gasLimit": "50,000,000",
                "gasPrice": "0"
            },
            "expect": {
                "out": [],
                "status": "",
                "logs": "*",
                "gas": "*",
                "refund": "*"
            }
        },
        {
            "step": "scCall",
            "txId": "rem-alice--perform",
            "tx": {
                "from": "address:alice",
                "to": "sc:multisig",
                "function": "performAction",
                "arguments": [
                    "1"
                ],
                "gasLimit": "50,000,000",
                "gasPrice": "0"
            },
            "expect": {
                "out": [],
                "status": "4",
                "message": "str:cannot remove all board members and proposers",
                "logs": "*",
                "gas": "*",
                "refund": "*"
            }
        }
    ]
}
