{
    "name": "issue lp token",
    "steps": [
        {
            "step": "scCall",
            "txId": "issue-lp-token",
            "tx": {
                "from": "address:owner",
                "to": "sc:router_contract",
                "rewaValue": "5,000,000,000,000,000,000",
                "function": "issueLpToken",
                "arguments": [
                    "sc:pair_contract",
                    "0x4c49515544495459504f4f4c544f4b454e",
                    "0x4c50544f4b454e"
                ],
                "gasLimit": "100,000,000",
                "gasPrice": "0"
            },
            "expect": {
                "out": [
                    "0x52455741"
                ],
                "status": "0",
                "message": "",
                "gas": "*",
                "refund": "*"
            }
        },
        {
            "step": "scCall",
            "txId": "get-issued-lp-token",
            "tx": {
                "from": "address:owner",
                "to": "sc:pair_contract",
                "function": "getLpTokenIdentifier",
                "arguments": [],
                "gasLimit": "100,000,000",
                "gasPrice": "0"
            },
            "expect": {
                "out": [
                    "0x52455741"
                ],
                "status": "0",
                "message": "",
                "gas": "*",
                "refund": "*"
            }
        }
    ]
}
